Timestamp,Sensor_Temp_C,Sensor_Vibration_mm,Sensor_Voltage_V,Catastrophic_Failure
2023-01-01 00:00:00,66.49014245903369,1.0643010539025557,220.69657249533364,0.0
2023-01-01 01:00:00,64.58520709648644,1.1389001073892693,220.56664718507133,0.0
2023-01-01 02:00:00,66.94306561430207,1.0805237877909715,218.12696030838902,0.0
2023-01-01 03:00:00,69.56908956922408,1.2220836093892238,221.15916844352748,0.0
2023-01-01 04:00:00,64.29753987583,1.4394357062923826,217.01983464884677,0.0
2023-01-01 05:00:00,64.29758912915246,1.045791568571759,218.69163134847935,0.0
2023-01-01 06:00:00,69.73763844652217,1.4001640995536828,216.00182437420438,0.0
2023-01-01 07:00:00,67.30230418745873,1.0436655855306225,223.11725303392564,0.0
2023-01-01 08:00:00,63.591576842195146,1.0304745575006231,219.5369010121094,0.0
2023-01-01 09:00:00,66.6276801307579,1.3637189236686427,224.3337680696326,0.0
2023-01-01 10:00:00,63.60974692156261,1.3843872756015232,221.60589985303898,0.0
2023-01-01 11:00:00,63.60281073928923,1.3702819873525307,220.89619642670206,0.0
2023-01-01 12:00:00,65.7258868146981,0.9368405183563717,218.82754461143801,0.0
2023-01-01 13:00:00,59.260159266026605,1.1068098043855898,217.90729992862515,0.0
2023-01-01 14:00:00,59.8252465024609,1.3645977184006641,221.04594314779388,0.0
2023-01-01 15:00:00,63.31313741227708,1.2083083681127789,219.85697198145402,0.0
2023-01-01 16:00:00,61.96150663899673,0.9852614307605071,217.3214593690294,0.0
2023-01-01 17:00:00,65.94274199778582,1.2916635878250884,216.96628316698337,0.0
2023-01-01 18:00:00,62.275927773436365,1.057038548201706,218.08259254171284,0.0
2023-01-01 19:00:00,60.76308889599412,1.5589049696784425,223.64193445053246,0.0
2023-01-01 20:00:00,69.39694630676466,1.5089682924836516,224.4265558360226,0.0
2023-01-01 21:00:00,64.3226710985404,1.3208194852711135,220.40997829461782,0.0
2023-01-01 22:00:00,65.20258461406377,1.4722013409539547,220.29788559248257,0.0
2023-01-01 23:00:00,60.72575544135963,1.2129582700246762,219.32735925634097,0.0
2023-01-02 00:00:00,63.36685182642445,1.353087498875003,218.13102930338098,0.0
2023-01-02 01:00:00,65.3327677691296,1.495544059060415,222.75035811521448,0.0
2023-01-02 02:00:00,61.54701926773309,1.2490997363588625,223.74715278779428,0.0
2023-01-02 03:00:00,66.12709405503702,1.1489625656971432,218.21316182832143,0.0
2023-01-02 04:00:00,63.198083930243584,0.8590756083645767,219.8343232431508,0.0
2023-01-02 05:00:00,64.12491875062017,1.1833732948557012,219.10026739857966,0.0
2023-01-02 06:00:00,63.19488016331181,1.3646846369124623,219.15952185027004,0.0
2023-01-02 07:00:00,70.55683455352681,1.389126685513526,222.37181651085973,0.0
2023-01-02 08:00:00,64.9595083257862,1.3008730131436819,217.37607690926777,0.0
2023-01-02 09:00:00,61.826867213132296,1.091740181007552,220.93293938187261,0.0
2023-01-02 10:00:00,67.46763473630956,0.8046356862104818,221.45647621461174,0.0
2023-01-02 11:00:00,61.33746905008693,1.1009569803990529,219.71569765279636,0.0
2023-01-02 12:00:00,65.62659078501427,1.1391310257892098,221.78613565397356,0.0
2023-01-02 13:00:00,59.120989628360675,1.1374142065619972,220.2953036810749,0.0
2023-01-02 14:00:00,61.01544185330471,1.3237112713955848,222.43425984231223,0.0
2023-01-02 15:00:00,65.59058370760737,1.5971352822029679,216.9555893901483,0.0
2023-01-02 16:00:00,67.21539973998622,1.2247058403682185,219.30244947798627,0.0
2023-01-02 17:00:00,65.51410484356991,1.1566536421687077,219.85637371429794,0.0
2023-01-02 18:00:00,64.65305515283528,1.1481556373991815,214.6555852310573,0.0
2023-01-02 19:00:00,64.09668891323213,1.224876953381543,217.82809453284293,0.0
2023-01-02 20:00:00,60.56443402889772,1.0343412479303202,218.37280149128242,0.0
2023-01-02 21:00:00,62.84046737481587,1.224039711749211,221.8964119896467,0.0
2023-01-02 22:00:00,63.61808368712064,1.2901624672663599,218.5863133073708,0.0
2023-01-02 23:00:00,68.17136667865675,1.2419372127148975,218.36384202538804,0.0
2023-01-03 00:00:00,66.03085486870539,1.2915083868009563,221.6349715613124,0.0
2023-01-03 01:00:00,59.7108795339118,1.286749521869707,216.76417870841988,0.0
2023-01-03 02:00:00,65.97225190818439,0.8456206635507112,215.85751186511285,0.0
2023-01-03 03:00:00,63.84475315875105,1.3273740316790805,219.2768153998613,0.0
2023-01-03 04:00:00,62.96923399908212,1.0657970308675093,217.10458646384328,0.0
2023-01-03 05:00:00,66.8350288665226,0.9808321673992084,217.1806414106807,0.0
2023-01-03 06:00:00,68.09299856748785,0.9791096344290007,221.14686758337595,0.0
2023-01-03 07:00:00,67.7938403573486,1.286708322094506,221.75194767582516,0.0
2023-01-03 08:00:00,62.482347430332084,1.1554850145550293,221.57772843170426,0.0
2023-01-03 09:00:00,64.07236287244636,0.8636062432029178,222.21755332061446,0.0
2023-01-03 10:00:00,65.9937902942107,1.2956075630384567,222.48226864002962,0.0
2023-01-03 11:00:00,67.92663538136708,0.9120783738402345,215.74281958234613,0.0
2023-01-03 12:00:00,63.56247728646413,1.227964271703642,220.90082391985894,0.0
2023-01-03 13:00:00,64.44302307000855,1.2476997851346108,218.94078360086087,0.0
2023-01-03 14:00:00,61.68099507798192,1.377115416339009,218.50515150801914,0.0
2023-01-03 15:00:00,61.41138012775799,1.5563369572933703,221.1208292644174,0.0
2023-01-03 16:00:00,67.43757746718259,0.9270647348198916,216.53940904020848,0.0
2023-01-03 17:00:00,69.06872008571247,1.18950522878739,216.49778278825536,0.0
2023-01-03 18:00:00,64.783969635259,1.1447329409911564,221.26714548816344,0.0
2023-01-03 19:00:00,68.01059869367607,1.2867499371921924,220.9755720350218,0.0
2023-01-03 20:00:00,66.0849080751429,1.2431337541867236,220.27346531174302,0.0
2023-01-03 21:00:00,63.06464073618463,1.129490751452676,218.24017319055372,0.0
2023-01-03 22:00:00,66.08418681652525,1.1118195622778289,221.48765926916425,0.0
2023-01-03 23:00:00,69.61410969939791,0.9767098289631905,221.36060578412096,0.0
2023-01-04 00:00:00,64.89252188267015,1.3975723164813019,220.1706090300949,0.0
2023-01-04 01:00:00,69.69393096744201,1.2918408363199059,217.64535791746044,0.0
2023-01-04 02:00:00,57.140764687730766,1.3835536395590275,219.149503308541,0.0
2023-01-04 03:00:00,67.46570751312566,1.1379207727048972,221.6756673550489,0.0
2023-01-04 04:00:00,65.26114120471452,1.068632906261114,222.65438244560357,0.0
2023-01-04 05:00:00,64.1029779486024,0.9843369866741544,219.34692679324735,0.0
2023-01-04 06:00:00,65.27528232960651,1.271783516748132,219.50065406438347,0.0
2023-01-04 07:00:00,59.03729325619732,0.992041355094353,219.67662178394988,0.0
2023-01-04 08:00:00,64.34098433648747,1.56973261379331,220.54978601782196,0.0
2023-01-04 09:00:00,66.07133771453523,0.9384714837813118,218.83786539987995,0.0
2023-01-04 10:00:00,69.43368213422455,1.2547320238425004,214.21162988485682,0.0
2023-01-04 11:00:00,63.44518934517906,1.5133709414427572,222.3855380032942,0.0
2023-01-04 12:00:00,62.574519191320434,1.3198179518527617,223.5893778943251,0.0
2023-01-04 13:00:00,63.49472886924639,1.2351347424983559,218.77520028078857,0.0
2023-01-04 14:00:00,67.74620635310622,1.0063032706076207,217.86669326216244,0.0
2023-01-04 15:00:00,65.98625332897905,0.9236461622864591,219.72579895521955,0.0
2023-01-04 16:00:00,63.41071938869889,1.3540100217835171,219.62499223254247,0.0
2023-01-04 17:00:00,66.53980229934007,1.5012294481549893,221.9910371543259,0.0
2023-01-04 18:00:00,65.29123264804412,1.1122300019043656,220.10927888329007,0.0
2023-01-04 19:00:00,67.90593497159867,0.9721876984767297,218.41475433925763,0.0
2023-01-04 20:00:00,62.89384071836794,0.7083661138901962,217.3631810988839,0.0
2023-01-04 21:00:00,64.01701356020669,1.0038470312674925,221.73126836963934,0.0
2023-01-04 22:00:00,63.823675540603524,1.177268631500192,221.1990224823285,0.0
2023-01-04 23:00:00,60.60945515560364,1.5198246481673467,222.12111975618365,0.0
2023-01-05 00:00:00,65.88836083119372,1.3346267384465937,218.06362649855782,0.0
2023-01-05 01:00:00,65.78316581653966,1.2610170809413506,223.67687379905666,0.0
2023-01-05 02:00:00,65.01534036992739,1.1199760677397737,216.51261098588552,0.0
2023-01-05 03:00:00,64.29623859987456,1.0833668565488086,221.41920204280297,0.0
2023-01-05 04:00:00,60.75388777384876,1.4811295195015928,216.1808344656062,0.0
2023-01-05 05:00:00,63.73806403170392,1.2401477081516779,218.41933723660307,0.0
2023-01-05 06:00:00,63.97185645041969,0.7794798616157955,223.12204586089592,0.0
2023-01-05 07:00:00,62.59316819233514,1.0652920704205513,221.66272850895197,0.0
2023-01-05 08:00:00,64.51614286500197,1.0283567936456746,218.90755916902563,0.0
2023-01-05 09:00:00,66.21215257044362,1.090747198164507,218.96232591435663,0.0
2023-01-05 10:00:00,70.65855770363159,1.312582132057017,220.2012442216709,0.0
2023-01-05 11:00:00,65.52373343849551,1.17851102364115,221.02828198152145,0.0
2023-01-05 12:00:00,65.7726511721683,1.1846269185992675,222.50315876536538,0.0
2023-01-05 13:00:00,64.7766622527015,1.4626946322650474,219.08753199078302,0.0
2023-01-05 14:00:00,59.24368635410288,1.0607077820426623,216.7764298730256,0.0
2023-01-05 15:00:00,64.92045837365235,1.57283990517747,220.3139372540975,0.0
2023-01-05 16:00:00,65.18069062982308,1.0657384817257827,219.0851383249832,0.0
2023-01-05 17:00:00,72.38972633745585,1.2178396393225142,217.3987325905031,0.0
2023-01-05 18:00:00,64.42291710565664,1.1437592809194466,220.5953378306256,0.0
2023-01-05 19:00:00,65.90464202700083,1.2246838267001923,219.57377249181442,0.0
2023-01-05 20:00:00,64.89586469088427,1.2889183990146258,220.61302441293958,0.0
2023-01-05 21:00:00,61.49396588714141,1.2867670480177753,218.21111159962564,0.0
2023-01-05 22:00:00,68.42846844354506,1.049376533875884,220.973421060651,0.0
2023-01-05 23:00:00,67.25579909806032,0.9754170645104858,217.36580360649003,0.0
2023-01-06 00:00:00,67.37309584112914,1.700634358181142,218.34453722060684,0.0
2023-01-06 01:00:00,62.27183763561578,1.1032031320798894,219.51417153782543,0.0
2023-01-06 02:00:00,69.20838293280829,1.3398424877343973,223.48363682991942,0.0
2023-01-06 03:00:00,60.79444681162316,0.8784717378953606,221.569650737097,0.0
2023-01-06 04:00:00,66.76057128140081,1.1440774560190645,222.15438500853557,0.0
2023-01-06 05:00:00,71.57136687742994,1.1745601232035114,222.8341540666863,0.0
2023-01-06 06:00:00,62.028391024607934,1.2945630139855664,227.20566427162174,0.0
2023-01-06 07:00:00,63.30110681119169,0.6555091718016122,220.08317813511687,0.0
2023-01-06 08:00:00,65.29895409526293,1.233228122615666,222.84080184625972,0.0
2023-01-06 09:00:00,63.489573037651404,0.9700517089264213,222.02527050880389,0.0
2023-01-06 10:00:00,60.348009706801605,1.2648691422389846,221.99206500661506,0.0
2023-01-06 11:00:00,65.20568892441808,0.9927341606323674,223.54847923608037,0.0
2023-01-06 12:00:00,61.813088858821686,1.0289034608148837,219.16137393803103,0.0
2023-01-06 13:00:00,66.42077729190555,1.1452744779213464,219.00262995212725,0.0
2023-01-06 14:00:00,62.24172729729859,0.9895341060793609,220.6395310269637,0.0
2023-01-06 15:00:00,69.64980321505261,1.104893110652929,219.63460045615622,0.0
2023-01-06 16:00:00,62.65024012299129,0.9613248462913369,220.63700170599634,0.0
2023-01-06 17:00:00,64.03381545138298,0.8333659096602544,223.12549757010603,0.0
2023-01-06 18:00:00,67.44055165210901,1.403591410485872,219.04370655458743,0.0
2023-01-06 19:00:00,61.30740705069813,0.9407902614352143,219.39064207481255,0.0
2023-01-06 20:00:00,65.68237980381238,1.1642638224784032,220.34862200705317,0.0
2023-01-06 21:00:00,68.92142826284729,1.350578216298757,219.54336314794966,0.0
2023-01-06 22:00:00,60.17755029631632,1.0770111794967914,216.17198834397303,0.0
2023-01-06 23:00:00,65.55390157559691,1.0349668200508924,218.83974471460212,0.0
2023-01-07 00:00:00,65.77964838274526,1.2452476177334844,221.374746484475,0.0
2023-01-07 01:00:00,67.34546861533192,1.4235867645454303,222.87509350186528,0.0
2023-01-07 02:00:00,61.289147867365756,0.9661369469827061,217.69076286492455,0.0
2023-01-07 03:00:00,61.03863016074717,1.1699704335965122,217.6814352015383,0.0
2023-01-07 04:00:00,66.5658246968507,0.8535010810065344,220.06046760543467,0.0
2023-01-07 05:00:00,65.89095401969956,1.121359799263562,215.84880987024434,0.0
2023-01-07 06:00:00,65.75147855103764,1.206840936907615,219.11005959402576,0.0
2023-01-07 07:00:00,66.03934462849092,1.029075071648987,216.5279158808972,0.0
2023-01-07 08:00:00,62.95992583526453,1.1086016332349538,222.73812259968494,0.0
2023-01-07 09:00:00,65.69676109148301,0.9183546463385099,218.46133769129918,0.0
2023-01-07 10:00:00,65.87921741989604,1.2154157222762987,223.30566837267804,0.0
2023-01-07 11:00:00,62.856945745920896,1.41113884977663,222.22704270691668,0.0
2023-01-07 12:00:00,70.59732353343426,0.9805712260459072,218.70736540460516,0.0
2023-01-07 13:00:00,66.42149876273537,1.0754656466895234,217.85608072630785,0.0
2023-01-07 14:00:00,61.42608950839205,1.3005092492908363,219.61290850166483,0.0
2023-01-07 15:00:00,66.96966082590149,1.4424181438645471,219.79070675148358,0.0
2023-01-07 16:00:00,62.075954989318035,0.9013620375582136,220.6922938879048,0.0
2023-01-07 17:00:00,67.36125381122736,1.1662430525168102,218.44691342093964,0.0
2023-01-07 18:00:00,68.47578673702222,1.256626164463905,221.4927897470444,0.0
2023-01-07 19:00:00,62.53795304494487,1.1795887218742305,220.5306561099998,0.0
2023-01-07 20:00:00,67.89012838773297,0.7046415866245825,219.31920968656829,0.0
2023-01-07 21:00:00,66.23834278080949,1.3002180018617544,218.57591868916396,0.0
2023-01-07 22:00:00,67.46618047998346,1.5038672702181288,219.63023003380263,0.0
2023-01-07 23:00:00,70.69037894796185,1.2233323502339006,218.36619749634485,0.0
2023-01-08 00:00:00,64.26383565199139,0.9937787893411473,220.11687738976718,0.0
2023-01-08 01:00:00,62.738791506927534,1.0973745507271433,220.17087737043983,0.0
2023-01-08 02:00:00,62.33145671112343,1.5539826135311186,220.52341456695268,0.0
2023-01-08 03:00:00,62.55256914510368,1.3819925081721116,223.53248481934372,0.0
2023-01-08 04:00:00,64.76869487175769,1.3280053236768659,219.73511056060084,0.0
2023-01-08 05:00:00,66.02345592444993,1.271282516706875,222.00919573424898,0.0
2023-01-08 06:00:00,65.83007239799005,1.0677725775618054,220.4591747939514,0.0
2023-01-08 07:00:00,67.48154974710808,1.1598857638688462,219.5235113962031,0.0
2023-01-08 08:00:00,65.03900567563372,1.1844154528642967,219.76168146009752,0.0
2023-01-08 09:00:00,69.36060223147194,1.3099148632128887,219.8823471816639,0.0
2023-01-08 10:00:00,64.20602950028614,1.5017837788533805,220.55953541545642,0.0
2023-01-08 11:00:00,73.16050749976885,1.4236676273586255,218.08135846956205,0.0
2023-01-08 12:00:00,66.87700204329502,0.9161231288407918,217.06931923311006,0.0
2023-01-08 13:00:00,62.42852733075115,1.2447989937802098,221.30859478694856,0.0
2023-01-08 14:00:00,61.78732250581666,1.3473526690335793,221.79624766516253,0.0
2023-01-08 15:00:00,66.44741724572955,1.323772066028927,221.4912716656056,0.0
2023-01-08 16:00:00,64.32961164402245,1.0741532473225162,220.30994403711296,0.0
2023-01-08 17:00:00,67.14200148227627,1.7828218431536724,221.53444925490658,0.0
2023-01-08 18:00:00,66.41971287372064,0.9445830875337762,221.42685805203428,0.0
2023-01-08 19:00:00,64.78151326202938,0.9833623106667899,221.57525871790992,0.0
2023-01-08 20:00:00,62.459618845794786,1.2467190162523152,218.28091835731578,0.0
2023-01-08 21:00:00,60.4554583259424,1.6233606109927707,217.80609640569074,0.0
2023-01-08 22:00:00,63.660455143798934,1.0327610298591658,219.22286150649546,0.0
2023-01-08 23:00:00,67.56919638297042,1.1468343268706014,219.96523178091468,0.0
2023-01-09 00:00:00,65.64228123239062,1.4154587346031384,219.51615774573543,0.0
2023-01-09 01:00:00,61.262783663864035,1.1964275690224533,216.24661933732426,0.0
2023-01-09 02:00:00,65.51954277755354,1.1330792290939409,223.4433852242703,0.0
2023-01-09 03:00:00,66.15595213918651,1.313126580377344,219.45190802222854,0.0
2023-01-09 04:00:00,62.3484276913966,1.2545035980459185,220.3454088331539,0.0
2023-01-09 05:00:00,65.46117531783658,1.4060877571273582,222.48909798152613,0.0
2023-01-09 06:00:00,65.174626155338,1.4582937778130727,215.31005546095759,0.0
2023-01-09 07:00:00,61.57108910650813,1.2614006120010723,218.97661225617657,0.0
2023-01-09 08:00:00,66.07336208104485,1.2583465450756617,219.2257654528404,0.0
2023-01-09 09:00:00,66.6823535791047,1.2428221964572266,219.3273799090987,0.0
2023-01-09 10:00:00,68.24915372952583,1.2978261113298575,219.6530268185721,0.0
2023-01-09 11:00:00,68.1614061561047,1.2110341275742926,222.8942695968897,0.0
2023-01-09 12:00:00,60.866991896128724,1.199878303535542,221.34691775145444,0.0
2023-01-09 13:00:00,62.18652488025463,1.4393254241654485,221.91607053725767,0.0
2023-01-09 14:00:00,66.54510580162598,1.5032232360710087,220.09424054362185,0.0
2023-01-09 15:00:00,66.54135785273662,0.8984894110733157,217.201253907709,0.0
2023-01-09 16:00:00,66.54514305891814,1.2020042303481138,215.84060592970798,0.0
2023-01-09 17:00:00,76.55819447196416,1.062261113310953,216.94118455353674,0.0
2023-01-09 18:00:00,66.7126715320795,1.1378057067027856,220.71953140833205,0.0
2023-01-09 19:00:00,68.40669692054179,1.2805032419470643,220.06353942539528,0.0
2023-01-09 20:00:00,67.8620052904796,1.3338876743084938,219.579672704888,0.0
2023-01-09 21:00:00,66.95417375391739,1.177574711277731,219.26284618651974,0.0
2023-01-09 22:00:00,64.05419226607896,0.8173319330554394,224.0234431508855,0.0
2023-01-09 23:00:00,67.2769076614798,1.006990883884764,218.35419281804704,0.0
2023-01-10 00:00:00,62.681524356387285,1.3792999340400331,221.8556389122321,0.0
2023-01-10 01:00:00,64.28954417977997,0.6519147155930137,220.003825872042,0.0
2023-01-10 02:00:00,63.54390935651269,1.4374854303364,219.878120976428,0.0
2023-01-10 03:00:00,65.24562241815897,1.3042459981289083,222.35327509723348,0.0
2023-01-10 04:00:00,71.94397570002053,1.4632352163060043,222.92506076538288,0.0
2023-01-10 05:00:00,59.39820442222476,1.160286162623808,219.5209010862303,0.0
2023-01-10 06:00:00,67.05878057112353,0.7877189151954189,221.5984054384843,0.0
2023-01-10 07:00:00,60.16185238643104,1.2860725283012995,220.7277827243001,0.0
2023-01-10 08:00:00,63.5842044026317,1.4549306248076683,220.01487427761984,0.0
2023-01-10 09:00:00,68.2668517909021,1.3849443611026842,220.40850988531406,0.0
2023-01-10 10:00:00,65.19284005728639,1.067461703302393,218.62398237031033,0.0
2023-01-10 11:00:00,61.76676566621208,1.2173522150925293,219.38780121333784,0.0
2023-01-10 12:00:00,62.854088872220096,1.0934327462440152,218.83872944049457,0.0
2023-01-10 13:00:00,67.03879324680403,1.0361467071621255,221.80275343285783,0.0
2023-01-10 14:00:00,62.80890010484859,1.39107771423597,219.80959776891788,0.0
2023-01-10 15:00:00,65.64937576874593,0.9604935377469676,217.40457195076993,0.0
2023-01-10 16:00:00,65.13671551971144,1.0212367138836775,218.55312555367382,0.0
2023-01-10 17:00:00,63.04519895718255,0.9791948733055229,213.60147070957564,0.0
2023-01-10 18:00:00,71.43183226797598,0.9019504953401907,219.0110147962357,0.0
2023-01-10 19:00:00,66.90175706695403,1.2292828583685207,220.0752901301943,0.0
2023-01-10 20:00:00,58.924572240027175,1.4323006096963953,219.72772830226606,0.0
2023-01-10 21:00:00,65.55936294430828,1.1630246487509468,223.9603087030628,0.0
2023-01-10 22:00:00,63.01464060569484,0.8988504398871666,221.14981208183008,0.0
2023-01-10 23:00:00,67.55730000438867,1.3679889079484056,221.0609037061783,0.0
2023-01-11 00:00:00,62.6224377847019,1.5371403508069943,216.71346193085944,0.0
2023-01-11 01:00:00,64.6557906755993,1.0707515351706811,219.27071589176575,0.0
2023-01-11 02:00:00,66.51496183694137,1.1042891466564564,219.0266743853526,0.0
2023-01-11 03:00:00,67.59726558251036,1.3031321260166788,218.427837602384,0.0
2023-01-11 04:00:00,61.39911077883267,1.5243747495570101,218.40023866897332,0.0
2023-01-11 05:00:00,63.996496292477154,1.0960331708549547,216.38375409211676,0.0
2023-01-11 06:00:00,63.57516406651713,0.933510043800359,217.44829359063735,0.0
2023-01-11 07:00:00,63.04001230227887,1.3262837212544811,221.7481868055299,0.0
2023-01-11 08:00:00,70.29636272084329,1.3598136146284598,219.71417061601363,0.0
2023-01-11 09:00:00,66.21494513288286,1.2012262900870454,218.98719516345133,0.0
2023-01-11 10:00:00,61.217348136994865,1.0883733480685098,219.9891773306946,0.0
2023-01-11 11:00:00,67.75358584116432,1.3988757461984092,222.3347813574023,0.0
2023-01-11 12:00:00,71.3664685910379,1.3056072009095927,220.00842104175157,0.0
2023-01-11 13:00:00,68.09739578165345,1.0463128966193014,221.08074826186208,0.0
2023-01-11 14:00:00,60.44189010213796,1.2098189462611342,218.30679031522348,0.0
2023-01-11 15:00:00,63.54729778140125,0.9296584935950707,218.76274009850655,0.0
2023-01-11 16:00:00,68.80073344755986,1.337178091287584,220.70795377012735,0.0
2023-01-11 17:00:00,62.87699160314366,1.1475532861234288,223.78530741667421,0.0
2023-01-11 18:00:00,66.33145828443868,1.1128578335230526,222.85954971902976,0.0
2023-01-11 19:00:00,67.32390216028801,1.193425102969513,221.16565613891228,0.0
2023-01-11 20:00:00,62.219208585265754,1.2080615398660495,220.30286752032143,0.0
2023-01-11 21:00:00,64.82142393181459,1.3789860123131121,222.80213871125434,0.0
2023-01-11 22:00:00,55.276197979792784,1.3182181062650442,221.58935664609024,0.0
2023-01-11 23:00:00,61.92683707599713,1.1687181442414394,215.4126759552587,0.0
2023-01-12 00:00:00,64.24229554582053,1.352733629943799,217.89213830428955,0.0
2023-01-12 01:00:00,61.256650454105454,1.2801474507383226,220.67628065071585,0.0
2023-01-12 02:00:00,69.8972339117949,1.1146800727427926,216.42606486889807,0.0
2023-01-12 03:00:00,60.7095758661181,1.1750563683527027,218.20482199048627,0.0
2023-01-12 04:00:00,63.67986653990905,1.170355422231376,218.60037011268406,0.0
2023-01-12 05:00:00,65.39222173185827,1.3010522686348402,219.48766818750832,0.0
2023-01-12 06:00:00,69.32381986719835,1.1265954770556716,219.42513958354758,0.0
2023-01-12 07:00:00,60.69241354646168,1.1219181627156734,219.42175914566636,0.0
2023-01-12 08:00:00,68.48949125646487,1.5937514618867916,221.65061503448064,0.0
2023-01-12 09:00:00,65.03069918305876,1.387947096349421,219.46955226909893,0.0
2023-01-12 10:00:00,62.05547404685615,1.047879867114972,219.23073973585753,0.0
2023-01-12 11:00:00,66.38631042278982,1.3141881987884396,217.30165579171296,0.0
2023-01-12 12:00:00,65.59717908672042,1.2236700131310354,222.04869240397164,0.0
2023-01-12 13:00:00,63.19934936852361,1.2783102350520188,218.65700497210503,0.0
2023-01-12 14:00:00,65.20940625497006,1.2274682649130209,217.82593934399745,0.0
2023-01-12 15:00:00,63.844059209414716,1.4379285290970472,220.42618114973794,0.0
2023-01-12 16:00:00,65.34055203575375,1.2691240689302892,218.4661174752339,0.0
2023-01-12 17:00:00,66.98639202356314,1.1875822603571424,218.94809452041142,0.0
2023-01-12 18:00:00,69.75805044843605,1.4084381153966035,220.51692034863814,0.0
2023-01-12 19:00:00,61.28655350351945,1.2466570082175743,219.3470347524409,0.0
2023-01-12 20:00:00,71.3991001239688,1.2242957158658114,224.62321875060127,0.0
2023-01-12 21:00:00,59.143736601432494,1.262804520497223,219.8503429133616,0.0
2023-01-12 22:00:00,64.54464471489325,1.1812781953267266,221.23567643775846,0.0
2023-01-12 23:00:00,66.76495161945373,1.2018453985990938,216.1166119050141,0.0
2023-01-13 00:00:00,65.8429756032051,1.0826610822476255,218.27870173617055,0.0
2023-01-13 01:00:00,63.13190144053822,1.049766556075224,217.82617261016657,0.0
2023-01-13 02:00:00,64.37563324892817,1.0002859227035121,218.09124055339475,0.0
2023-01-13 03:00:00,63.5209971960235,0.9216033426405847,220.831075987674,0.0
2023-01-13 04:00:00,63.231905729167366,1.0240565277230886,222.07113013555482,0.0
2023-01-13 05:00:00,67.54880629106307,1.1651465931066147,220.68926100926902,0.0
2023-01-13 06:00:00,66.07104645789514,1.2206235164891273,219.54671075286737,0.0
2023-01-13 07:00:00,62.92127121421804,1.1457406873704719,218.73828992257515,0.0
2023-01-13 08:00:00,67.69879962629975,0.7288593019745284,222.22719950237303,0.0
2023-01-13 09:00:00,65.92189856262983,1.5149172715524684,224.14251090830973,0.0
2023-01-13 10:00:00,67.43858635651688,1.4172960245780764,220.2701114095674,0.0
2023-01-13 11:00:00,66.88888652577084,1.2891519702434258,221.87872612814314,0.0
2023-01-13 12:00:00,62.51301496723379,1.5814981345106536,220.68674069959096,0.0
2023-01-13 13:00:00,63.31945687940909,1.0045271765032577,221.51100981293118,0.0
2023-01-13 14:00:00,67.24188081536978,1.577525024125201,217.67090644377976,0.0
2023-01-13 15:00:00,66.8311107963004,1.0069571846498904,219.02372743971574,0.0
2023-01-13 16:00:00,64.93729521810755,1.2477475850582713,220.79093888009118,0.0
2023-01-13 17:00:00,65.35198214992634,0.9452325349731591,222.42498188816396,0.0
2023-01-13 18:00:00,68.83299468736527,1.2029388191088732,218.36373155672464,0.0
2023-01-13 19:00:00,63.22528583349251,1.2772332995996778,215.93340177791976,0.0
2023-01-13 20:00:00,66.64129214351011,1.169061933773089,219.0034711471175,0.0
2023-01-13 21:00:00,64.39342204269832,1.3427754888180274,222.0202614286965,0.0
2023-01-13 22:00:00,64.34695639031834,1.2198028898974513,216.8322088178243,0.0
2023-01-13 23:00:00,68.29633055596157,1.095517054324498,217.64616021573684,0.0
2023-01-14 00:00:00,67.47624904696409,1.086637336439532,220.31183717210223,0.0
2023-01-14 01:00:00,67.44052890800191,1.3621827545231393,219.76805749447706,0.0
2023-01-14 02:00:00,68.91643642146299,1.0692515940386065,221.18893296310645,0.0
2023-01-14 03:00:00,65.06301152489827,1.3830805940969872,217.54254647910884,0.0
2023-01-14 04:00:00,67.04585891388489,1.4445423585663861,219.35004281166266,0.0
2023-01-14 05:00:00,64.06919973021964,0.8662572275307739,222.3903708048062,0.0
2023-01-14 06:00:00,65.97249905746533,1.426585277460207,217.61420761272643,0.0
2023-01-14 07:00:00,64.60957083689695,1.6120845396889398,222.95382459262055,0.0
2023-01-14 08:00:00,65.29098789497816,1.2504007522403857,217.86516602822263,0.0
2023-01-14 09:00:00,66.78547107631074,1.3198168370589645,221.69876315475523,0.0
2023-01-14 10:00:00,62.54533795029958,1.4074010648738318,219.25408297957375,0.0
2023-01-14 11:00:00,71.27716182705637,1.1449035369641956,217.71018348472205,0.0
2023-01-14 12:00:00,61.98194785550089,1.2364560447075739,219.0062019056948,0.0
2023-01-14 13:00:00,61.3574341616368,0.9371600940753781,221.089858376358,0.0
2023-01-14 14:00:00,68.4743326205002,1.22772700570609,219.98629201019702,0.0
2023-01-14 15:00:00,67.3749880818888,1.2996223991289082,222.23693882288669,0.0
2023-01-14 16:00:00,66.87235945115647,1.3032326045852938,222.87148012186975,0.0
2023-01-14 17:00:00,66.88503652779283,1.413084944719516,217.6339386693643,0.0
2023-01-14 18:00:00,64.96325968145926,1.0450395643728942,217.4874617101793,0.0
2023-01-14 19:00:00,62.308236885542506,1.0934786486653008,217.3904124527583,0.0
2023-01-14 20:00:00,65.22741367458119,1.579101469198271,218.20160780790397,0.0
2023-01-14 21:00:00,62.96851486546367,1.169934325247258,222.20842904163948,0.0
2023-01-14 22:00:00,67.92535920025325,1.2400067574624656,221.12072390133346,0.0
2023-01-14 23:00:00,64.55882785549359,1.1865979916549558,218.90994485415513,0.0
2023-01-15 00:00:00,62.523508409622465,1.0356638347389955,219.97779481875432,0.0
2023-01-15 01:00:00,64.03584247504102,1.5247058421783612,222.80861101033187,0.0
2023-01-15 02:00:00,66.23879436282687,1.0944597176158788,223.81602170195825,0.0
2023-01-15 03:00:00,63.30882634158807,0.9745428952586139,220.5187686668856,0.0
2023-01-15 04:00:00,62.5333388133007,1.1098519445394497,214.6814376319052,0.0
2023-01-15 05:00:00,65.73106163447574,0.7996587996548932,220.59457418951996,0.0
2023-01-15 06:00:00,65.73489971332617,1.0697425070033635,221.8694962590827,0.0
2023-01-15 07:00:00,63.47917047388661,1.0063742804295346,220.44926463171214,0.0
2023-01-15 08:00:00,63.586885083145035,1.323485726185465,221.45302983746956,0.0
2023-01-15 09:00:00,65.6961498120729,1.0653171520880256,220.71413074892078,0.0
2023-01-15 10:00:00,60.65574697550803,1.3775607871157698,217.53070916503626,0.0
2023-01-15 11:00:00,60.77760867687034,1.4796967986138643,218.22752313327308,0.0
2023-01-15 12:00:00,62.84466733624269,1.3562350672575199,219.3576956257397,0.0
2023-01-15 13:00:00,64.35965854486446,1.1569223422279846,222.1308295564767,0.0
2023-01-15 14:00:00,65.93272269679402,1.2282228993411186,218.46823186335877,0.0
2023-01-15 15:00:00,69.42606865084866,0.895003011971188,220.9118052663353,0.0
2023-01-15 16:00:00,67.57297886960606,1.173244125495752,220.6073851878424,0.0
2023-01-15 17:00:00,64.52018441010972,1.0279123063866333,223.17239453015827,0.0
2023-01-15 18:00:00,64.94295137629193,1.3388652762298596,219.91664044374116,0.0
2023-01-15 19:00:00,61.99241190608657,1.7145504778488947,216.4904831634475,0.0
2023-01-15 20:00:00,64.94446059202284,1.2999643271947618,221.29374092979356,0.0
2023-01-15 21:00:00,64.13402408323958,0.8017719702090667,224.27611042326802,0.0
2023-01-15 22:00:00,65.96815568101427,1.1277539614171253,221.4247666897329,0.0
2023-01-15 23:00:00,62.51830716934303,1.2244981850748908,218.4246768163792,0.0
2023-01-16 00:00:00,66.55803954272352,1.2174714850520527,217.83610824164208,0.0
2023-01-16 01:00:00,69.59821673900774,1.0538373748782492,218.0940623329852,0.0
2023-01-16 02:00:00,64.67371955462943,1.249058348527387,224.00662376076409,0.0
2023-01-16 03:00:00,66.20513516629683,0.9514998326161225,219.34534511895714,0.0
2023-01-16 04:00:00,67.07043197513333,1.0110182554629865,218.67471321234393,0.0
2023-01-16 05:00:00,63.79633858434249,1.3291595283207422,219.68312671174553,0.0
2023-01-16 06:00:00,65.67227744543125,0.9968673538240348,219.3661859027886,0.0
2023-01-16 07:00:00,65.03777720234538,1.3076423210984514,223.135300719575,0.0
2023-01-16 08:00:00,65.2930282956465,0.9261072450687884,217.97104501796738,0.0
2023-01-16 09:00:00,62.6809706484336,1.5529651767583472,222.36128646332088,0.0
2023-01-16 10:00:00,65.07353052277684,1.045146015519189,220.24418419290217,0.0
2023-01-16 11:00:00,66.49399487373636,1.1552666856393112,222.41405302685538,0.0
2023-01-16 12:00:00,69.35343082338512,1.266122652218081,223.1652380874681,0.0
2023-01-16 13:00:00,67.87781247825562,1.0869300094997811,220.1695952678262,0.0
2023-01-16 14:00:00,71.45954737253467,1.2286811922142609,219.36987278080167,0.0
2023-01-16 15:00:00,62.69795731133585,1.315071344904025,220.1323576637302,0.0
2023-01-16 16:00:00,67.61696191016203,1.392122646500697,219.81045865598975,0.0
2023-01-16 17:00:00,65.55002601721506,1.3582994871945915,216.68606708852255,0.0
2023-01-16 18:00:00,71.56940879965302,1.1656379072394651,223.10496074757015,0.0
2023-01-16 19:00:00,62.57510514393454,1.1706736451912796,220.4915700347624,0.0
2023-01-16 20:00:00,62.48083447345767,1.6698217116050065,217.6738016298979,0.0
2023-01-16 21:00:00,63.20182206366793,1.3899778136498584,215.8649533596032,0.0
2023-01-16 22:00:00,58.62831282707058,1.015635268735957,215.3448015341393,0.0
2023-01-16 23:00:00,63.42273493495772,1.2199976327531104,221.540960873375,0.0
2023-01-17 00:00:00,62.72260201533891,1.1329713722443615,218.76204486318582,0.0
2023-01-17 01:00:00,65.45118135942862,1.172933153215378,219.09019866378972,0.0
2023-01-17 02:00:00,66.02526792733148,0.9541009684583823,220.97630852907764,0.0
2023-01-17 03:00:00,70.62851251764766,1.1176153531228092,218.96790368779645,0.0
2023-01-17 04:00:00,67.85127151455815,1.5623111546387827,221.09304883210703,0.0
2023-01-17 05:00:00,63.26928903301279,1.3158152601751005,220.19052812875344,0.0
2023-01-17 06:00:00,62.30475598595493,0.701767718369708,219.83174083370153,0.0
2023-01-17 07:00:00,66.47575751451951,1.4433446984995895,216.854499188617,0.0
2023-01-17 08:00:00,61.03930037893807,1.4179259045818322,218.36053728712227,0.0
2023-01-17 09:00:00,70.49437629756306,1.1281429391387165,221.20507073117372,0.0
2023-01-17 10:00:00,68.53832036216386,1.343452708756643,218.63595637027188,0.0
2023-01-17 11:00:00,63.592473043685885,1.0281201578365597,222.41073911156897,0.0
2023-01-17 12:00:00,59.86059641272737,1.1059488567467284,224.6928026479868,0.0
2023-01-17 13:00:00,69.06161712249624,1.4997092721339707,221.31277060168264,0.0
2023-01-17 14:00:00,64.65638046424215,1.1456539920260582,222.9856637827303,0.0
2023-01-17 15:00:00,68.71344893592038,0.8260536676090018,221.44145447659213,0.0
2023-01-17 16:00:00,60.2167170236169,1.1873393554437326,218.9314759546556,0.0
2023-01-17 17:00:00,63.20187493113868,1.1842823214171285,220.40030332961484,0.0
2023-01-17 18:00:00,65.01573109915455,1.4396737138746918,224.02664189219487,0.0
2023-01-17 19:00:00,65.14094178129423,1.202867284435152,218.9528925147451,0.0
2023-01-17 20:00:00,63.64980358556227,1.1156835377119414,217.92134540224384,0.0
2023-01-17 21:00:00,66.86854979704249,1.409011229046241,217.73161115376945,0.0
2023-01-17 22:00:00,61.79713871185221,1.224158046500222,219.5649412323329,0.0
2023-01-17 23:00:00,64.57286154493612,1.0499954636868565,217.99305582271387,0.0
2023-01-18 00:00:00,65.36088689513569,1.4309995121083234,223.3480388548745,0.0
2023-01-18 01:00:00,66.54331650217625,1.2387323529033598,220.43271306918257,0.0
2023-01-18 02:00:00,67.13484463426667,1.2005851933358875,221.943452619521,0.0
2023-01-18 03:00:00,61.62607372448639,1.2355816782823308,219.4026692188406,0.0
2023-01-18 04:00:00,60.39765748779313,0.9858663257166805,217.71960560448775,0.0
2023-01-18 05:00:00,68.83303046569553,1.0944692447643325,217.38121210913346,0.0
2023-01-18 06:00:00,65.99694203593877,1.2007165203665566,218.18401651564375,0.0
2023-01-18 07:00:00,62.75454039033034,1.1610672609950639,220.69505098805342,0.0
2023-01-18 08:00:00,69.65345592656757,1.4544856765633192,221.0397658635359,0.0
2023-01-18 09:00:00,65.34702390287858,1.2434811705454007,221.20639214611737,0.0
2023-01-18 10:00:00,68.53789155219148,1.3709807845272803,217.02265463243629,0.0
2023-01-18 11:00:00,65.20255544423033,1.2018790709151699,219.99918162820347,0.0
2023-01-18 12:00:00,71.18224377464597,1.4112576967492245,217.94787633821522,0.0
2023-01-18 13:00:00,70.26602252732961,1.2795055513146307,220.80293193516906,0.0
2023-01-18 14:00:00,64.25310755456277,1.202684097077692,220.9581541109949,0.0
2023-01-18 15:00:00,67.91471285286306,1.197343382208196,217.65565390594713,0.0
2023-01-18 16:00:00,66.93612784875545,1.0091122747418073,221.93605921439269,0.0
2023-01-18 17:00:00,69.10589467259705,1.301383144027262,224.6776458830565,0.0
2023-01-18 18:00:00,62.105229618259685,1.1919590530927242,221.66967147516934,0.0
2023-01-18 19:00:00,67.05815437999532,1.099601607963759,219.6743319208978,0.0
2023-01-18 20:00:00,68.17527346054877,1.4212923541624143,219.36690859358052,0.0
2023-01-18 21:00:00,59.723781540730656,0.9499567948210397,219.58187203665497,0.0
2023-01-18 22:00:00,61.45022446200267,1.115500820913513,218.47853230644597,0.0
2023-01-18 23:00:00,58.8823034667197,1.4055437497559067,220.5047964133041,0.0
2023-01-19 00:00:00,64.19177949666633,1.2631045881840506,217.72307481769138,0.0
2023-01-19 01:00:00,67.15262676738789,1.1904282144694485,216.2206044268042,0.0
2023-01-19 02:00:00,69.50707115628808,1.2502007086300293,220.4392033636271,0.0
2023-01-19 03:00:00,65.22228434125932,1.2358828342097683,220.04246613155163,0.0
2023-01-19 04:00:00,69.88584663671388,0.8966674907428156,218.8576599671256,0.0
2023-01-19 05:00:00,60.85969562535533,1.1301476229304077,217.43460675477925,0.0
2023-01-19 06:00:00,59.889852681934535,1.5233043309027496,220.57948805382807,0.0
2023-01-19 07:00:00,64.83335690331015,1.0681351730445665,218.0196499228591,0.0
2023-01-19 08:00:00,66.15219634681792,1.1363397971791331,219.72211129826934,0.0
2023-01-19 09:00:00,64.90191575571772,1.0916758473381625,223.5299437082529,0.0
2023-01-19 10:00:00,58.79767369988037,1.1825969553363724,221.30237953915076,0.0
2023-01-19 11:00:00,64.73263988146164,1.0833754337351404,217.2617346752366,0.0
2023-01-19 12:00:00,61.08659149848544,1.297348300431612,217.4502968579754,0.0
2023-01-19 13:00:00,67.00901764649012,1.2394626824580532,220.30363818548753,0.0
2023-01-19 14:00:00,66.09979473829054,1.3547095230214037,217.24935863588195,0.0
2023-01-19 15:00:00,62.180360641017934,0.9898117667622078,215.99654903753142,0.0
2023-01-19 16:00:00,63.45839924798992,1.1319319034234192,221.06474402259346,0.0
2023-01-19 17:00:00,61.822359434333144,1.154855473677573,220.64187150864174,0.0
2023-01-19 18:00:00,64.81196270818049,1.291129382017719,220.90119666255828,0.0
2023-01-19 19:00:00,67.86542696150372,1.041355760558593,220.5260703636358,0.0
2023-01-19 20:00:00,62.04282186099337,1.3831307608516688,219.8693785766552,0.0
2023-01-19 21:00:00,66.51213954655353,1.4372831181035217,218.67562290464667,0.0
2023-01-19 22:00:00,63.40922714488268,1.002225530472883,221.0322699321759,0.0
2023-01-19 23:00:00,62.621381503212966,1.1018254210212868,223.0597669768103,0.0
2023-01-20 00:00:00,64.67890892013632,1.0936136983415814,218.9975419851131,0.0
2023-01-20 01:00:00,61.89427303274188,1.7264772409354996,217.9585195795834,0.0
2023-01-20 02:00:00,63.33905208395846,1.1140199789584226,217.72976116117752,0.0
2023-01-20 03:00:00,61.40636632223345,1.5355250884312268,218.26653953333258,0.0
2023-01-20 04:00:00,70.89417539874917,0.946673600978678,220.40519704895215,0.0
2023-01-20 05:00:00,65.10579065591519,1.0020698067671272,215.72074487289288,0.0
2023-01-20 06:00:00,62.900823476022246,1.0626790936303598,220.87834084886464,0.0
2023-01-20 07:00:00,65.64193973220267,1.0308621377106955,221.28782602059232,0.0
2023-01-20 08:00:00,64.66301585092751,1.1464202531683,216.40384328011424,0.0
2023-01-20 09:00:00,64.33709120140033,1.0582443594557003,218.0416391274448,0.0
2023-01-20 10:00:00,66.84250010013028,1.0361316814530852,220.15936195969084,0.0
2023-01-20 11:00:00,67.27252313014192,1.4316943992946656,219.7130605393912,0.0
2023-01-20 12:00:00,63.40849655716842,1.444758724502633,221.03927493653717,0.0
2023-01-20 13:00:00,63.27254527806596,1.3898592996750632,219.71772635696726,0.0
2023-01-20 14:00:00,64.17484490854507,1.3047997911168656,222.52953905354994,0.0
2023-01-20 15:00:00,58.09423650579325,1.2185486131559105,219.35766120191263,0.0
2023-01-20 16:00:00,60.45442681340434,1.1005938618668183,218.0339340265605,0.0
2023-01-20 17:00:00,69.10062280233358,1.0093684990489815,217.8731162674765,0.0
2023-01-20 18:00:00,69.93490314050385,1.2725991406865373,221.47093701856338,0.0
2023-01-20 19:00:00,64.25289188133087,0.9652739214906404,220.05924228391385,0.0
2023-01-20 20:00:00,66.7296708891673,1.0012158141649212,221.26743180145039,0.0
2023-01-20 21:00:00,65.9337504636306,1.4305826512409618,221.22624499845836,0.0
2023-01-20 22:00:00,74.23664242536572,1.5801298083444173,215.96030029447232,0.0
2023-01-20 23:00:00,68.35872473430373,1.278659027633296,217.71983479795313,0.0
2023-01-21 00:00:00,64.6162472255577,1.4212914304589288,217.95874991899237,0.0
2023-01-21 01:00:00,62.133378678198724,1.1508303365112034,218.36787162301647,0.0
2023-01-21 02:00:00,60.18066103922728,0.9324651627824632,219.15928934684695,0.0
2023-01-21 03:00:00,65.61039090760167,1.3224343237237168,221.99829918923436,0.0
2023-01-21 04:00:00,62.73094776414709,1.3138578646540127,222.3969647047678,0.0
2023-01-21 05:00:00,60.73323887120698,1.2143337107760488,219.41421833959402,0.0
2023-01-21 06:00:00,63.06028134727242,1.1515249083789776,219.4974382773505,0.0
2023-01-21 07:00:00,61.75535598915681,1.3924421157162197,218.58913255188543,0.0
2023-01-21 08:00:00,70.06142490521769,1.002853393314505,220.1783753944771,0.0
2023-01-21 09:00:00,67.64491927084835,1.0452438842218683,220.40504176546787,0.0
2023-01-21 10:00:00,64.97608207605015,0.9983786986479144,221.61295111000453,0.0
2023-01-21 11:00:00,69.43983241667007,1.2169945925271655,221.5968774519651,0.0
2023-01-21 12:00:00,65.23210492294285,0.9824213975781483,215.3957638978619,0.0
2023-01-21 13:00:00,62.41614739601521,1.0631515638969513,219.69491010472575,0.0
2023-01-21 14:00:00,69.56937223180897,1.0588488875545603,222.76820006178022,0.0
2023-01-21 15:00:00,66.61673013105397,1.1478783335332083,219.12377014539015,0.0
2023-01-21 16:00:00,61.88826153702063,0.9025251107192045,222.27848363672658,0.0
2023-01-21 17:00:00,64.42898396574918,1.2174409984074535,219.38709639997762,0.0
2023-01-21 18:00:00,62.37314523984573,1.4494607301329356,220.3498469348839,0.0
2023-01-21 19:00:00,60.85160080710699,1.2270982744633523,217.7262186152017,0.0
2023-01-21 20:00:00,67.77853264259493,1.5082642289602641,217.80150288486698,0.0
2023-01-21 21:00:00,70.7282499214104,1.466799637175385,221.45098314452602,0.0
2023-01-21 22:00:00,60.80429727854258,1.355547009449571,221.76363656040132,0.0
2023-01-21 23:00:00,66.68890771007172,1.214937168527377,220.052857812401,0.0
2023-01-22 00:00:00,63.04807229263452,1.204500077649088,217.5449515147232,0.0
2023-01-22 01:00:00,63.53862384870591,1.3527599544726518,220.08760911321443,0.0
2023-01-22 02:00:00,63.22281822728339,1.1216658780991935,222.51446992134856,0.0
2023-01-22 03:00:00,62.40802769096055,0.8234958497065072,223.48573294010353,0.0
2023-01-22 04:00:00,65.14556488383448,1.298400810820592,219.36658413534818,0.0
2023-01-22 05:00:00,62.507149650766884,0.9737862740130057,216.6802642994844,0.0
2023-01-22 06:00:00,65.81137047733952,1.007571754361923,221.68072719910955,0.0
2023-01-22 07:00:00,64.8492856716526,1.2000447895991575,219.44807380709,0.0
2023-01-22 08:00:00,64.28315585940076,1.180975024489306,221.88608128312208,0.0
2023-01-22 09:00:00,62.277309013875204,0.9175848787368739,220.56214445003525,0.0
2023-01-22 10:00:00,63.269686008295004,1.233098312826628,218.2331117884763,0.0
2023-01-22 11:00:00,67.26617367747727,1.3932279321722096,220.11648872131877,0.0
2023-01-22 12:00:00,66.50275156287314,0.9743316859468434,222.61667673410867,0.0
2023-01-22 13:00:00,62.067334265604345,1.4544966661697518,219.70169202206552,0.0
2023-01-22 14:00:00,65.29799691628767,0.8879658349740112,217.93038967310923,0.0
2023-01-22 15:00:00,67.25416137011537,1.6234648288741906,216.82271166280668,0.0
2023-01-22 16:00:00,59.99178415663589,1.1177479139033033,218.4556706262707,0.0
2023-01-22 17:00:00,66.63008057713981,1.2291233993653783,219.17972747645803,0.0
2023-01-22 18:00:00,63.01212872316246,0.8215932855028659,221.63999827183451,0.0
2023-01-22 19:00:00,66.71179600577948,1.1875727867061383,217.75830146437676,0.0
2023-01-22 20:00:00,62.71022253037245,1.2456964355436384,223.10750377145928,0.0
2023-01-22 21:00:00,59.58535369800644,1.1827675791801011,217.3256955783176,0.0
2023-01-22 22:00:00,60.117372686350514,1.0873837845895253,224.6629721851137,0.0
2023-01-22 23:00:00,65.14425483998414,1.010687096294437,223.45103711350893,0.0
2023-01-23 00:00:00,65.77916750516445,1.4261053239074621,220.282332498776,0.0
2023-01-23 01:00:00,62.28705012468677,1.20616142699959,216.70461293046083,0.0
2023-01-23 02:00:00,66.91577737633212,1.5081504753033546,219.88915187603516,0.0
2023-01-23 03:00:00,60.01543981319312,1.0947035290410154,219.22631808402699,0.0
2023-01-23 04:00:00,64.80176060405805,1.1130410613255566,217.45142555389816,0.0
2023-01-23 05:00:00,61.36695140071263,1.3631188489192325,220.5820192544949,0.0
2023-01-23 06:00:00,63.04449167659352,0.8754050075992872,218.35271374028872,0.0
2023-01-23 07:00:00,65.14219601394925,0.9573073279694153,218.57018830590084,0.0
2023-01-23 08:00:00,62.418759904148146,1.4194969942706326,219.5926427308553,0.0
2023-01-23 09:00:00,63.84633336731052,0.965613214155361,218.8501823425886,0.0
2023-01-23 10:00:00,68.01887842764332,0.8361897969394905,224.15631323422005,0.0
2023-01-23 11:00:00,63.26932439143055,1.5737054376146182,218.9285707340009,0.0
2023-01-23 12:00:00,67.50707633619542,0.9212364704251588,220.88176202278896,0.0
2023-01-23 13:00:00,61.61087943602715,1.236823879665634,220.29104498442072,0.0
2023-01-23 14:00:00,66.58941253374584,1.2138170385448541,220.70550045051775,0.0
2023-01-23 15:00:00,69.3247058619737,0.6378743366763832,220.85817680722187,0.0
2023-01-23 16:00:00,57.58506649961813,1.1465365953664381,221.76272297321225,0.0
2023-01-23 17:00:00,62.60931423358857,1.2896826498958218,220.5328921512373,0.0
2023-01-23 18:00:00,66.73121638154161,1.270861876303772,220.44979158977264,0.0
2023-01-23 19:00:00,64.39086384187102,1.3807041367607003,220.11695413693627,0.0
2023-01-23 20:00:00,66.11343762011393,1.1225017370189132,219.72316429532006,0.0
2023-01-23 21:00:00,63.18804443985254,1.3425008884184322,218.17640423667865,0.0
2023-01-23 22:00:00,65.2597693624187,1.0621341863839855,219.8782632451596,0.0
2023-01-23 23:00:00,64.53296829382376,0.9179065167174449,220.48253475053107,0.0
2023-01-24 00:00:00,68.50334618497942,0.9404543248637534,220.8043291131456,0.0
2023-01-24 01:00:00,65.76326252990364,0.9075779089609171,220.36056954598047,0.0
2023-01-24 02:00:00,66.01280798622561,1.4019171935782389,219.53408997310294,0.0
2023-01-24 03:00:00,63.764369101632596,0.8970852981882886,219.8858401936082,0.0
2023-01-24 04:00:00,63.53718132778252,1.2548077681298606,218.8927070308984,0.0
2023-01-24 05:00:00,63.70232543654114,1.1468151611855133,220.62644798201313,0.0
2023-01-24 06:00:00,66.1833564271349,1.1794702853098737,219.55774354417176,0.0
2023-01-24 07:00:00,63.73704655753921,1.47272145903994,220.36112187639495,0.0
2023-01-24 08:00:00,65.86932457068924,1.1123145265569452,222.0016060867651,0.0
2023-01-24 09:00:00,71.22620239593631,1.3223203123099365,218.58128218071516,0.0
2023-01-24 10:00:00,67.61337411029508,1.2075126702762222,221.19339076182098,0.0
2023-01-24 11:00:00,64.02192940349647,1.1695962188734603,220.06642035977075,0.0
2023-01-24 12:00:00,68.60364176649183,1.6599938248772947,224.0423871991615,0.0
2023-01-24 13:00:00,63.77577388093535,0.911731650856926,219.567399343073,0.0
2023-01-24 14:00:00,58.88562639446644,1.457826367087489,221.39032916630214,0.0
2023-01-24 15:00:00,61.97574106724779,1.3312813130979944,220.03070690351194,0.0
2023-01-24 16:00:00,59.387624236922434,1.1040950010736432,217.223390983373,0.0
2023-01-24 17:00:00,63.94545954787608,1.5258637034883225,218.9586218089617,0.0
2023-01-24 18:00:00,65.05525513756865,0.8303779775222926,221.7609422108568,0.0
2023-01-24 19:00:00,70.02931193682585,1.0956466685401856,219.13461107878345,0.0
2023-01-24 20:00:00,65.98078212129249,0.9583035591461847,215.55948737032077,0.0
2023-01-24 21:00:00,64.3426984135734,1.282416692974292,219.937193966151,0.0
2023-01-24 22:00:00,67.48821674355047,0.9773871797625644,217.81532740409799,0.0
2023-01-24 23:00:00,58.36659407297634,1.2866127893482637,220.26363546519343,0.0
2023-01-25 00:00:00,65.7068436743257,1.1627127168356892,223.10229416279603,0.0
2023-01-25 01:00:00,67.3125955816609,1.104129211468783,221.5389146216058,0.0
2023-01-25 02:00:00,60.564241262660474,1.277729449206662,223.07331165747996,0.0
2023-01-25 03:00:00,68.43126212962079,1.146275675212387,218.87697595711103,0.0
2023-01-25 04:00:00,66.01548922248324,0.9822730313881922,219.71366733272893,0.0
2023-01-25 05:00:00,63.7541362582976,1.7602745979269958,217.91112760638444,0.0
2023-01-25 06:00:00,66.89834559831885,1.102566563394171,218.63191310991982,0.0
2023-01-25 07:00:00,71.81207857341319,0.756478183969597,218.14623033542765,0.0
2023-01-25 08:00:00,65.89771144123182,1.0879182902247362,217.38655406157608,0.0
2023-01-25 09:00:00,66.44888711101368,1.059220718663482,222.7317132506627,0.0
2023-01-25 10:00:00,64.67825532954828,1.5342432077151453,215.81607940994715,0.0
2023-01-25 11:00:00,64.21103027188731,1.5460206727633874,222.74027780960913,0.0
2023-01-25 12:00:00,69.9557961820271,1.6741087575411675,222.49211784984047,0.0
2023-01-25 13:00:00,65.60076260678044,1.6330377603536779,220.999585350958,0.0
2023-01-25 14:00:00,69.08793814827789,1.7638482604477703,217.77098546381185,0.0
2023-01-25 15:00:00,68.14449244843705,1.8582081454756496,216.8356497771136,0.0
2023-01-25 16:00:00,71.71862961808425,2.0288317857081175,218.90319263747287,0.0
2023-01-25 17:00:00,71.98690180881859,2.324813165946207,221.25024091267986,0.0
2023-01-25 18:00:00,74.80276067784412,2.3376376177123372,220.00612727488135,0.0
2023-01-25 19:00:00,70.86431700061885,2.483121157473469,217.91300100981047,0.0
2023-01-25 20:00:00,72.28896674341566,2.595686429537164,222.29640956931297,0.0
2023-01-25 21:00:00,70.86652575406153,2.7853391917017,223.36876665636308,0.0
2023-01-25 22:00:00,73.1741624732928,2.778756768871431,219.5468016719708,0.0
2023-01-25 23:00:00,76.34316908476836,2.9055724314371925,220.2186738071947,0.0
2023-01-26 00:00:00,78.18645880768254,3.184240121478068,216.982302632741,0.0
2023-01-26 01:00:00,73.85322233732627,2.926145745976842,219.17122656778193,0.0
2023-01-26 02:00:00,79.9327614222888,3.0006824699251915,221.02087995600198,0.0
2023-01-26 03:00:00,82.09508259049935,3.0473227224161503,220.70971308051554,0.0
2023-01-26 04:00:00,79.97269907586829,3.4337660113156003,218.98466430158058,0.0
2023-01-26 05:00:00,85.06700715598406,3.139112706685753,219.4515129830471,0.0
2023-01-26 06:00:00,77.81947747311182,3.714966030479541,219.1055785269109,0.0
2023-01-26 07:00:00,77.11110631260097,3.713372648705523,219.44307057256324,0.0
2023-01-26 08:00:00,76.21313502793505,4.074815263907873,220.84646960503625,0.0
2023-01-26 09:00:00,86.7416540612281,3.826179918188692,216.06492582926177,0.0
2023-01-26 10:00:00,84.92084344793541,4.0325757795362165,219.85130097038416,0.0
2023-01-26 11:00:00,83.49521781825456,4.41035615961642,220.69995107125138,0.0
2023-01-26 12:00:00,85.20610306205805,4.575218678651405,218.85903062871785,0.0
2023-01-26 13:00:00,81.69395539331614,4.275237132483438,219.04133391207023,0.0
2023-01-26 14:00:00,93.11190382617441,4.560299908489263,219.0992111183691,0.0
2023-01-26 15:00:00,86.8665367853623,4.695503513846669,219.04190005292568,0.0
2023-01-26 16:00:00,87.51128297536397,4.824026455772117,220.01176755570074,0.0
2023-01-26 17:00:00,90.06462381535805,4.809456699122791,220.25800551602757,0.0
2023-01-26 18:00:00,90.03457699098477,5.230924566948671,215.7989713675324,0.0
2023-01-26 19:00:00,89.96742672072472,4.709383246937662,221.30576074294459,0.0
2023-01-26 20:00:00,87.62857663366407,5.115773953039783,219.42000223130609,0.0
2023-01-26 21:00:00,92.11863042352066,5.402262202892618,223.86592635093706,0.0
2023-01-26 22:00:00,97.05452419365045,5.516797075065925,217.6167029222026,0.0
2023-01-26 23:00:00,96.14893619480297,5.808579975137038,218.26537098249133,0.0
2023-01-27 00:00:00,97.5964612883689,5.8903493039923704,219.59418204283347,0.0
2023-01-27 01:00:00,91.98747973126981,5.7062719566286955,220.82645089937208,0.0
2023-01-27 02:00:00,91.25653765190032,6.1360305867342895,216.09846534525698,0.0
2023-01-27 03:00:00,94.55221670448978,5.845924045610706,218.3417998957678,0.0
2023-01-27 04:00:00,95.8009775537675,6.287585927262593,221.1826403211477,0.0
2023-01-27 05:00:00,99.62060272442693,6.576189002726452,218.1037521071349,0.0
2023-01-27 06:00:00,91.96485963198229,6.569749384751276,222.74005275275246,0.0
2023-01-27 07:00:00,102.33512983162127,6.460590696423134,219.09223280230185,0.0
2023-01-27 08:00:00,97.97668052961514,6.485756921701913,218.2012535973162,0.0
2023-01-27 09:00:00,97.87428636762252,6.359070473142509,221.22048851557904,0.0
2023-01-27 10:00:00,96.82284180379696,6.839572716315235,223.2152347736489,0.0
2023-01-27 11:00:00,95.59881026609281,6.667097399476239,220.8327925174878,0.0
2023-01-27 12:00:00,103.73711738568855,6.844189968685663,222.5208587984465,0.0
2023-01-27 13:00:00,102.1917848874807,6.877343797599145,223.35327068127393,0.0
2023-01-27 14:00:00,98.806173638805,7.1360905475531755,218.15628264014484,0.0
2023-01-27 15:00:00,99.49504537394999,7.335251187525139,221.87678266811918,0.0
2023-01-27 16:00:00,103.07715294438313,7.508244042993705,216.9530589813929,0.0
2023-01-27 17:00:00,109.79579697023438,7.446095856015799,220.84980506357277,0.0
2023-01-27 18:00:00,104.71418369238805,7.892729980715656,219.85736421897036,0.0
2023-01-27 19:00:00,101.68775423923722,7.7499082441766545,216.560053349997,0.0
2023-01-27 20:00:00,106.16417925844638,7.746680865459572,209.76681134294805,0.0
2023-01-27 21:00:00,106.7874630935739,8.062159861899392,210.73213622963033,0.0
2023-01-27 22:00:00,100.21919922610486,8.522288031497496,196.4403686668892,0.0
2023-01-27 23:00:00,108.85119990748882,8.309285634433785,201.45969525504077,0.0
2023-01-28 00:00:00,109.0255062685289,8.282358451990067,202.48477442184986,0.0
2023-01-28 01:00:00,112.51115430570786,8.162113362579076,204.46644757275678,0.0
2023-01-28 02:00:00,116.67362884821631,8.536399225946433,204.23305211783853,0.0
2023-01-28 03:00:00,115.21068100413623,8.739943371496496,203.93981457490426,0.0
2023-01-28 04:00:00,111.72854519594114,8.728117624565787,198.36391910602495,0.0
2023-01-28 05:00:00,109.9198588934933,8.58523293150673,202.27991387757538,0.0
2023-01-28 06:00:00,121.66374138158056,8.860872837592272,192.74288116403707,0.0
2023-01-28 07:00:00,89.47342994993079,5.378231635839524,203.51520324791505,1.0
2023-01-28 08:00:00,89.6896751996825,5.430462172577078,212.2851251229193,0.0
2023-01-28 09:00:00,89.92762473866999,5.02267216615908,211.42761692771865,0.0
2023-01-28 10:00:00,65.59425428230357,1.3345513574398844,218.50044824993637,1.0
2023-01-28 11:00:00,64.56691876422818,0.9642854430459652,224.2290869246026,0.0
2023-01-28 12:00:00,63.27901397935929,1.4808632563989905,222.34425261917877,0.0
2023-01-28 13:00:00,63.359423176278824,1.2490471695788472,220.8029963010924,0.0
2023-01-28 14:00:00,64.90174018935201,1.3899282997233067,221.12168657195284,0.0
2023-01-28 15:00:00,63.369725686598706,0.8569813305634921,218.16558660732994,0.0
2023-01-28 16:00:00,62.86146265196851,1.3355274203849776,219.4695424955506,0.0
2023-01-28 17:00:00,65.31929068307569,1.1984651872630994,222.8827982206435,0.0
2023-01-28 18:00:00,64.23506834773744,1.3703858141581684,218.77094132165294,0.0
2023-01-28 19:00:00,69.51197896574807,1.38297355961957,222.1222635138976,0.0
2023-01-28 20:00:00,57.04709057482096,1.2131569378949498,217.2459196211259,0.0
2023-01-28 21:00:00,68.27452055576738,1.079834072180817,217.60368317504998,0.0
2023-01-28 22:00:00,68.7382555774929,1.3559392364358989,223.80276933117264,0.0
2023-01-28 23:00:00,58.77982930277555,1.1879691001189745,219.97632570751935,0.0
2023-01-29 00:00:00,63.971937217758956,1.0254430092944715,218.9230002260113,0.0
2023-01-29 01:00:00,63.885677402012625,1.0159695537084628,222.72548165399792,0.0
2023-01-29 02:00:00,60.77746491584654,0.9045671167375235,222.491643109927,0.0
2023-01-29 03:00:00,62.66654993722737,1.0979417680873873,221.84150913051448,0.0
2023-01-29 04:00:00,61.66827246360251,1.4205384092148756,218.8602041611758,0.0
2023-01-29 05:00:00,70.25681133027086,1.2355659599410869,219.42616484812464,0.0
2023-01-29 06:00:00,67.80703517944238,1.0940464588153918,220.62325764744946,0.0
2023-01-29 07:00:00,68.81466528498248,1.360971187636016,221.38879868429447,0.0
2023-01-29 08:00:00,67.16501619212971,1.0335046756553221,218.98303285196292,0.0
2023-01-29 09:00:00,61.61284468634831,1.2190700548665556,220.34147422124138,0.0
2023-01-29 10:00:00,63.426439201160676,1.1640739254548969,220.5347826015948,0.0
2023-01-29 11:00:00,66.46812368368376,1.3558261251176704,222.5735395127505,0.0
2023-01-29 12:00:00,61.333616573324164,0.8845543258160997,221.50893165787025,0.0
2023-01-29 13:00:00,67.13899529051716,1.0299604508370688,216.98639671032942,0.0
2023-01-29 14:00:00,64.2790238055256,0.8723508681810932,219.57273938302922,0.0
2023-01-29 15:00:00,63.87553757735121,1.148080655638146,218.14243326003316,0.0
2023-01-29 16:00:00,67.13287990461048,1.442285500726486,221.13617484122335,0.0
2023-01-29 17:00:00,66.33278993445812,1.0989105580692946,221.8463067010101,0.0
2023-01-29 18:00:00,63.917101502542764,1.0978632123608698,220.2031119712205,0.0
2023-01-29 19:00:00,68.47798941009275,1.3743448848368272,219.4637459387443,0.0
2023-01-29 20:00:00,61.75681001720031,1.4137099116910599,220.13833958607196,0.0
2023-01-29 21:00:00,66.84780682083279,1.182285786546242,220.41783854695552,0.0
2023-01-29 22:00:00,66.77930377390516,1.3369429708099785,218.71980069656618,0.0
2023-01-29 23:00:00,64.07136068205803,0.9846090918244107,217.56257779846126,0.0
2023-01-30 00:00:00,65.97839906672635,1.4755948667850827,215.89972191488928,0.0
2023-01-30 01:00:00,61.24665927084409,1.6297412587874103,222.53436426347776,0.0
2023-01-30 02:00:00,67.77208105762071,1.304243158237745,220.99273248726993,0.0
2023-01-30 03:00:00,64.44529359067103,0.7831336757314398,220.72502202268834,0.0
2023-01-30 04:00:00,63.43183093844288,1.0883539475204431,222.5303977759059,0.0
2023-01-30 05:00:00,68.14702767751066,1.3225650643338642,217.48906398061516,0.0
2023-01-30 06:00:00,62.88696892837172,1.1157034005667275,216.52873824828995,0.0
2023-01-30 07:00:00,60.77461611090932,1.4544397108500196,220.76846383303817,0.0
2023-01-30 08:00:00,60.33011247942829,1.317631452887173,220.58654275088685,0.0
2023-01-30 09:00:00,66.81802985403692,1.0587048998468407,216.53738638065448,0.0
2023-01-30 10:00:00,61.158711942511154,1.2064529621542506,220.71904212428095,0.0
2023-01-30 11:00:00,70.2643825459531,1.021233355872182,219.19955409520085,0.0
2023-01-30 12:00:00,58.75421177634883,1.1634830243175116,218.38582388052484,0.0
2023-01-30 13:00:00,70.08936910487012,1.0890813519134896,219.33315258343518,0.0
2023-01-30 14:00:00,65.63305240160786,1.4349523600466076,215.11694285816307,0.0
2023-01-30 15:00:00,64.70986066438883,1.623202411366199,218.81725155321612,0.0
2023-01-30 16:00:00,63.36524273957315,0.9137623333528495,218.5914108610316,0.0
2023-01-30 17:00:00,66.19740834305621,0.8153567427580495,221.11420489387228,0.0
2023-01-30 18:00:00,64.88709589272545,1.1509655156297227,219.68353972697824,0.0
2023-01-30 19:00:00,68.30990564604957,0.8963168602342635,221.27773774735778,0.0
2023-01-30 20:00:00,65.34268294598611,1.2092423207341834,214.90092131052663,0.0
2023-01-30 21:00:00,65.45090528438563,1.3497872227611853,218.3218035548579,0.0
2023-01-30 22:00:00,63.90916336335843,1.498828379453365,221.11199410314288,0.0
2023-01-30 23:00:00,64.8291631288368,1.2402789117430562,219.3822707388537,0.0
2023-01-31 00:00:00,65.92340530667617,1.161368955030084,221.69092106594874,0.0
2023-01-31 01:00:00,59.86949482203012,0.8043230166853831,216.39079418122157,0.0
2023-01-31 02:00:00,60.95544373368286,1.2052370298371597,221.46222167937896,0.0
2023-01-31 03:00:00,67.22979228206815,1.2142574521098923,218.7217215644299,0.0
2023-01-31 04:00:00,65.51259631438383,1.327791362842549,218.52760583123464,0.0
2023-01-31 05:00:00,64.44804999094197,1.0583023796941817,221.9820940938549,0.0
2023-01-31 06:00:00,65.05530179919617,1.112989479952828,222.323802259913,0.0
2023-01-31 07:00:00,66.04274511608502,0.9043995489391631,222.06939939217457,0.0
2023-01-31 08:00:00,63.380720959071915,0.7417414386231869,224.07728385009653,0.0
2023-01-31 09:00:00,62.66508582379306,0.9783005818406433,222.53360721688668,0.0
2023-01-31 10:00:00,65.58753576529304,0.8859348371493967,218.4091268325354,0.0
2023-01-31 11:00:00,62.06488166715491,1.2673424590841222,220.2832762562713,0.0
2023-01-31 12:00:00,66.22475826714341,1.0963731886666286,219.27960418303013,0.0
2023-01-31 13:00:00,59.89224918728648,1.0923525739850422,224.05817971989813,0.0
2023-01-31 14:00:00,68.08746691197693,1.0031173907649575,222.20973990939743,0.0
2023-01-31 15:00:00,66.41779244723912,0.5534869134975132,219.6222397265731,0.0
2023-01-31 16:00:00,65.76808920294162,1.5016621497495102,221.755819595506,0.0
2023-01-31 17:00:00,67.94807295183654,0.9999458954446423,217.53560306737378,0.0
2023-01-31 18:00:00,69.99642333338772,1.1175159860300186,220.50052347529095,0.0
2023-01-31 19:00:00,68.0431101950544,0.9090215669421378,218.12415501479384,0.0
2023-01-31 20:00:00,59.47737730600507,1.3943860686881266,216.62281559874518,0.0
2023-01-31 21:00:00,61.1612690997929,1.2286857874074648,221.56907247505967,0.0
2023-01-31 22:00:00,63.12554426691296,1.0347269429468262,221.8171821903751,0.0
2023-01-31 23:00:00,65.0782731506325,1.1215540777311952,220.91442527242398,0.0
2023-02-01 00:00:00,66.55297706140738,1.535635984424974,219.634065918867,0.0
2023-02-01 01:00:00,62.8227685605396,1.1854061136237444,217.46728269030717,0.0
2023-02-01 02:00:00,65.56030029343124,1.1636532924768188,217.6773062585655,0.0
2023-02-01 03:00:00,62.73385120294003,1.0117237027721468,218.0614400405224,0.0
2023-02-01 04:00:00,63.16544659102416,0.8210837699055393,219.53265341655015,0.0
2023-02-01 05:00:00,60.78001670945533,1.167992265284131,222.15235746720984,0.0
2023-02-01 06:00:00,62.582412937723625,1.3214350506339374,222.1208084221573,0.0
2023-02-01 07:00:00,61.649171535263676,1.5325929492035621,216.70286480077425,0.0
2023-02-01 08:00:00,63.12871826923702,0.9193147776071111,218.6135333265661,0.0
2023-02-01 09:00:00,69.56937609404886,1.2003328472714505,218.55967796085633,0.0
2023-02-01 10:00:00,63.91236671378586,1.3655419227337804,214.93683374299752,0.0
2023-02-01 11:00:00,75.0098222508502,1.537331999299444,221.13224189389982,0.0
2023-02-01 12:00:00,68.94474243503703,1.5653594588774142,219.50768035136295,0.0
2023-02-01 13:00:00,68.37140977953533,1.6263664882146587,219.77371492673805,0.0
2023-02-01 14:00:00,65.5939407439634,1.7886614652351156,222.69174211675127,0.0
2023-02-01 15:00:00,70.62205639879035,1.582721659534319,220.17661802656872,0.0
2023-02-01 16:00:00,67.1463259579064,2.006546598305894,219.13853907006796,0.0
2023-02-01 17:00:00,69.59138155661213,1.9627468263680652,221.14415524200987,0.0
2023-02-01 18:00:00,77.25771840353879,1.8684279133715673,222.1177436931511,0.0
2023-02-01 19:00:00,69.64139776561478,2.3089139927439803,220.59293513209846,0.0
2023-02-01 20:00:00,73.7295101197021,2.356353629649565,221.3783791973963,0.0
2023-02-01 21:00:00,68.52427354152374,2.2879875217429873,219.70886470051423,0.0
2023-02-01 22:00:00,70.88095002146686,1.5540351247596809,219.83628450728068,0.0
2023-02-01 23:00:00,76.65043007592061,2.5298735255858484,220.22604142059765,0.0
2023-02-02 00:00:00,69.80923967170712,2.4293742397056546,218.49375809913468,0.0
2023-02-02 01:00:00,77.47959919511754,2.728042290922869,218.8638767712608,0.0
2023-02-02 02:00:00,74.51762200354953,2.6305915098960035,222.75575928363693,0.0
2023-02-02 03:00:00,71.05907854555663,2.755105155217767,224.01591219172465,0.0
2023-02-02 04:00:00,74.99581476646235,2.6715056179234,223.18439582807636,0.0
2023-02-02 05:00:00,76.3683675742323,2.82185131578544,217.3534852864629,0.0
2023-02-02 06:00:00,75.66824678806003,3.00727545237224,217.16028493083004,0.0
2023-02-02 07:00:00,69.44425541779341,2.7080996800700072,217.61858113610967,0.0
2023-02-02 08:00:00,72.32563072604651,2.406680651747754,220.26877488375897,0.0
2023-02-02 09:00:00,74.11659902292294,2.7159726087293663,214.38255081528467,0.0
2023-02-02 10:00:00,74.98796731833367,2.911791936778096,218.822396866761,0.0
2023-02-02 11:00:00,77.42539657434217,2.905118361944734,222.81419857832222,0.0
2023-02-02 12:00:00,76.44859596054624,2.697166480007551,221.96487766145782,0.0
2023-02-02 13:00:00,72.26157255767251,2.676603376369455,218.981810698853,0.0
2023-02-02 14:00:00,77.76031186287705,2.910922395850499,219.13328911765873,0.0
2023-02-02 15:00:00,78.80358822176696,3.2770408689433093,221.13448341361382,0.0
2023-02-02 16:00:00,79.00331500576495,3.487898940080087,221.8705375104884,0.0
2023-02-02 17:00:00,80.91839851469203,3.4114825368400474,218.93372546452048,0.0
2023-02-02 18:00:00,80.52993547773123,3.4959924996763485,219.53126795656112,0.0
2023-02-02 19:00:00,79.75782192782616,3.324681955789824,218.86798054295994,0.0
2023-02-02 20:00:00,78.52189723182124,3.0487666070503567,217.33730111724958,0.0
2023-02-02 21:00:00,74.10162424170554,3.3624770105840223,219.56051250395637,0.0
2023-02-02 22:00:00,80.72547437570762,3.458106272555102,219.40814491958247,0.0
2023-02-02 23:00:00,80.41179545585553,3.466786685731455,217.4787117680227,0.0
2023-02-03 00:00:00,80.95558158200865,3.6334741843425307,221.29216187527547,0.0
2023-02-03 01:00:00,76.66271201901795,3.76715719141521,220.96664135725177,0.0
2023-02-03 02:00:00,77.60190080131042,3.9058143052543333,221.39143940169015,0.0
2023-02-03 03:00:00,84.35664165859026,3.735925322901381,218.46385928907125,0.0
2023-02-03 04:00:00,81.43063031307793,3.467135442814743,216.0328486437707,0.0
2023-02-03 05:00:00,83.94591054282209,3.8076498082544488,220.9346622592913,0.0
2023-02-03 06:00:00,82.33847625515195,3.9693054596800867,218.67177457074058,0.0
2023-02-03 07:00:00,82.69490222130413,4.261462992877386,218.2186637335086,0.0
2023-02-03 08:00:00,85.77259789680124,3.9596778681828972,217.48589385071313,0.0
2023-02-03 09:00:00,81.76172497027746,4.232086190468613,219.44935494382568,0.0
2023-02-03 10:00:00,83.95033416180885,4.243933072884833,223.15465459410095,0.0
2023-02-03 11:00:00,82.62725864092712,4.251033627751438,218.98910095728897,0.0
2023-02-03 12:00:00,83.06270850080165,4.4846982131606925,217.82039391166614,0.0
2023-02-03 13:00:00,83.790793488749,4.222761338114273,221.30386680206004,0.0
2023-02-03 14:00:00,85.7368238501124,4.2962303157051,220.34562455954256,0.0
2023-02-03 15:00:00,83.98628934627718,4.465225469183971,215.76139726462358,0.0
2023-02-03 16:00:00,89.54191626404452,4.395914360953091,221.32469263950657,0.0
2023-02-03 17:00:00,83.44293865672176,4.681884148351765,216.95383976614016,0.0
2023-02-03 18:00:00,85.91825830695254,4.493981257436633,202.30937100066805,0.0
2023-02-03 19:00:00,85.51179274067043,4.7382185880279,209.58309095384183,0.0
2023-02-03 20:00:00,91.5240322446105,4.729261220890536,202.23750950806937,0.0
2023-02-03 21:00:00,88.12487559714036,4.8486189957722425,211.1631400677017,0.0
2023-02-03 22:00:00,90.98285756206788,4.770023551973308,208.96098008246713,0.0
2023-02-03 23:00:00,83.7827555006074,4.850492200249564,213.53866801223913,0.0
2023-02-04 00:00:00,89.39270009338242,4.993849740923354,216.20795259252955,0.0
2023-02-04 01:00:00,91.61255435870129,5.0714008167252205,209.86437791025023,0.0
2023-02-04 02:00:00,89.5426266157136,5.086483560583741,209.2551422289158,0.0
2023-02-04 03:00:00,92.84432844913972,5.484734443133602,215.89055448788548,0.0
2023-02-04 04:00:00,88.44813464969889,5.001852616251743,213.45706768434283,0.0
2023-02-04 05:00:00,69.22804232055674,1.1871592410094571,220.1334529124697,1.0
2023-02-04 06:00:00,71.89669437085774,0.885274195576603,218.26264616903805,0.0
2023-02-04 07:00:00,63.911484318681026,1.2744162957334773,219.5386876622639,0.0
2023-02-04 08:00:00,63.663492435797686,0.9769506927246372,220.12366334403623,0.0
2023-02-04 09:00:00,69.3601534313531,1.1443379488246848,219.8301853529293,0.0
2023-02-04 10:00:00,69.73871643719214,1.1255871349337347,222.68450705260722,0.0
2023-02-04 11:00:00,63.43141991854019,1.2561782253202343,219.33966387498634,0.0
2023-02-04 12:00:00,63.739439548712426,1.089441816490964,218.13582717288529,0.0
2023-02-04 13:00:00,64.15464617341848,1.0809388604612036,218.26077793019363,0.0
2023-02-04 14:00:00,60.96664846689717,1.4871712928171796,221.31020054324506,0.0
2023-02-04 15:00:00,62.2440441605474,1.2569133580949052,217.193723183822,0.0
2023-02-04 16:00:00,61.987577699743795,1.0877898295955464,219.59762765969816,0.0
2023-02-04 17:00:00,62.69660730468762,1.1498332656377537,222.65500049091085,0.0
2023-02-04 18:00:00,64.89594533783966,1.5290709904541488,220.58519689148167,0.0
2023-02-04 19:00:00,65.70264419760956,1.1529670243497805,219.85078922176248,0.0
2023-02-04 20:00:00,69.65150147844223,1.0621446753695225,219.92817919272315,0.0
2023-02-04 21:00:00,62.004937877783625,1.0630007699747215,217.94087081554565,0.0
2023-02-04 22:00:00,67.95296719542975,1.0901747038020844,218.28573057913093,0.0
2023-02-04 23:00:00,64.35803346732348,1.0811004555146555,219.60963665417086,0.0
2023-02-05 00:00:00,64.8516088710427,0.9440704303301513,220.5425460602186,0.0
2023-02-05 01:00:00,67.02445847649982,0.9751599806106044,221.89630002360423,0.0
2023-02-05 02:00:00,61.631833935313104,1.034135925127726,220.18512123434286,0.0
2023-02-05 03:00:00,66.14722923855216,1.3183142036906195,222.7055483515085,0.0
2023-02-05 04:00:00,65.49935662463916,1.1237525425454253,223.21039603041905,0.0
2023-02-05 05:00:00,66.47735379202445,1.158567662181192,221.5905344249644,0.0
2023-02-05 06:00:00,65.86750593172346,1.4540176050509794,222.44996281611176,0.0
2023-02-05 07:00:00,72.36590041973268,1.4590014299876837,218.01857295722382,0.0
2023-02-05 08:00:00,63.08678004724605,1.143575011372453,217.70160213062388,0.0
2023-02-05 09:00:00,63.407009134994546,1.073827297863318,221.03594675258034,0.0
2023-02-05 10:00:00,63.130578420725705,1.0271139372652924,217.3175803762659,0.0
2023-02-05 11:00:00,63.33356864251924,1.3385551539416476,219.41925631196813,0.0
2023-02-05 12:00:00,63.08783861808045,1.1590585532955424,221.5423838106595,0.0
2023-02-05 13:00:00,68.56704959332265,1.1227010219354419,222.8267458493704,0.0
2023-02-05 14:00:00,69.26151274396956,1.0372670849724894,219.49156869942388,0.0
2023-02-05 15:00:00,63.28776111875157,1.0460667181977223,218.70011140938462,0.0
2023-02-05 16:00:00,62.502933280687316,1.2640116382986488,220.64092324302317,0.0
2023-02-05 17:00:00,66.41424666915921,0.9369123468225475,217.85291311295222,0.0
2023-02-05 18:00:00,63.343330867157086,1.3989737387575876,219.65344270341313,0.0
2023-02-05 19:00:00,66.89879545326653,1.0932310712370163,219.98399990344743,0.0
2023-02-05 20:00:00,65.6087690625539,1.1700728111496415,219.9440320146584,0.0
2023-02-05 21:00:00,60.4527676550083,0.9326044083718891,220.17700694763576,0.0
2023-02-05 22:00:00,69.64251560399019,1.197526812351527,218.33097028885572,0.0
2023-02-05 23:00:00,70.38763301928657,1.134335811461888,218.54601401476316,0.0
2023-02-06 00:00:00,63.16163392854684,1.1899838802287066,218.50576747793477,0.0
2023-02-06 01:00:00,63.83689532019205,1.4943417796723781,216.75981132160987,0.0
2023-02-06 02:00:00,65.85759617217471,1.235539609158048,220.6836606436922,0.0
2023-02-06 03:00:00,66.00337036996108,1.0410681631708392,221.789314903384,0.0
2023-02-06 04:00:00,66.9756328180185,1.0577360178906863,221.59262016570707,0.0
2023-02-06 05:00:00,71.03061361629905,1.3190262371827537,219.47500627907849,0.0
2023-02-06 06:00:00,64.46915831751785,1.4597386581986846,218.37798952107224,0.0
2023-02-06 07:00:00,62.60510826638464,1.2563836041502099,221.4886292847254,0.0
2023-02-06 08:00:00,60.862042315956415,1.3377425489109538,221.2778460447491,0.0
2023-02-06 09:00:00,62.80720988017424,1.321947544667341,220.4348412848726,0.0
2023-02-06 10:00:00,64.90061908137861,1.4838128826715042,223.48862250484655,0.0
2023-02-06 11:00:00,70.38367359055336,0.8100819654547934,219.94714895726588,0.0
2023-02-06 12:00:00,63.44716610289149,1.3334437878609056,219.48622003215021,0.0
2023-02-06 13:00:00,65.67136385491669,1.3967472087807127,219.2003653378508,0.0
2023-02-06 14:00:00,64.95073131178174,0.9322552587728852,216.87824458703838,0.0
2023-02-06 15:00:00,68.56517982034426,1.0228663631987167,221.32267992828457,0.0
2023-02-06 16:00:00,72.58079727762086,1.0298434502743692,219.78902926568443,0.0
2023-02-06 17:00:00,63.407393681239036,1.0542419607245233,221.0198624827136,0.0
2023-02-06 18:00:00,63.53168167244533,1.1036565898128947,223.68375600418247,0.0
2023-02-06 19:00:00,68.13248263120721,1.2485205626109883,219.21849646019078,0.0
2023-02-06 20:00:00,67.04567446887893,1.3731349302334739,215.3239825664169,0.0
2023-02-06 21:00:00,70.5401219772081,1.4162633915537073,220.96214073902155,0.0
2023-02-06 22:00:00,66.75178455597789,1.0324353877664436,220.33371877978536,0.0
2023-02-06 23:00:00,63.92212372763882,1.0310594002594033,218.53509224805737,0.0
2023-02-07 00:00:00,66.77196449207693,1.4631643680032447,220.794532671243,0.0
2023-02-07 01:00:00,68.32611074174872,1.3293487870837288,221.57219264020875,0.0
2023-02-07 02:00:00,67.46144654359209,1.2165729683737991,218.1067801795769,0.0
2023-02-07 03:00:00,66.52182209332189,1.2946673351109934,219.39733627719323,0.0
2023-02-07 04:00:00,68.20002406876746,1.1940392436297118,222.95350745969785,0.0
2023-02-07 05:00:00,68.50788677133701,1.3049169366095228,218.55675561754126,0.0
2023-02-07 06:00:00,69.14647697311258,1.132786660698852,220.13333951082757,0.0
2023-02-07 07:00:00,66.94612966276893,1.253760986887846,214.75117766791223,0.0
2023-02-07 08:00:00,64.49864575904944,0.8978907899261006,217.0363089978374,0.0
2023-02-07 09:00:00,65.44014105929998,1.0624431410349138,220.3150349946656,0.0
2023-02-07 10:00:00,68.61952689952507,1.0645977646419313,222.4559756191712,0.0
2023-02-07 11:00:00,62.54919298703829,1.1251219933586172,217.275940635998,0.0
2023-02-07 12:00:00,66.1060199266187,1.0146973490440503,220.149128124121,0.0
2023-02-07 13:00:00,63.81998356301792,1.0932912748353836,219.24856418189256,0.0
2023-02-07 14:00:00,65.08623446880445,0.8971171875203758,221.90617610998498,0.0
2023-02-07 15:00:00,68.8353555878219,1.30974009527898,217.56439338935482,0.0
2023-02-07 16:00:00,65.57329720405971,1.183497296217721,220.86015529673497,0.0
2023-02-07 17:00:00,65.13930964446844,0.8589584784447966,218.6926186260075,0.0
2023-02-07 18:00:00,60.92043157706024,1.0330340178906654,220.44607604965296,0.0
2023-02-07 19:00:00,67.23876069808166,1.2673202855124333,220.13786210461694,0.0
2023-02-07 20:00:00,66.93645254342323,1.091395610722842,219.49644185171476,0.0
2023-02-07 21:00:00,71.48976416991638,1.0606117079723807,220.95562369253878,0.0
2023-02-07 22:00:00,64.076665295141,1.1850814645983847,220.08730546860593,0.0
2023-02-07 23:00:00,65.65745098299182,1.2687195070356432,219.7343873958466,0.0
2023-02-08 00:00:00,65.74815105113227,0.9127295085921678,219.28716693195452,0.0
2023-02-08 01:00:00,69.73235983929042,1.310025696243576,220.15519677949067,0.0
2023-02-08 02:00:00,64.71411340283915,1.0399413436785245,220.44408709629215,0.0
2023-02-08 03:00:00,65.83706457731101,1.1964144063500401,218.02171583983875,0.0
2023-02-08 04:00:00,66.82368952914962,1.192915971861698,219.30105752416526,0.0
2023-02-08 05:00:00,65.55982736946908,1.0945867763520452,217.88962811073765,0.0
2023-02-08 06:00:00,63.660699156348414,0.995268050773857,219.92030915443843,0.0
2023-02-08 07:00:00,65.58226997869492,1.1428626903815473,218.81533559029194,0.0
2023-02-08 08:00:00,68.22089524957931,1.525066061815039,221.54156629596253,0.0
2023-02-08 09:00:00,61.92045410176682,0.9276649939072737,221.3454539555134,0.0
2023-02-08 10:00:00,65.39890902244063,1.538462603820975,218.15450287287126,0.0
2023-02-08 11:00:00,62.89963755518248,1.1480557657846935,219.99538530920304,0.0
2023-02-08 12:00:00,68.58513988677453,1.2070742834177277,221.27703315849672,0.0
2023-02-08 13:00:00,60.430439285648674,0.9826578377230545,219.64938335967193,0.0
2023-02-08 14:00:00,63.32323445818523,1.0457461166645037,218.5435649503889,0.0
2023-02-08 15:00:00,66.13163562519357,1.099418069992396,217.8151929439104,0.0
2023-02-08 16:00:00,69.69657208770302,0.9908610058244175,221.70853512315674,0.0
2023-02-08 17:00:00,64.80274921678104,1.1582164085258255,221.80542629656995,0.0
2023-02-08 18:00:00,63.334401419920404,1.1185968216386457,219.58410480225191,0.0
2023-02-08 19:00:00,70.64347120832177,1.5701562284871466,221.53227516905335,0.0
2023-02-08 20:00:00,60.655958298751266,0.9668051628639077,214.06957894022932,0.0
2023-02-08 21:00:00,58.40358213013975,1.2205381033497174,222.65510930141846,0.0
2023-02-08 22:00:00,66.32004335015999,1.2495692563803649,219.68611038944564,0.0
2023-02-08 23:00:00,63.49383732694216,0.9859358902696325,220.28355312159897,0.0
2023-02-09 00:00:00,61.93630154860786,1.3373654990905677,219.35896455266806,0.0
2023-02-09 01:00:00,67.12506934189805,1.1203345974236742,222.791414963735,0.0
2023-02-09 02:00:00,65.7314021413136,0.7015220696833865,217.87853675208893,0.0
2023-02-09 03:00:00,63.307764107789815,1.331969922420913,222.94892065321366,0.0
2023-02-09 04:00:00,61.159086803987314,0.9766118231795272,220.79254184189023,0.0
2023-02-09 05:00:00,67.61737198484043,0.9904450107721802,221.24532843183633,0.0
2023-02-09 06:00:00,66.95060353387598,1.3375804165784797,219.34159087334217,0.0
2023-02-09 07:00:00,64.70247240866185,1.13056770351631,217.38356160420727,0.0
2023-02-09 08:00:00,70.53991098814299,1.3835544301103,221.8610215310722,0.0
2023-02-09 09:00:00,61.789745701021545,1.4420332190730638,220.62281670237866,0.0
2023-02-09 10:00:00,60.42342448722579,1.0710143079355403,222.72324691661763,0.0
2023-02-09 11:00:00,62.92427579035627,1.358652499191006,219.6124473595686,0.0
2023-02-09 12:00:00,64.86324195093351,1.0489078397214235,219.16153724220217,0.0
2023-02-09 13:00:00,65.73001834796807,1.6466231834264353,222.7761764732806,0.0
2023-02-09 14:00:00,64.276291826431,1.061408599093757,223.82378832899488,0.0
2023-02-09 15:00:00,66.05616618954289,1.4052174881920008,220.01869435273147,0.0
2023-02-09 16:00:00,61.245381727428665,1.368758005176315,218.4944850062858,0.0
2023-02-09 17:00:00,69.33129381221978,1.2632175644217867,221.6210615255791,0.0
2023-02-09 18:00:00,64.75354646482229,1.0658913677166633,219.49195886765864,0.0
2023-02-09 19:00:00,68.35188749476438,1.169720501611718,221.1985256508016,0.0
2023-02-09 20:00:00,66.02817603913311,0.7692823774110895,219.4814480512425,0.0
2023-02-09 21:00:00,66.37025965746135,1.24488400767645,223.12802803642361,0.0
2023-02-09 22:00:00,66.70930184069661,1.269923066205677,218.60102098989861,0.0
2023-02-09 23:00:00,66.34312568005194,1.2266998838122742,220.96105932504392,0.0
2023-02-10 00:00:00,66.92816827960263,0.6053387657414885,219.02259605953574,0.0
2023-02-10 01:00:00,68.9874575903973,0.9468727109820377,219.43698687715846,0.0
2023-02-10 02:00:00,65.58956350910441,1.0503818034302674,219.17588869047884,0.0
2023-02-10 03:00:00,67.12701127276554,1.2583317866378092,221.47721613218684,0.0
2023-02-10 04:00:00,64.73079291713832,1.2578677811285968,221.83672622986774,0.0
2023-02-10 05:00:00,69.32035164634841,1.1659552416057641,221.11547765786474,0.0
2023-02-10 06:00:00,62.97082309382219,1.3270491073207913,219.78403306650947,0.0
2023-02-10 07:00:00,70.40282129873245,0.99475152493942,220.28036006200318,0.0
2023-02-10 08:00:00,64.87952614806697,1.3220470011387992,221.79544313691886,0.0
2023-02-10 09:00:00,60.707674693645856,1.2949484209679782,221.85862317441521,0.0
2023-02-10 10:00:00,65.38431324473237,1.275510946567582,214.61944873729294,0.0
2023-02-10 11:00:00,62.956845027575355,1.1635919137828687,219.4555556564546,0.0
2023-02-10 12:00:00,67.52193064696617,1.5661487649662522,219.55148241712104,0.0
2023-02-10 13:00:00,63.04212806209283,1.2986391376979758,221.33850512825234,0.0
2023-02-10 14:00:00,63.66144970035566,1.0063328273492882,219.8664583645785,0.0
2023-02-10 15:00:00,59.331377807163406,1.2496610951471967,221.43836676189858,0.0
2023-02-10 16:00:00,63.64308104225277,1.3504966754148438,217.8426784579389,0.0
2023-02-10 17:00:00,57.72836202011313,1.082378280215138,220.52010903092156,0.0
2023-02-10 18:00:00,60.24829152954283,1.4178544493862197,221.800411306901,0.0
2023-02-10 19:00:00,67.28124396843289,1.276406741143202,217.0512342613637,0.0
2023-02-10 20:00:00,67.3574004759525,0.7315043324669306,225.0272869364178,0.0
2023-02-10 21:00:00,66.2763726853549,1.2599343954675852,222.38177186573304,0.0
2023-02-10 22:00:00,62.09907157061236,1.1187941691174568,220.0027066049313,0.0
2023-02-10 23:00:00,64.85686593157406,1.3074359629083472,218.34318378552246,0.0
2023-02-11 00:00:00,64.98919238272829,1.388842968050363,219.6498296994526,0.0
2023-02-11 01:00:00,61.52490593242237,1.2390324094283636,220.16760471922268,0.0
2023-02-11 02:00:00,69.51019490530145,1.533050446788939,220.8813251136241,0.0
2023-02-11 03:00:00,67.63208687172701,1.1642586230873009,223.00132169892007,0.0
2023-02-11 04:00:00,64.337107478511,1.324963564610775,219.0478030611143,0.0
2023-02-11 05:00:00,65.08065751698359,1.3609885147274694,221.1254196751451,0.0
2023-02-11 06:00:00,65.62514842384266,1.1805308062214535,217.41514167479977,0.0
2023-02-11 07:00:00,58.87479539472713,1.3557548615955564,219.17279857134946,0.0
2023-02-11 08:00:00,64.25846785243822,1.0810654025675661,220.75343369573872,0.0
2023-02-11 09:00:00,62.954047256006604,1.1154863161957562,221.3825249820176,0.0
2023-02-11 10:00:00,61.99513997031525,0.9375022619327374,218.49353504667076,0.0
2023-02-11 11:00:00,64.15669912134213,1.2482818232740094,219.11841660797617,0.0
2023-02-11 12:00:00,70.39305958054857,1.2650503351708688,222.9211132711671,0.0
2023-02-11 13:00:00,66.92252858380103,1.4358526317158458,222.3238172392561,0.0
2023-02-11 14:00:00,63.28646303065161,1.3582280008711767,220.41691443410474,0.0
2023-02-11 15:00:00,66.71774834406848,1.1430408886705132,215.52670969355856,0.0
2023-02-11 16:00:00,69.198066309758,0.9643640625331446,225.02226509538002,0.0
2023-02-11 17:00:00,67.77390104873831,1.2865700805039948,219.9601368766855,0.0
2023-02-11 18:00:00,65.17889110976053,1.4221506344829284,219.37486588395734,0.0
2023-02-11 19:00:00,63.05918966688328,1.3510369947607885,218.95528014829176,0.0
2023-02-11 20:00:00,67.09466994084077,1.4168955049714576,220.7527340743982,0.0
2023-02-11 21:00:00,66.18045615626525,1.1576220937603514,220.77316517834186,0.0
2023-02-11 22:00:00,67.68557966008319,1.1066762063648707,221.901255746253,0.0
2023-02-11 23:00:00,66.9055154050459,1.0526197295536401,218.14787567130196,0.0
2023-02-12 00:00:00,68.14865814595801,1.188820706677281,219.37501024371747,0.0
2023-02-12 01:00:00,63.394294365318295,1.184281840806236,224.06109144644842,0.0
2023-02-12 02:00:00,68.95218219690298,1.2413355257078231,220.44918126649998,0.0
2023-02-12 03:00:00,65.5927988140772,1.1741405085928984,219.6549512533465,0.0
2023-02-12 04:00:00,71.2257826178758,1.1732744540546458,218.1167644688326,0.0
2023-02-12 05:00:00,62.9324365457313,1.0446611894055713,221.0118686116415,0.0
2023-02-12 06:00:00,70.20789140949574,1.3883238027102982,222.0620364340849,0.0
2023-02-12 07:00:00,65.59373235038794,1.2153036124487422,221.74917529161962,0.0
2023-02-12 08:00:00,63.04574598915666,1.1651112131429435,219.48239827278218,0.0
2023-02-12 09:00:00,63.548342497837034,1.050514149350159,220.72250456672708,0.0
2023-02-12 10:00:00,64.03895807541704,0.9336173779217827,223.34331887329722,0.0
2023-02-12 11:00:00,66.27249783920576,1.4615928385098687,222.14176458434295,0.0
2023-02-12 12:00:00,66.92061914016284,1.3672657697953754,218.43167451561337,0.0
2023-02-12 13:00:00,63.98312534029694,0.9878924878240346,214.90798987075706,0.0
2023-02-12 14:00:00,65.98327425138606,1.5216425446489736,220.59354501416848,0.0
2023-02-12 15:00:00,72.83526178006093,1.609848346722678,221.59713625349687,0.0
2023-02-12 16:00:00,71.94319289058383,1.5065653653052564,217.82155101625347,0.0
2023-02-12 17:00:00,68.42164706536013,1.8576503481644362,219.98242095575443,0.0
2023-02-12 18:00:00,67.57879916689897,1.6377101256076751,219.47260186825383,0.0
2023-02-12 19:00:00,68.17699538860549,1.3673395197622746,220.2085726444644,0.0
2023-02-12 20:00:00,70.00956800269829,1.780076053730791,218.9106074257606,0.0
2023-02-12 21:00:00,65.45274906496816,1.8123597420326867,222.58102199525598,0.0
2023-02-12 22:00:00,68.10110982434968,1.6990589401035239,220.29593776126552,0.0
2023-02-12 23:00:00,64.21959989104329,1.990768105403654,218.2419662276705,0.0
2023-02-13 00:00:00,70.77513415654823,1.5988613129590106,221.83492430718744,0.0
2023-02-13 01:00:00,71.87116528389696,2.186845759854755,217.4716248080166,0.0
2023-02-13 02:00:00,68.83213075394694,1.8694460818141208,222.56898875507028,0.0
2023-02-13 03:00:00,75.3557631067715,1.9044192256808188,221.98211884844514,0.0
2023-02-13 04:00:00,67.30861850395073,2.134981524411744,222.77955059064158,0.0
2023-02-13 05:00:00,66.94490352838463,2.300679092650981,219.68350725511678,0.0
2023-02-13 06:00:00,72.36349630075033,2.3032073479299537,219.00777204043325,0.0
2023-02-13 07:00:00,75.18354842896323,2.178228730225806,220.1680435218662,0.0
2023-02-13 08:00:00,77.4461492715567,2.281880733310918,219.83112642728895,0.0
2023-02-13 09:00:00,71.36982608463262,2.2128281502428173,218.694527428873,0.0
2023-02-13 10:00:00,76.33463404958967,2.45083866756135,218.8927533717487,0.0
2023-02-13 11:00:00,73.33517881684999,2.7671169189585196,219.26725430546708,0.0
2023-02-13 12:00:00,73.28493500158599,2.607598116696577,217.6599926271203,0.0
2023-02-13 13:00:00,76.8059093899248,2.8366715833462566,221.35592657919867,0.0
2023-02-13 14:00:00,76.46401088876138,3.0122070281086186,219.895405724858,0.0
2023-02-13 15:00:00,70.12997845862472,2.659861084925001,219.3832430615327,0.0
2023-02-13 16:00:00,79.64088865481149,2.7964881662903354,217.77929167811664,0.0
2023-02-13 17:00:00,79.7036543441325,3.3243794172829215,217.67925404466507,0.0
2023-02-13 18:00:00,74.03880485321788,3.2353475556354256,223.87182810144483,0.0
2023-02-13 19:00:00,77.45501623411505,2.6683359962459803,218.74548507427687,0.0
2023-02-13 20:00:00,78.10180886870737,3.136584592789646,221.22105678841865,0.0
2023-02-13 21:00:00,77.7538522833872,3.115604956214418,220.32526893980037,0.0
2023-02-13 22:00:00,75.67302820043557,3.3371216080872452,214.4496230777838,0.0
2023-02-13 23:00:00,75.66118623421401,3.079173260587496,223.5849016462772,0.0
2023-02-14 00:00:00,77.95150680111017,3.1165853678453868,221.36816795755223,0.0
2023-02-14 01:00:00,81.89846874791894,3.2056309273638135,218.46465969139038,0.0
2023-02-14 02:00:00,80.36319482998049,3.282797389351863,219.9432669911408,0.0
2023-02-14 03:00:00,77.9726640459952,3.616585960122366,217.70163326519267,0.0
2023-02-14 04:00:00,81.7517158502549,3.2736189202998016,223.65244095692228,0.0
2023-02-14 05:00:00,71.24310453247597,3.4416744031067275,218.18468458351708,0.0
2023-02-14 06:00:00,83.58714217153884,3.2647327331673175,218.95383200661067,0.0
2023-02-14 07:00:00,75.27381641014458,3.8802968041190944,218.5408778437048,0.0
2023-02-14 08:00:00,79.75774759832582,3.989417287491862,220.16075880041834,0.0
2023-02-14 09:00:00,77.83817341471311,3.726134609601891,222.74063300027862,0.0
2023-02-14 10:00:00,77.66525134748517,3.7882974509810174,223.57874889819033,0.0
2023-02-14 11:00:00,85.38388881283979,3.9948697325692555,219.2020077115554,0.0
2023-02-14 12:00:00,80.85041752282488,4.255459781757342,220.75651796463583,0.0
2023-02-14 13:00:00,83.64514544800905,4.098623557963488,220.16381082520815,0.0
2023-02-14 14:00:00,82.81698474223569,3.933731048124695,218.03678147111188,0.0
2023-02-14 15:00:00,84.74098163659895,3.805812950391444,224.8451111491919,0.0
2023-02-14 16:00:00,83.89243750416668,3.962890240425049,222.72551912459252,0.0
2023-02-14 17:00:00,80.16510783447654,4.256897411189254,220.37823169942206,0.0
2023-02-14 18:00:00,87.35499764144001,4.167526044655616,223.16375218699798,0.0
2023-02-14 19:00:00,83.237040109671,4.393923118662941,222.4242134254356,0.0
2023-02-14 20:00:00,80.400676839232,4.300682802386556,220.16372268216352,0.0
2023-02-14 21:00:00,84.13818972836987,4.2559763475439345,220.651927210656,0.0
2023-02-14 22:00:00,90.27692725922688,4.288537335681217,223.02425228475332,0.0
2023-02-14 23:00:00,88.67742578972076,4.892752592015491,212.62588411615587,0.0
2023-02-15 00:00:00,85.43291683621304,4.814417268146587,209.18516541542053,0.0
2023-02-15 01:00:00,85.78321280253768,5.039061336844465,209.88774783493022,0.0
2023-02-15 02:00:00,86.21819343789714,4.857285954798908,208.40693142032345,0.0
2023-02-15 03:00:00,93.76545521828815,4.719635521093934,209.6039885305432,0.0
2023-02-15 04:00:00,89.03313030035663,5.126640015483903,213.32377734595946,0.0
2023-02-15 05:00:00,89.52956156129152,4.911696258882576,205.1847002127788,0.0
2023-02-15 06:00:00,91.68239965787018,5.018816241382014,211.50326361321788,0.0
2023-02-15 07:00:00,89.66002944891054,5.022421039677854,205.63510792773636,0.0
2023-02-15 08:00:00,88.5186482104252,4.497943099805169,216.02693785915164,0.0
2023-02-15 09:00:00,89.05883777668873,5.464608974289956,203.6239963070888,0.0
2023-02-15 10:00:00,89.78519622175781,5.298200789191551,208.4091520215284,0.0
2023-02-15 11:00:00,64.88833329047047,1.265964612173702,218.5490565812838,1.0
2023-02-15 12:00:00,67.18288863091094,1.1876447875458878,217.84331041512795,0.0
2023-02-15 13:00:00,65.1558376574219,1.232685564077226,223.01995922083097,0.0
2023-02-15 14:00:00,67.19792023164673,1.0805442128307505,222.51535395570642,0.0
2023-02-15 15:00:00,64.75785025967426,1.3233158704614543,221.18406361878922,0.0
2023-02-15 16:00:00,65.23590557094828,0.9385803311201735,218.72439186504494,0.0
2023-02-15 17:00:00,59.005397946403676,1.2372136864941092,222.67010373358826,0.0
2023-02-15 18:00:00,67.74898302410745,1.312314694114221,216.8237401480089,0.0
2023-02-15 19:00:00,66.03946542769398,1.1602661732354194,224.28396528029586,0.0
2023-02-15 20:00:00,67.99403032957896,1.2741735584942049,218.6307404056449,0.0
2023-02-15 21:00:00,56.311233865418934,1.00173312155315,219.4759295563171,0.0
2023-02-15 22:00:00,71.26512411434219,1.006834645820807,219.14131229901056,0.0
2023-02-15 23:00:00,64.58123111553448,1.2473434242052786,217.85378517180266,0.0
2023-02-16 00:00:00,68.32454845021255,1.3357099309242102,223.85022624787385,0.0
2023-02-16 01:00:00,61.88028221862341,0.8250268688996578,221.57778926156897,0.0
2023-02-16 02:00:00,66.8383217151877,1.3044041270221534,222.43094108415957,0.0
2023-02-16 03:00:00,61.83975331047903,1.0913596999247326,217.55266145587845,0.0
2023-02-16 04:00:00,63.12869311791258,1.1614387825385175,220.361875654008,0.0
2023-02-16 05:00:00,70.74209406160035,0.9320964152869925,221.0420573786628,0.0
2023-02-16 06:00:00,64.42795279770996,1.0296765519626583,220.5415130470997,0.0
2023-02-16 07:00:00,65.65229861953917,1.3932250651060623,217.679253097864,0.0
2023-02-16 08:00:00,67.61020319206627,1.2065726747960426,222.15100004226127,0.0
2023-02-16 09:00:00,66.48704566391781,1.1234443196580883,220.2431001655703,0.0
2023-02-16 10:00:00,65.45125671543073,1.176702329473793,218.090071928714,0.0
2023-02-16 11:00:00,66.09488300739868,1.29784236493286,216.2894989208947,0.0
2023-02-16 12:00:00,72.21024675571482,1.2880988992326676,221.21333302697977,0.0
2023-02-16 13:00:00,64.82714360889925,1.1849945999206397,224.900911468263,0.0
2023-02-16 14:00:00,65.6032971401449,1.4185918221793337,217.96949145330743,0.0
2023-02-16 15:00:00,68.15196318802283,1.3940925273813332,220.34089410082592,0.0
2023-02-16 16:00:00,68.31657779887395,1.282674405826079,222.22099455818315,0.0
2023-02-16 17:00:00,68.56109091668114,1.210922356582014,217.4606954677974,0.0
2023-02-16 18:00:00,66.91619066608756,1.3314642190239079,219.04008646182996,0.0
2023-02-16 19:00:00,61.57098526180855,1.2628534843602366,218.2796824414772,0.0
2023-02-16 20:00:00,69.9002945969033,1.4121600143611894,221.9693533896491,0.0
2023-02-16 21:00:00,61.56096382094394,1.3799122753476616,222.65104513870813,0.0
2023-02-16 22:00:00,65.9079063957171,0.9963492197164543,220.31807252946348,0.0
2023-02-16 23:00:00,62.73717244994192,0.9828073658516587,218.3165318620118,0.0
2023-02-17 00:00:00,64.80758496022102,1.0597500911191846,219.1144181241443,0.0
2023-02-17 01:00:00,65.98628723091043,1.3952277380133842,218.7390029715065,0.0
2023-02-17 02:00:00,65.96407164635082,0.8847382006457508,218.045462276754,0.0
2023-02-17 03:00:00,66.26576226270585,1.2789514778215987,219.79592359836306,0.0
2023-02-17 04:00:00,69.84113380717594,1.2725086182185923,221.14965296892373,0.0
2023-02-17 05:00:00,66.36060290454193,1.4325296117372386,220.98051488885704,0.0
2023-02-17 06:00:00,64.26753009412805,1.2360677381327774,219.98353527086098,0.0
2023-02-17 07:00:00,67.89226150486508,0.9313581218832199,220.11410767365072,0.0
2023-02-17 08:00:00,68.56841146677392,1.0081290078703753,219.83689840982044,0.0
2023-02-17 09:00:00,61.317176554589025,0.963600895620435,217.40557692166746,0.0
2023-02-17 10:00:00,66.79220020954958,1.092411206733372,220.32026979396574,0.0
2023-02-17 11:00:00,67.10351822693269,1.1634196865152147,218.8327488290907,0.0
2023-02-17 12:00:00,64.10730948992003,0.9669116947557885,217.30531356168112,0.0
2023-02-17 13:00:00,69.12712043993486,1.494132398130458,220.74141113423116,0.0
2023-02-17 14:00:00,64.54983323890242,0.9349437256095117,218.7765399271629,0.0
2023-02-17 15:00:00,65.37672936041463,1.469220684772496,220.45550784251768,0.0
2023-02-17 16:00:00,64.48078452714839,1.437032606287868,221.69527563013887,0.0
2023-02-17 17:00:00,65.0467371427444,1.379660509937807,218.09952255770955,0.0
2023-02-17 18:00:00,61.711174739314394,1.0612466785006498,220.18424256414593,0.0
2023-02-17 19:00:00,60.67984735221712,1.2684901758353802,216.37915423653928,0.0
2023-02-17 20:00:00,69.78351518967492,0.9445257732898764,223.06506618121855,0.0
2023-02-17 21:00:00,62.459115955045014,1.3821814070067497,217.28186700622243,0.0
2023-02-17 22:00:00,62.02582295163108,1.185203043692746,218.97036067520526,0.0
2023-02-17 23:00:00,58.539829659188854,1.118135957082663,222.6767598075279,0.0
2023-02-18 00:00:00,63.083114756931494,0.9552510306687461,219.53095414783803,0.0
2023-02-18 01:00:00,61.03073061977751,0.7044987762741965,217.6052046273994,0.0
2023-02-18 02:00:00,69.9260454804091,0.9922918285928488,221.42614646457307,0.0
2023-02-18 03:00:00,68.0294512680279,1.4225596391225812,221.38106492430236,0.0
2023-02-18 04:00:00,62.93554896446683,1.1194333143050392,218.73362732126952,0.0
2023-02-18 05:00:00,71.75730741603293,1.1661342285769905,218.9501469584392,0.0
2023-02-18 06:00:00,67.94529646097479,1.3311108716576905,219.12918205876383,0.0
2023-02-18 07:00:00,64.02550584947413,1.561133775623253,219.58595207862794,0.0
2023-02-18 08:00:00,57.50178285537928,1.4650009309891276,216.21405784615638,0.0
2023-02-18 09:00:00,71.87282771777222,1.0055329992367623,219.6371522777638,0.0
2023-02-18 10:00:00,60.83128259970921,0.8114858857125187,223.5678283963663,0.0
2023-02-18 11:00:00,60.06380375912933,1.6719228518200207,218.20806006552658,0.0
2023-02-18 12:00:00,68.06771129602892,1.6537983223318906,218.83301281306046,0.0
2023-02-18 13:00:00,72.31925721901781,1.2376907192858564,217.6327646736072,0.0
2023-02-18 14:00:00,69.15281845553156,0.9459023508836356,221.22432385279072,0.0
2023-02-18 15:00:00,66.69172736015707,1.3926453067787878,222.40639471628475,0.0
2023-02-18 16:00:00,66.78426302499585,1.1784032627974779,222.36063567835524,0.0
2023-02-18 17:00:00,67.56024667634092,1.177403775378678,217.50397882221267,0.0
2023-02-18 18:00:00,67.2767857693603,1.3788917686210258,220.99958346099393,0.0
2023-02-18 19:00:00,65.84357427190812,1.2668749493746596,222.86750006842848,0.0
2023-02-18 20:00:00,65.31260331185563,0.9628370177970109,221.01932621542025,0.0
2023-02-18 21:00:00,64.81222061630143,1.1350516129836052,220.95681936668754,0.0
2023-02-18 22:00:00,62.73810623339997,1.3322305857322694,219.0567148427297,0.0
2023-02-18 23:00:00,64.15797476939967,1.3020504444810037,220.44021964758733,0.0
2023-02-19 00:00:00,59.92112955741384,1.252403314871695,222.4726363594128,0.0
2023-02-19 01:00:00,64.70498111961575,1.3866845908951728,220.65641793685754,0.0
2023-02-19 02:00:00,62.03422667854725,1.127656602436547,217.50345048794054,0.0
2023-02-19 03:00:00,61.689232048352686,1.2357339550438144,219.08791665142806,0.0
2023-02-19 04:00:00,65.53968245346043,0.5248841799644799,222.41855907777799,0.0
2023-02-19 05:00:00,69.1760068590338,1.110069961231437,220.64948664070218,0.0
2023-02-19 06:00:00,67.75494981800693,1.3527805817151288,220.23812415648615,0.0
2023-02-19 07:00:00,60.28849818913047,1.1219211065765715,218.8919689335066,0.0
2023-02-19 08:00:00,62.03111559028899,1.1067545216565775,222.37719836106888,0.0
2023-02-19 09:00:00,67.82231356396464,0.9917094096450363,223.3248251956445,0.0
2023-02-19 10:00:00,62.05253781938507,1.400673178545829,222.52637824603607,0.0
2023-02-19 11:00:00,64.32610055000893,1.309692654708114,222.88518324289075,0.0
2023-02-19 12:00:00,66.65015629707365,1.365082919564617,219.28258751846766,0.0
2023-02-19 13:00:00,62.094966635409094,0.854757207608422,218.9996618052522,0.0
2023-02-19 14:00:00,65.31612651843788,1.1679099913468731,219.68730965300162,0.0
2023-02-19 15:00:00,60.99792351524539,1.1439777984499988,220.0771464839525,0.0
2023-02-19 16:00:00,63.19589706814636,1.1438856586802895,222.8620395602505,0.0
2023-02-19 17:00:00,65.9593458024276,1.0767944912564087,222.33177347893684,0.0
2023-02-19 18:00:00,60.221018799404995,1.1307791456439968,221.076938774509,0.0
2023-02-19 19:00:00,66.3214242138812,1.3699289565413304,217.13762646830622,0.0
2023-02-19 20:00:00,64.94108660321996,0.817429729330434,216.62395631080625,0.0
2023-02-19 21:00:00,66.65746986325145,1.5554589536060908,220.4809254896034,0.0
2023-02-19 22:00:00,65.67174240219398,1.2967682250052923,221.76052641120143,0.0
2023-02-19 23:00:00,69.09242128992153,1.1915336208679574,219.84086590202773,0.0
2023-02-20 00:00:00,65.37567350794372,1.3813668292745853,223.82980900995682,0.0
2023-02-20 01:00:00,63.71178337662424,0.9096330509663129,217.83511791243913,0.0
2023-02-20 02:00:00,65.36689250909686,1.067059818969797,217.5832961010088,0.0
2023-02-20 03:00:00,66.62989408710916,1.1757849135218892,218.67143805105135,0.0
2023-02-20 04:00:00,65.1465802109771,1.4731120740864354,218.59540557361754,0.0
2023-02-20 05:00:00,65.12177507361164,1.1907006837746883,221.05257173736396,0.0
2023-02-20 06:00:00,62.89402493657973,1.2900109342370292,219.156576296313,0.0
2023-02-20 07:00:00,63.01129724734716,1.0820842008127745,216.90431907744266,0.0
2023-02-20 08:00:00,60.79218418460092,1.2973684137934982,221.78315691339023,0.0
2023-02-20 09:00:00,70.24873022956082,1.5354479185948913,216.48009614785573,0.0
2023-02-20 10:00:00,61.26841029382614,1.3991053383348229,217.8575635539786,0.0
2023-02-20 11:00:00,62.92128440661228,1.183708802444424,216.75458685851225,0.0
2023-02-20 12:00:00,62.84477820329241,1.335098169453094,220.41424255414174,0.0
2023-02-20 13:00:00,67.68477313083332,1.3155033909214424,220.37209542430242,0.0
2023-02-20 14:00:00,64.11515096512392,1.3013175343394552,223.83290864203272,0.0
2023-02-20 15:00:00,68.7432262180212,1.4223906721720818,221.8276533122911,0.0
2023-02-20 16:00:00,62.979528127268395,1.4208955407674932,222.8832923666844,0.0
2023-02-20 17:00:00,65.8369824866714,1.174568280625023,220.57721930259697,0.0
2023-02-20 18:00:00,62.49395884022073,1.3283758122955538,218.04613635781888,0.0
2023-02-20 19:00:00,71.43544738332017,1.1233810157680413,220.25621520398698,0.0
2023-02-20 20:00:00,61.43720474291146,1.0153855207368845,221.1848420147746,0.0
2023-02-20 21:00:00,65.92946213068109,1.1461012488592026,221.40761476450314,0.0
2023-02-20 22:00:00,66.9013306427963,1.1847443696520834,219.0551757117833,0.0
2023-02-20 23:00:00,66.24139729235449,0.8676838021644016,220.9775729475648,0.0
2023-02-21 00:00:00,64.44413702336688,1.372066511883344,218.13394405831747,0.0
2023-02-21 01:00:00,64.61053790079973,0.6465349154795204,217.91344481177856,0.0
2023-02-21 02:00:00,65.13143441593733,1.7429633878972641,217.76843057722903,0.0
2023-02-21 03:00:00,64.55899399511453,1.5003758267592637,220.04925197711358,0.0
2023-02-21 04:00:00,67.89163735038473,1.1477982551655372,217.64432728984738,0.0
2023-02-21 05:00:00,71.63156900477405,1.2018852721127546,219.15051122025798,0.0
2023-02-21 06:00:00,63.3275246449765,1.2605943747174566,221.8058331028279,0.0
2023-02-21 07:00:00,60.89059106126277,1.0821679224022116,217.9417406438434,0.0
2023-02-21 08:00:00,64.73515385494623,1.2385238295173873,218.99137593299136,0.0
2023-02-21 09:00:00,72.73912801296295,1.1712000044596678,220.14326255355235,0.0
2023-02-21 10:00:00,62.588976296090806,1.1811454565538066,220.49377380306453,0.0
2023-02-21 11:00:00,69.9173504163322,1.2362922126961278,219.00141881838888,0.0
2023-02-21 12:00:00,70.03310244222932,0.9372944403292011,221.5737201374703,0.0
2023-02-21 13:00:00,63.33923527487602,1.2079139448267295,221.18090460156944,0.0
2023-02-21 14:00:00,66.70694923755583,1.2326895493234955,222.2797132087234,0.0
2023-02-21 15:00:00,69.88518986938561,1.2257699242711828,219.8367961513059,0.0
2023-02-21 16:00:00,63.86261677703754,1.156833848912769,218.9743623810873,0.0
2023-02-21 17:00:00,64.38925891969292,1.4275715551938744,218.63473595597574,0.0
2023-02-21 18:00:00,63.25495725815407,1.1292694890236896,220.6140550358587,0.0
2023-02-21 19:00:00,61.9557298079214,1.245465181364638,219.24568843437746,0.0
2023-02-21 20:00:00,63.05216736480198,1.459459506785109,218.86166044463843,0.0
2023-02-21 21:00:00,61.32817919971323,1.1841247719959376,219.10342547150935,0.0
2023-02-21 22:00:00,65.10225040477768,1.2428926534935103,218.6326190297515,0.0
2023-02-21 23:00:00,62.69008030682407,1.1807230727370206,220.39804222552547,0.0
2023-02-22 00:00:00,65.70135773537224,1.4474739587127199,217.1748336349119,0.0
2023-02-22 01:00:00,60.332313061389115,1.1484550876827408,220.60603258494993,0.0
2023-02-22 02:00:00,65.99264069664338,1.4566709154576412,221.3530975208059,0.0
2023-02-22 03:00:00,67.50058688482677,1.179282421070587,218.8382417236454,0.0
2023-02-22 04:00:00,59.01879307228563,1.0281080553103965,223.84407387921308,0.0
2023-02-22 05:00:00,66.12216970954272,1.3358746341148242,220.0352426219537,0.0
2023-02-22 06:00:00,68.68300697741988,1.1390664332488687,216.87731403380022,0.0
2023-02-22 07:00:00,61.37107694392638,1.3241001798198324,219.43751418732666,0.0
2023-02-22 08:00:00,70.01771716051312,0.6541191230152531,220.1253122898716,0.0
2023-02-22 09:00:00,66.25705702809813,1.2010410523789892,220.89793511114044,0.0
2023-02-22 10:00:00,62.88496443272477,1.1080789402485038,219.4851389517783,0.0
2023-02-22 11:00:00,64.83269276702688,0.9873482626937443,217.97685944859123,0.0
2023-02-22 12:00:00,66.67498073756516,1.08935179963204,217.81003876377542,0.0
2023-02-22 13:00:00,65.22801617423724,1.0852593711414698,218.69280142963666,0.0
2023-02-22 14:00:00,66.6162679773391,1.1904028410298837,218.88444927496246,0.0
2023-02-22 15:00:00,62.2379792207619,0.9265347077430088,217.73005167020148,0.0
2023-02-22 16:00:00,65.50808247210823,1.2632547560519427,218.53437367779262,0.0
2023-02-22 17:00:00,60.75885650928506,1.4732429570411576,221.31891704887872,0.0
2023-02-22 18:00:00,64.66632181595389,1.2561856993895653,223.29682521538896,0.0
2023-02-22 19:00:00,62.288277075605635,1.3617977218458017,221.51092342774191,0.0
2023-02-22 20:00:00,62.7934101722307,1.418912490922759,222.61172217237362,0.0
2023-02-22 21:00:00,68.70827952563131,1.4472979024368353,221.9482369364674,0.0
2023-02-22 22:00:00,68.2739303617828,1.574027738564261,221.66626065679668,0.0
2023-02-22 23:00:00,66.82741436272153,1.100159600344814,219.32440747388534,0.0
2023-02-23 00:00:00,61.72306170598226,1.0563032029677766,220.2818217567739,0.0
2023-02-23 01:00:00,64.0507746509156,1.356693129664947,219.15876131508796,0.0
2023-02-23 02:00:00,68.63929309993755,1.3416532439314799,219.56178567533274,0.0
2023-02-23 03:00:00,65.42515074091972,1.3551350599231378,220.13633420077318,0.0
2023-02-23 04:00:00,71.95798861994508,1.5778564908500503,221.42713230315806,0.0
2023-02-23 05:00:00,66.17995351818311,1.2022739817596988,220.84664676303024,0.0
2023-02-23 06:00:00,65.57614734947009,1.285231311929237,219.6763414739713,0.0
2023-02-23 07:00:00,64.07265060739249,1.003922349703305,220.11107748178333,0.0
2023-02-23 08:00:00,65.40062271434685,1.6270642247951916,220.86692734838707,0.0
2023-02-23 09:00:00,64.54259049085837,1.1326910157581778,221.33478887611568,0.0
2023-02-23 10:00:00,67.12432603006577,1.138356814367834,216.9620096734856,0.0
2023-02-23 11:00:00,67.87010695038376,1.1306500217983515,217.84522207220212,0.0
2023-02-23 12:00:00,62.64203161847615,1.0710208282711324,222.21462106787868,0.0
2023-02-23 13:00:00,61.006301139326666,1.0541125902304702,219.87826086013789,0.0
2023-02-23 14:00:00,59.49138388069011,1.0952591434220948,219.15184681326605,0.0
2023-02-23 15:00:00,66.52397398073764,0.926840814389811,219.47300105414791,0.0
2023-02-23 16:00:00,61.68990018147838,1.0429364159473522,219.4725893888469,0.0
2023-02-23 17:00:00,58.54132822114255,1.5897926222895238,221.11587556304875,0.0
2023-02-23 18:00:00,66.16573581359289,1.3471310287282736,217.78396721203848,0.0
2023-02-23 19:00:00,72.47899855229838,1.3851808353455435,220.04955549299353,0.0
2023-02-23 20:00:00,64.98178726538032,1.4354417574833829,220.4922354589008,0.0
2023-02-23 21:00:00,67.51547232335493,1.566826912872478,220.792535833131,0.0
2023-02-23 22:00:00,65.2454880756427,0.8457154897112311,220.4457279924206,0.0
2023-02-23 23:00:00,64.70333104042658,0.9540233769426918,221.03181246062806,0.0
2023-02-24 00:00:00,67.7572294489633,1.039255267821063,218.85460769788338,0.0
2023-02-24 01:00:00,64.12917636743404,1.1060540407020805,218.11639453535008,0.0
2023-02-24 02:00:00,65.80217694221571,1.1398861218829501,224.91400888650102,0.0
2023-02-24 03:00:00,65.96509341858804,1.1106044894387919,219.39747063085153,0.0
2023-02-24 04:00:00,62.995728639070855,1.2438617826264107,219.63109105869086,0.0
2023-02-24 05:00:00,67.97612704860957,1.2070590781490431,221.35568019543578,0.0
2023-02-24 06:00:00,64.47512072991377,1.05543304096435,223.19217858438847,0.0
2023-02-24 07:00:00,62.73276452152147,0.7648902446024859,218.9109437661306,0.0
2023-02-24 08:00:00,66.60952953071121,1.0014262589242602,218.00236946362094,0.0
2023-02-24 09:00:00,62.304596054626884,1.090152269337485,217.51569329841678,0.0
2023-02-24 10:00:00,65.08454347210738,1.1505841126384562,223.18621244300584,0.0
2023-02-24 11:00:00,64.97264301006739,0.9740665081378925,217.92378602707794,0.0
2023-02-24 12:00:00,68.25768669749473,1.1018387067007158,219.94488812696886,0.0
2023-02-24 13:00:00,66.42409469863986,0.9738025223028827,218.04543033591406,0.0
2023-02-24 14:00:00,64.92491912376457,1.1748361296903334,217.10328816408338,0.0
2023-02-24 15:00:00,67.45329889760086,0.9853817343274769,219.41524929381262,0.0
2023-02-24 16:00:00,69.17062264705194,1.030219068725907,218.1244266673177,0.0
2023-02-24 17:00:00,66.67343091905559,0.9382631738021721,218.61674314915336,0.0
2023-02-24 18:00:00,65.03105785953014,1.1692998608860432,224.0122101948348,0.0
2023-02-24 19:00:00,61.06449130294952,1.0267104460095202,220.8497922083448,0.0
2023-02-24 20:00:00,61.80465901077388,1.381356853335086,221.86293903910797,0.0
2023-02-24 21:00:00,64.084325886936,1.2811700533385797,221.6493191256985,0.0
2023-02-24 22:00:00,63.17146339352215,1.1860296263632712,219.79827815384195,0.0
2023-02-24 23:00:00,64.43908609104366,1.0405029005312423,219.12056328124476,0.0
2023-02-25 00:00:00,65.16994977469132,1.2761040610632606,220.49786922372223,0.0
2023-02-25 01:00:00,66.58907826307019,1.3381401778697273,220.33690153986498,0.0
2023-02-25 02:00:00,64.78850366582273,1.228537682440326,218.86238916566938,0.0
2023-02-25 03:00:00,66.4595049314786,1.520740371093386,220.25969566093372,0.0
2023-02-25 04:00:00,65.19342324443036,1.2919274636149631,218.5873405866074,0.0
2023-02-25 05:00:00,59.07360030093839,1.3827214435136068,219.65708413871832,0.0
2023-02-25 06:00:00,62.18199381854374,1.2267130831071955,219.32943305096532,0.0
2023-02-25 07:00:00,64.56773733283515,1.3351328906513953,217.46225481478845,0.0
2023-02-25 08:00:00,61.370915771476675,1.0406437534661648,215.29768357377566,0.0
2023-02-25 09:00:00,66.79978618998861,1.1083203273574411,218.1218735001206,0.0
2023-02-25 10:00:00,69.5922524970311,1.269872710696476,223.6082093291726,0.0
2023-02-25 11:00:00,68.65628555509196,1.2684198963114763,219.38063643592653,0.0
2023-02-25 12:00:00,64.35967138720937,1.3015223645886493,221.5519363217928,0.0
2023-02-25 13:00:00,69.47217841054986,1.4200785784557457,215.7511097138133,0.0
2023-02-25 14:00:00,65.44600237160634,0.9150057656369175,217.98342786407133,0.0
2023-02-25 15:00:00,63.988742086645885,1.0051094904779407,217.2910207652753,0.0
2023-02-25 16:00:00,63.15979200937718,1.2459145282148505,219.59539997982577,0.0
2023-02-25 17:00:00,64.09259094053562,1.0551272736393078,224.8439109610705,0.0
2023-02-25 18:00:00,63.835469544376316,1.8755536482578723,220.92047788645584,0.0
2023-02-25 19:00:00,65.51124866712647,1.3031439238340272,223.39122506655616,0.0
2023-02-25 20:00:00,65.4817219431496,1.1843338302139685,219.49112654462868,0.0
2023-02-25 21:00:00,65.00913806046024,1.096906145383228,222.72973874771014,0.0
2023-02-25 22:00:00,66.31081450923905,1.1039675433613911,224.14651341336577,0.0
2023-02-25 23:00:00,68.57193882435902,1.2060281322630355,219.7812618671791,0.0
2023-02-26 00:00:00,67.84866240632397,1.2223963865242515,218.92147057754528,0.0
2023-02-26 01:00:00,60.545306094650286,1.1086601710612973,217.3643781260197,0.0
2023-02-26 02:00:00,57.338236595294134,1.1453695506960195,219.38187948284607,0.0
2023-02-26 03:00:00,67.80295973371783,1.4688569150469193,220.1637933504016,0.0
2023-02-26 04:00:00,60.899363904753734,1.4769009925302068,224.0619072346983,0.0
2023-02-26 05:00:00,64.32570379432195,1.2504067959869754,217.41005205180784,0.0
2023-02-26 06:00:00,61.48966092182192,0.9317480545526524,220.11932378739397,0.0
2023-02-26 07:00:00,59.59405868725994,1.3077006313278086,216.37138375722077,0.0
2023-02-26 08:00:00,66.62438818461436,1.510856488322205,219.14647434232288,0.0
2023-02-26 09:00:00,67.27746548090794,1.4739562203924756,220.62279071482405,0.0
2023-02-26 10:00:00,63.270468797819845,1.3468851705619334,221.02516630537713,0.0
2023-02-26 11:00:00,57.22687312356527,1.4844845910571642,221.17804615928384,0.0
2023-02-26 12:00:00,63.36126665524255,1.2106768544958042,220.79480806577368,0.0
2023-02-26 13:00:00,66.17541201620764,1.325620593966741,221.1608438801925,0.0
2023-02-26 14:00:00,60.56326529367762,1.063844886734964,220.09147825800534,0.0
2023-02-26 15:00:00,65.55007975933746,1.2584530912311425,217.90426738802205,0.0
2023-02-26 16:00:00,64.95407045248102,1.465906848794105,216.2966860726399,0.0
2023-02-26 17:00:00,66.73787449880327,1.0821153177026217,218.90662435652555,0.0
2023-02-26 18:00:00,65.35874110524246,1.0277113141071426,219.73076913387354,0.0
2023-02-26 19:00:00,62.08079317735533,1.2194977878047393,222.50786359435097,0.0
2023-02-26 20:00:00,68.58971450499348,1.1546675592552,219.79879664968763,0.0
2023-02-26 21:00:00,64.5244112809191,1.329829544214084,219.6068619315666,0.0
2023-02-26 22:00:00,64.9180863814702,1.1093480948105916,220.77105425368356,0.0
2023-02-26 23:00:00,62.20019612278041,1.5436879231205427,219.4599760250976,0.0
2023-02-27 00:00:00,63.67015324642547,0.9420647804077888,221.6210839978939,0.0
2023-02-27 01:00:00,62.345591857919295,1.4507469572439469,223.95866723676775,0.0
2023-02-27 02:00:00,64.48116182022973,1.0470301543383793,224.3815710284214,0.0
2023-02-27 03:00:00,70.13512544042703,0.8408034530831953,220.194081254489,0.0
2023-02-27 04:00:00,60.88429657120593,1.2475750312697735,220.6737847293909,0.0
2023-02-27 05:00:00,60.159315806369776,1.1490784027972232,223.15771224074697,0.0
2023-02-27 06:00:00,69.41351098248083,0.9780781264193938,219.70007595420745,0.0
2023-02-27 07:00:00,64.3720289685444,0.8637246216569472,221.35838428384835,0.0
2023-02-27 08:00:00,62.99278178402025,1.1983278425457087,217.72967974062834,0.0
2023-02-27 09:00:00,68.11971406218822,1.3951673783247636,219.37832170345,0.0
2023-02-27 10:00:00,63.183153380789406,1.3169906986172888,222.31222923329062,0.0
2023-02-27 11:00:00,70.47802914064081,1.211341329767853,218.56360873242474,0.0
2023-02-27 12:00:00,67.03377761401781,1.295769514643547,219.74389764254065,0.0
2023-02-27 13:00:00,63.53626577556289,1.1945571735244285,216.85158070879575,0.0
2023-02-27 14:00:00,71.47192463979651,0.9140551513939257,224.01153658901927,0.0
2023-02-27 15:00:00,63.182855230989986,0.9158212029553112,222.5260561396338,0.0
2023-02-27 16:00:00,67.22628611602792,1.1593662942030643,220.3761991323055,0.0
2023-02-27 17:00:00,65.89787774121947,1.167869342726785,221.01502574416466,0.0
2023-02-27 18:00:00,68.9052238681964,1.370196535701353,220.79179621388673,0.0
2023-02-27 19:00:00,69.68453359018056,1.3514608447549494,222.76862350606157,0.0
2023-02-27 20:00:00,65.0960124471973,1.3210266031517899,218.96239991525727,0.0
2023-02-27 21:00:00,62.73974638896145,1.1439434573845637,221.46453523985647,0.0
2023-02-27 22:00:00,66.37991642881735,0.9238695659779721,222.15483299770435,0.0
2023-02-27 23:00:00,62.96685389074368,1.2824142274132047,222.4306519409529,0.0
2023-02-28 00:00:00,71.04016174257987,1.3050338626524336,215.48125823233661,0.0
2023-02-28 01:00:00,65.4096059932482,0.7222937075044628,218.8014510434697,0.0
2023-02-28 02:00:00,63.90403534606367,1.0331323626834674,217.96165875739618,0.0
2023-02-28 03:00:00,65.55404091759472,1.0617891245212208,220.29917657114137,0.0
2023-02-28 04:00:00,60.95862113141091,1.2236700402246872,215.96793956097144,0.0
2023-02-28 05:00:00,62.085157884468046,1.0393279134468612,215.90875421810878,0.0
2023-02-28 06:00:00,68.60124172383328,1.1923730862350719,224.3401899837525,0.0
2023-02-28 07:00:00,63.029317163085814,1.1578930119294015,221.2353787765267,0.0
2023-02-28 08:00:00,61.859267051954184,1.1681701056924543,220.24201848639763,0.0
2023-02-28 09:00:00,66.60995825758185,1.0567211412598507,220.72734529567796,0.0
2023-02-28 10:00:00,68.55711246398899,1.0722029891866645,220.29268184749836,0.0
2023-02-28 11:00:00,67.1568599319952,0.9839465880438614,221.99470131310306,0.0
2023-02-28 12:00:00,67.98814305741745,1.2760134881147664,218.73511161587203,0.0
2023-02-28 13:00:00,62.729614734291616,1.3142205257182735,220.37322965214713,0.0
2023-02-28 14:00:00,60.73456799977447,1.0458764099749323,220.45484253587543,0.0
2023-02-28 15:00:00,69.50400095586646,1.5041280192034088,217.90628408308334,0.0
2023-02-28 16:00:00,64.0319604834736,1.1370797105115902,222.5539661181261,0.0
2023-02-28 17:00:00,64.24750095063486,1.506037124759312,219.10864652019717,0.0
2023-02-28 18:00:00,68.98458242554717,1.0715745652336792,222.0348433396178,0.0
2023-02-28 19:00:00,66.66869002820198,0.7946844446801129,220.22982545274297,0.0
2023-02-28 20:00:00,66.36766331624483,1.2804395649824702,223.2671696648181,0.0
2023-02-28 21:00:00,71.49500703470325,1.2497090210237973,217.91724182295695,0.0
2023-02-28 22:00:00,63.06944530885957,1.2068787590615166,217.8304823969791,0.0
2023-02-28 23:00:00,67.78352038424372,1.071553504311202,218.1886088179914,0.0
2023-03-01 00:00:00,65.17103937469125,1.193085554902836,220.26659110102875,0.0
2023-03-01 01:00:00,65.80577683658977,1.0977481084260945,223.08293679155642,0.0
2023-03-01 02:00:00,69.58540527923759,1.1395300867336497,223.1861872363305,0.0
2023-03-01 03:00:00,66.52350726886887,1.368326451153015,215.38006279912312,0.0
2023-03-01 04:00:00,66.6148882371489,1.2368434459060187,220.4994143224451,0.0
2023-03-01 05:00:00,68.2175220119294,1.3219902774663954,213.57409277896994,0.0
2023-03-01 06:00:00,63.905141811371344,1.153626298674842,221.59006358757006,0.0
2023-03-01 07:00:00,62.48237099798298,1.131596530839045,222.2363388297904,0.0
2023-03-01 08:00:00,61.8655724179369,0.9693034938222712,219.91951145061563,0.0
2023-03-01 09:00:00,59.10093023187199,1.1259926774863604,220.1679631549895,0.0
2023-03-01 10:00:00,71.16862138982097,0.5357770888821721,220.14727778588048,0.0
2023-03-01 11:00:00,61.690374902834954,1.081955606738873,218.4311161625175,0.0
2023-03-01 12:00:00,64.33623912924268,1.183625164561832,220.86341157064297,0.0
2023-03-01 13:00:00,64.16956010033324,1.3127347308540311,219.53718399669347,0.0
2023-03-01 14:00:00,65.9222200934273,1.1462644244950086,221.86058341857924,0.0
2023-03-01 15:00:00,67.4472116376179,1.2695347084489998,219.77274613096154,0.0
2023-03-01 16:00:00,67.58142046507923,0.7640422677219508,218.27795378702348,0.0
2023-03-01 17:00:00,63.25076768429319,1.18863262955861,216.92827065826899,0.0
2023-03-01 18:00:00,64.49863485864077,0.8640994414173193,216.2718703498886,0.0
2023-03-01 19:00:00,65.8477398514649,0.9583392968681335,222.62501868790886,0.0
2023-03-01 20:00:00,64.25392662144935,1.1625668904272277,219.08442129428195,0.0
2023-03-01 21:00:00,69.82203672805997,1.455252797574711,220.6771483801633,0.0
2023-03-01 22:00:00,66.47292485491475,1.2742413526940117,223.56645978348905,0.0
2023-03-01 23:00:00,67.20463335814945,1.2036461994274235,218.8743913374042,0.0
2023-03-02 00:00:00,66.98864380600224,1.1960939221065796,218.74504503123768,0.0
2023-03-02 01:00:00,68.52042157245597,1.0572742213591064,219.73567649528934,0.0
2023-03-02 02:00:00,65.54306467611111,1.0912033173254632,220.05886540083998,0.0
2023-03-02 03:00:00,61.10950415613246,1.2854752090941595,223.7751027005117,0.0
2023-03-02 04:00:00,66.19906385525792,0.9229278963111011,223.13164118818824,0.0
2023-03-02 05:00:00,63.045929318624516,1.318610810056604,221.2417508318135,0.0
2023-03-02 06:00:00,63.41414995475073,1.1222985865762294,222.89882753799372,0.0
2023-03-02 07:00:00,66.75909205626527,1.365111414973913,219.6435619748643,0.0
2023-03-02 08:00:00,68.71484921430091,1.3922186914464167,220.59832913437697,0.0
2023-03-02 09:00:00,65.06381473020818,0.865383197498852,219.3969727109226,0.0
2023-03-02 10:00:00,65.92649903779689,1.0836838473545563,217.4192632348407,0.0
2023-03-02 11:00:00,70.10664483390572,1.0288944624118752,222.4077494835872,0.0
2023-03-02 12:00:00,65.7222595384657,0.8374544069853713,221.0633974679797,0.0
2023-03-02 13:00:00,72.80504934254118,0.9934933447581178,220.03614694684734,0.0
2023-03-02 14:00:00,66.69652893689464,1.688251169053068,219.99506430137566,0.0
2023-03-02 15:00:00,59.71771172253255,1.321901979242488,216.987570258187,0.0
2023-03-02 16:00:00,67.2600248633136,1.5834575937211508,218.04504933369458,0.0
2023-03-02 17:00:00,66.14347515464833,1.365819688003667,220.67230634022806,0.0
2023-03-02 18:00:00,68.86925826224824,1.051631367798305,218.941774665451,0.0
2023-03-02 19:00:00,67.01954405380988,1.1236457606651913,219.564573917565,0.0
2023-03-02 20:00:00,64.58463204804868,1.3176872360480614,219.7906878704418,0.0
2023-03-02 21:00:00,61.3271052911319,1.2875012406946071,218.6350624619658,0.0
2023-03-02 22:00:00,64.37293022814193,1.0845315968583331,218.0641633599519,0.0
2023-03-02 23:00:00,62.4484386373721,0.8980013658841586,216.77528473814925,0.0
2023-03-03 00:00:00,63.25842965058583,1.8575522374777478,219.7069634419769,0.0
2023-03-03 01:00:00,66.76573521326183,1.171770065531439,221.23721709522056,0.0
2023-03-03 02:00:00,70.00971351305422,1.134852221363476,216.7127317155601,0.0
2023-03-03 03:00:00,66.18401458946894,1.2226668927810602,219.95190434980034,0.0
2023-03-03 04:00:00,61.41235081389445,1.1514542821377942,220.56228650538313,0.0
2023-03-03 05:00:00,66.33380800466043,1.2245457815410967,218.0208391925417,0.0
2023-03-03 06:00:00,68.58989445993696,1.4573894572232837,222.84428362309617,0.0
2023-03-03 07:00:00,63.170651287041856,1.1750903040627152,219.22856926192318,0.0
2023-03-03 08:00:00,64.59794849998124,0.9674579121344477,219.79748062308698,0.0
2023-03-03 09:00:00,65.0440645841876,1.1676712411042778,219.67746099880404,0.0
2023-03-03 10:00:00,62.64530506075328,1.1071196437180177,216.45845115481788,0.0
2023-03-03 11:00:00,66.94484130153158,1.4847797874493702,222.0175041433681,0.0
2023-03-03 12:00:00,64.63715555417666,1.434223812947514,218.08896246316152,0.0
2023-03-03 13:00:00,66.25859733172108,1.2215050000861598,219.52695896918854,0.0
2023-03-03 14:00:00,62.3375234665937,0.9442528290361487,221.195322002556,0.0
2023-03-03 15:00:00,63.687625099029766,0.9548215473120107,222.92180685228908,0.0
2023-03-03 16:00:00,67.16714407348331,1.2030246523169106,217.8401354362063,0.0
2023-03-03 17:00:00,63.8815005437247,1.2672645938642562,219.10703282881116,0.0
2023-03-03 18:00:00,70.18089155370022,1.125075436134789,222.7648372600143,0.0
2023-03-03 19:00:00,63.801091443156196,1.1039660831585532,220.9274277585509,0.0
2023-03-03 20:00:00,65.67405417725566,1.0814401533642706,221.34234271810323,0.0
2023-03-03 21:00:00,67.79777249561927,1.1953212079512108,217.89773652844767,0.0
2023-03-03 22:00:00,60.74490280120091,0.7234475295853869,219.2415809401469,0.0
2023-03-03 23:00:00,59.71757356405767,0.979734674246058,219.66432913523914,0.0
2023-03-04 00:00:00,60.423031056289716,1.0745898309105297,218.28421048531405,0.0
2023-03-04 01:00:00,68.78775231028155,1.4415006389903842,216.65086074865218,0.0
2023-03-04 02:00:00,63.34442556232266,1.037237271614214,218.9790028824728,0.0
2023-03-04 03:00:00,72.67459785700476,1.2360936283662411,222.70857639916886,0.0
2023-03-04 04:00:00,63.307257204027835,1.2453085501861991,220.11834693112098,0.0
2023-03-04 05:00:00,65.5536539095911,1.4595833011321524,222.74858182714675,0.0
2023-03-04 06:00:00,69.62632985770362,1.45251548139283,220.35804182845905,0.0
2023-03-04 07:00:00,71.01827866447736,1.1884994062410166,218.47058454082406,0.0
2023-03-04 08:00:00,71.18451072990919,1.1049030517621115,222.55523802646346,0.0
2023-03-04 09:00:00,68.62509869177943,1.0672333794348619,220.4246522813358,0.0
2023-03-04 10:00:00,68.07218757743439,1.1517873555068439,221.9236776648548,0.0
2023-03-04 11:00:00,66.77758084760355,1.11319332913528,217.86334365775886,0.0
2023-03-04 12:00:00,67.33508322849991,1.3107254818716463,222.077512579229,0.0
2023-03-04 13:00:00,63.3464428510144,1.2840619634970407,222.1377785510884,0.0
2023-03-04 14:00:00,62.54540334973308,1.3183602382290032,220.57953428871306,0.0
2023-03-04 15:00:00,64.98987662776715,1.4518567422872337,218.38615582838042,0.0
2023-03-04 16:00:00,64.48944613242521,1.5725738242800353,219.90798234257477,0.0
2023-03-04 17:00:00,63.640315852018176,1.2249326786815113,221.2225822944765,0.0
2023-03-04 18:00:00,67.08916234237014,1.4198927542791306,220.46914003987305,0.0
2023-03-04 19:00:00,67.86591562571154,1.129667963233157,221.20216547621553,0.0
2023-03-04 20:00:00,65.26522065887555,1.437001396716603,222.02449181530582,0.0
2023-03-04 21:00:00,69.43259024316579,1.4123018314351687,218.70310669325616,0.0
2023-03-04 22:00:00,61.57493265759948,1.4016831939885983,217.68984875807973,0.0
2023-03-04 23:00:00,64.41902162216084,1.2188139682383048,219.92492239725553,0.0
2023-03-05 00:00:00,62.84953303819159,1.0663283672018222,219.34051368226025,0.0
2023-03-05 01:00:00,59.40039014878082,0.9210943124269046,221.5716928263123,0.0
2023-03-05 02:00:00,64.7519579424719,1.19199255849578,217.85100322068237,0.0
2023-03-05 03:00:00,64.63475747485015,1.5066025084498365,222.04076374835535,0.0
2023-03-05 04:00:00,69.54034922972639,1.1380310197271852,222.70722421909352,0.0
2023-03-05 05:00:00,66.89243505366433,1.3570253170920108,220.00060992852457,0.0
2023-03-05 06:00:00,61.92743952701238,1.3687902801037861,220.1214722511626,0.0
2023-03-05 07:00:00,70.56227769900256,1.1432627558145654,218.46490699753969,0.0
2023-03-05 08:00:00,68.66310108657606,1.463268967503904,218.91467820205187,0.0
2023-03-05 09:00:00,66.74629311040584,0.6182678511038991,219.18332663870862,0.0
2023-03-05 10:00:00,64.3205477034505,0.955449944252365,222.88588013567585,0.0
2023-03-05 11:00:00,62.12168228982956,1.016873540728308,219.85625842837845,0.0
2023-03-05 12:00:00,63.88337967178684,1.036056995426522,217.35565408672,0.0
2023-03-05 13:00:00,68.26624585911256,1.267252590237179,220.510708684224,0.0
2023-03-05 14:00:00,70.65375891780383,1.2580075606107803,221.65258024924455,0.0
2023-03-05 15:00:00,69.62973058481657,1.2787981144350016,219.94917726135682,0.0
2023-03-05 16:00:00,63.533451734641176,1.3192162988264973,222.93842687945397,0.0
2023-03-05 17:00:00,61.64114770013297,1.00997908617087,221.55501733453178,0.0
2023-03-05 18:00:00,65.42265874073361,0.9563647866385362,217.9017425402243,0.0
2023-03-05 19:00:00,59.69468190331145,1.2792639364015725,218.8971343752072,0.0
2023-03-05 20:00:00,65.96950314255434,1.073953585270712,220.45245256284923,0.0
2023-03-05 21:00:00,64.55719224110399,0.8859049909264058,216.6676215239468,0.0
2023-03-05 22:00:00,63.60189049439527,1.3942688569082962,220.67271347494122,0.0
2023-03-05 23:00:00,60.21589079819962,1.4790203813004594,216.4768351454907,0.0
2023-03-06 00:00:00,66.54080031970915,1.511432177939732,222.04686691112903,0.0
2023-03-06 01:00:00,63.40189748101427,1.237401544294944,221.8145473695834,0.0
2023-03-06 02:00:00,61.49024949286914,1.3251864191945804,221.00956272183015,0.0
2023-03-06 03:00:00,56.383213360155054,1.4739736446723821,218.64824327129537,0.0
2023-03-06 04:00:00,64.91745528484809,1.0717168419953131,220.34040564922708,0.0
2023-03-06 05:00:00,70.31675479000923,1.4221355368108184,218.9732450249707,0.0
2023-03-06 06:00:00,69.9837776436436,1.2550792468286418,217.93836944509988,0.0
2023-03-06 07:00:00,63.62871123024119,1.3827423304685182,219.32251397645717,0.0
2023-03-06 08:00:00,63.19336381891466,1.237218604175187,221.3965310729842,0.0
2023-03-06 09:00:00,66.40632276822507,1.4592513419496003,220.08762838566352,0.0
2023-03-06 10:00:00,62.00484368243512,1.2447047525083073,222.90141984826886,0.0
2023-03-06 11:00:00,65.9053756994584,0.9032041881065165,221.53156107896055,0.0
2023-03-06 12:00:00,67.29824083515408,1.4903853264629443,221.31738162781124,0.0
2023-03-06 13:00:00,68.68079967165292,1.0104938518055775,216.7821469011088,0.0
2023-03-06 14:00:00,64.69953777056014,1.450611642048783,219.42968293968946,0.0
2023-03-06 15:00:00,64.3889787494691,1.1819514237119355,217.8712551791316,0.0
2023-03-06 16:00:00,62.366052239730315,1.4352021970395412,219.6339942407522,0.0
2023-03-06 17:00:00,62.51935893788042,1.4269537229733529,218.6134477521537,0.0
2023-03-06 18:00:00,64.32056332429542,1.2860285948630743,219.24479009388412,0.0
2023-03-06 19:00:00,66.10209652044854,1.3017070635254262,222.1223254647477,0.0
2023-03-06 20:00:00,67.74075387869975,1.2845257234385132,220.95049985801168,0.0
2023-03-06 21:00:00,62.590463147958964,0.7972350487437844,222.01422885796327,0.0
2023-03-06 22:00:00,69.47806570687857,1.2236660437796405,216.79863378196802,0.0
2023-03-06 23:00:00,64.18662919687229,0.976787164785621,220.11594939323132,0.0
2023-03-07 00:00:00,64.93589811695469,1.2342374287491324,221.9334099627932,0.0
2023-03-07 01:00:00,62.75836496255653,0.9714114907233569,223.01259182977432,0.0
2023-03-07 02:00:00,57.72727921918118,0.9630096117547849,216.903823220615,0.0
2023-03-07 03:00:00,67.65213618908315,1.5209869003507803,219.29703272767767,0.0
2023-03-07 04:00:00,67.2105316912773,1.4138894776248379,222.0684533480095,0.0
2023-03-07 05:00:00,64.15601732864536,1.199171483011169,219.61544337437712,0.0
2023-03-07 06:00:00,65.20097215167462,1.2369537300498048,218.17916465166056,0.0
2023-03-07 07:00:00,66.5478176531123,1.1504167948513981,216.90000164300798,0.0
2023-03-07 08:00:00,60.31236242934037,1.3139752751959046,218.10259693067366,0.0
2023-03-07 09:00:00,63.412841967961114,1.064789126690239,216.62219666287254,0.0
2023-03-07 10:00:00,67.38279403886548,1.3987480525735914,220.11692091366805,0.0
2023-03-07 11:00:00,61.23713173049225,1.1493826317971778,221.79262037155732,0.0
2023-03-07 12:00:00,65.88067379649989,1.1160306008337542,217.4780504821828,0.0
2023-03-07 13:00:00,60.930254586129784,1.2043426036969684,220.5154594824221,0.0
2023-03-07 14:00:00,66.39928994730057,1.0817706340148778,221.69054205889174,0.0
2023-03-07 15:00:00,64.89307555310755,1.2657364698992966,219.9945833463033,0.0
2023-03-07 16:00:00,60.15460455228347,1.09252748213732,216.7786114101655,0.0
2023-03-07 17:00:00,68.49421806337152,1.2937047205637673,220.77242310932502,0.0
2023-03-07 18:00:00,62.796225269605856,1.4432013077822954,219.89070611047106,0.0
2023-03-07 19:00:00,62.569242688956855,1.0561356626383653,219.68699070279828,0.0
2023-03-07 20:00:00,65.60170759169283,1.1738849085409657,218.90632550847906,0.0
2023-03-07 21:00:00,68.79802472434248,1.3486041707760983,220.1735748525481,0.0
2023-03-07 22:00:00,62.65675989517749,1.2255045853417468,221.01963581689392,0.0
2023-03-07 23:00:00,66.24137757771292,1.4618781966723753,224.7812962686717,0.0
2023-03-08 00:00:00,67.69490020521707,1.5364318848064042,220.2246641367744,0.0
2023-03-08 01:00:00,68.83988020207113,1.6983424961039313,223.02228232002534,0.0
2023-03-08 02:00:00,67.64200072216971,1.416830159797102,220.71551016685376,0.0
2023-03-08 03:00:00,66.36370521514439,1.4058111491370036,219.8009433447045,0.0
2023-03-08 04:00:00,65.33413074650454,1.589188747439364,220.29709505542257,0.0
2023-03-08 05:00:00,68.42744573364617,1.5134917856117067,217.55652726061498,0.0
2023-03-08 06:00:00,65.30470972460655,1.87627992249964,220.61172054150407,0.0
2023-03-08 07:00:00,60.1091879861359,1.5873680498238727,216.01586987035725,0.0
2023-03-08 08:00:00,70.53503152514907,2.3426596216787066,218.27466728422294,0.0
2023-03-08 09:00:00,72.28926931199099,2.191579938511933,220.2196861862676,0.0
2023-03-08 10:00:00,62.84078015816321,1.99124754828626,222.3879645463577,0.0
2023-03-08 11:00:00,67.25249802671526,2.218549321134806,222.8612487939968,0.0
2023-03-08 12:00:00,72.491265599917,1.774048077842067,219.52690684071814,0.0
2023-03-08 13:00:00,77.15840190209285,2.662421145153151,220.31143463906088,0.0
2023-03-08 14:00:00,71.40040929204031,2.0960415846021556,221.96872493916405,0.0
2023-03-08 15:00:00,69.50613202138301,2.2463230524313955,217.34101285561417,0.0
2023-03-08 16:00:00,71.49356419781225,1.9555739059425943,220.809495010631,0.0
2023-03-08 17:00:00,76.51899545462766,2.4803560524974744,218.3442142652684,0.0
2023-03-08 18:00:00,70.80858633586583,2.218167788302888,219.65634991064655,0.0
2023-03-08 19:00:00,70.70101552934501,2.51610580020053,219.08195349901138,0.0
2023-03-08 20:00:00,72.00247365880603,2.4432577894714305,220.8707162540963,0.0
2023-03-08 21:00:00,70.94283107663232,2.3929019172392834,221.10060734801817,0.0
2023-03-08 22:00:00,74.52294052544917,2.5039164320418426,221.7821573547948,0.0
2023-03-08 23:00:00,79.3810776289298,2.7662843673804844,220.6963976569289,0.0
2023-03-09 00:00:00,75.82839274892555,2.5211665941586294,220.3433075399378,0.0
2023-03-09 01:00:00,74.45420709925494,2.684040482696693,223.7080476008772,0.0
2023-03-09 02:00:00,74.68794647494352,3.022795521323318,216.95128185960564,0.0
2023-03-09 03:00:00,71.2259205316565,3.4669748482142992,223.39121972025848,0.0
2023-03-09 04:00:00,78.9169349652443,3.0983346653190518,219.42035618226322,0.0
2023-03-09 05:00:00,76.38620671882074,2.8757026011420073,221.1417831727366,0.0
2023-03-09 06:00:00,76.43039124514361,3.0420701237320165,219.3486806388128,0.0
2023-03-09 07:00:00,86.90326636550641,3.1781487871460086,218.59491674089674,0.0
2023-03-09 08:00:00,78.57231506312522,3.1582840239573655,220.96915438558847,0.0
2023-03-09 09:00:00,75.77279586379896,3.4651186756009076,222.08425661722887,0.0
2023-03-09 10:00:00,77.10120890152422,3.3843397670253803,220.9460159099348,0.0
2023-03-09 11:00:00,82.17773149378745,3.5787535755735234,218.91576842663423,0.0
2023-03-09 12:00:00,79.42431827386682,3.390632368701038,227.22270012563135,0.0
2023-03-09 13:00:00,75.12178578335777,3.774959198873829,222.3971473417325,0.0
2023-03-09 14:00:00,82.5464191980918,3.5329000662422825,221.86668460841452,0.0
2023-03-09 15:00:00,78.13641281380555,3.428297237440007,219.2940715385156,0.0
2023-03-09 16:00:00,86.11285107513152,4.114337315645065,218.74966842342192,0.0
2023-03-09 17:00:00,84.08521461967916,3.3702157182134105,219.4403218483141,0.0
2023-03-09 18:00:00,79.8552174116153,3.6438015507136625,222.16281308878496,0.0
2023-03-09 19:00:00,85.39234485985322,3.722481753577583,218.01879132584835,0.0
2023-03-09 20:00:00,82.10497498228644,4.405886606723989,217.86359233709138,0.0
2023-03-09 21:00:00,84.81184215212721,4.3219351571109925,221.07909506672203,0.0
2023-03-09 22:00:00,84.05983225470032,4.315687037179144,220.63839288928423,0.0
2023-03-09 23:00:00,80.41867651390062,4.0071077041444525,218.4593729242182,0.0
2023-03-10 00:00:00,81.37920965797719,4.614813065557088,217.81759284316956,0.0
2023-03-10 01:00:00,86.75185428372939,4.259585893725941,222.87579398673685,0.0
2023-03-10 02:00:00,83.00975851072263,4.437706195187385,220.71400885059913,0.0
2023-03-10 03:00:00,83.1552517933726,4.334530625517016,217.27292827254394,0.0
2023-03-10 04:00:00,81.85294212110688,4.3450362632001385,217.41274892783542,0.0
2023-03-10 05:00:00,86.34121973199164,4.360911870848527,219.27697605509906,0.0
2023-03-10 06:00:00,91.61010996899704,4.425677635118984,221.46568361399525,0.0
2023-03-10 07:00:00,82.57204914456113,4.645641991707446,221.19001760421656,0.0
2023-03-10 08:00:00,86.19941893339856,4.653721649895923,207.54317534248798,0.0
2023-03-10 09:00:00,90.71553490568292,4.630325444269122,210.17157407368586,0.0
2023-03-10 10:00:00,86.59206174175581,4.994862545018645,211.35974664947852,0.0
2023-03-10 11:00:00,88.5402139802985,4.1559451608997415,211.45405742420533,0.0
2023-03-10 12:00:00,84.34803068316499,4.90761125240114,207.8893992281978,0.0
2023-03-10 13:00:00,89.17224523528492,5.005519572317711,212.67918919651194,0.0
2023-03-10 14:00:00,87.67800382470466,5.147702432805963,215.72732650685998,0.0
2023-03-10 15:00:00,91.54873928281424,4.961673599113272,211.60065035960812,0.0
2023-03-10 16:00:00,92.50582012652524,5.07256992896975,214.55848835272093,0.0
2023-03-10 17:00:00,97.06446557394315,5.284513620324916,206.9153488335146,0.0
2023-03-10 18:00:00,91.38678684358439,5.441895252687022,212.5180933567884,0.0
2023-03-10 19:00:00,90.9773889497465,5.139892802964246,206.2016822813795,0.0
2023-03-10 20:00:00,65.583152904732,1.253395156625512,220.36323042958884,1.0
2023-03-10 21:00:00,63.940501121567934,1.5357147928697514,219.57699598629958,0.0
2023-03-10 22:00:00,66.01545153038508,0.7751945848242296,216.46282866017305,0.0
2023-03-10 23:00:00,64.11379576958291,1.0619974800370828,217.94841283014853,0.0
2023-03-11 00:00:00,65.50538292880884,1.4931671957205925,219.36319285189182,0.0
2023-03-11 01:00:00,68.95279260682388,1.4185075667216607,221.45455875187432,0.0
2023-03-11 02:00:00,61.98037230416108,1.3044890421853388,219.96785222767585,0.0
2023-03-11 03:00:00,68.41963568338714,1.1102806253781758,219.85587157899897,0.0
2023-03-11 04:00:00,68.9513452020196,1.023636300202916,218.02617474599336,0.0
2023-03-11 05:00:00,64.64579441902676,1.0817568761515253,220.0463321601242,0.0
2023-03-11 06:00:00,58.63443530297422,1.5096016441637385,222.63820205489196,0.0
2023-03-11 07:00:00,63.1765340387167,1.0743114621689307,220.3111502255171,0.0
2023-03-11 08:00:00,68.89098363968333,1.2202845928479316,216.98537283703627,0.0
2023-03-11 09:00:00,64.93139581310335,1.0492584710276507,217.49695441139093,0.0
2023-03-11 10:00:00,62.00209330311527,1.3685548060198054,221.1775777544463,0.0
2023-03-11 11:00:00,63.485675236315345,1.0922547439307118,219.55136904955475,0.0
2023-03-11 12:00:00,67.52186007951366,1.1804812219691172,219.85083953979296,0.0
2023-03-11 13:00:00,66.64020070460414,0.8633235733914348,218.7745316499705,0.0
2023-03-11 14:00:00,64.28320370249092,0.877326352759012,221.00682442439984,0.0
2023-03-11 15:00:00,63.89952676455594,1.2015346386643013,219.3981645735093,0.0
2023-03-11 16:00:00,63.824725552868536,0.9349685689604476,219.6267735565428,0.0
2023-03-11 17:00:00,62.23276944650449,1.6210173278669004,218.29755321667375,0.0
2023-03-11 18:00:00,69.84612706840832,0.78769537757755,221.84338259628555,0.0
2023-03-11 19:00:00,64.03303859236598,1.0399649402671791,219.55773441676715,0.0
2023-03-11 20:00:00,68.65147556247649,1.20334017345351,221.21576066623953,0.0
2023-03-11 21:00:00,69.56394815576735,1.126973412440843,217.61281687193195,0.0
2023-03-11 22:00:00,67.99493269444388,0.9791709086672161,223.4677662767572,0.0
2023-03-11 23:00:00,63.705139061845856,1.0084144321009463,222.55474807702643,0.0
2023-03-12 00:00:00,66.21119027100983,1.0018691845001522,216.18040466068214,0.0
2023-03-12 01:00:00,64.92741318082726,1.1426556610359875,218.39612504987258,0.0
2023-03-12 02:00:00,62.288894417809615,1.5903858179034847,220.95526878201977,0.0
2023-03-12 03:00:00,65.97307784516481,1.2155874593116418,217.36054268770198,0.0
2023-03-12 04:00:00,61.462880626520594,1.4365800978775047,219.73681183567334,0.0
2023-03-12 05:00:00,68.5630381653847,1.3013952691656283,220.8532635719536,0.0
2023-03-12 06:00:00,63.60614810810482,1.422772479596444,219.63054817604103,0.0
2023-03-12 07:00:00,65.60347896761851,0.6400071394812827,221.0776774070742,0.0
2023-03-12 08:00:00,65.84986361463842,1.139108395770354,218.61334019079624,0.0
2023-03-12 09:00:00,64.22328507888777,1.4614270846301427,215.51163691566376,0.0
2023-03-12 10:00:00,66.76008140442582,1.0856528354501331,221.96423062433013,0.0
2023-03-12 11:00:00,63.575289030132424,1.5524946329739224,221.95162930720505,0.0
2023-03-12 12:00:00,67.61389189237173,1.4967780307535523,225.00727328457666,0.0
2023-03-12 13:00:00,60.96206095925975,1.1061738567745074,215.58562696413136,0.0
2023-03-12 14:00:00,65.37913873863924,1.0993672961907286,221.50166421869363,0.0
2023-03-12 15:00:00,70.81678699717486,0.9972788315291062,216.06263572383324,0.0
2023-03-12 16:00:00,61.999006026183274,1.0740811536272403,223.51298656335064,0.0
2023-03-12 17:00:00,62.96676508842545,0.9534821871662169,220.975733667392,0.0
2023-03-12 18:00:00,66.54172354897675,1.285762236086601,218.0961423046475,0.0
2023-03-12 19:00:00,65.5387453458188,0.9087907013307133,221.56044494920286,0.0
2023-03-12 20:00:00,66.05189029782068,1.3207466032380444,218.89390998456614,0.0
2023-03-12 21:00:00,66.467561390443,1.3256157393800496,220.60083219910254,0.0
2023-03-12 22:00:00,66.90416440568531,0.8677591189632154,220.41192143241815,0.0
2023-03-12 23:00:00,68.32909952586867,1.5099637212656678,223.4883362722946,0.0
2023-03-13 00:00:00,66.22945597078554,1.3027218588830443,223.62985182017303,0.0
2023-03-13 01:00:00,64.27622703614438,1.3499396042889737,218.805469253453,0.0
2023-03-13 02:00:00,67.0177211036082,1.0482669596914456,222.11621123599207,0.0
2023-03-13 03:00:00,70.69964580468564,1.3244758236946237,220.7096803111406,0.0
2023-03-13 04:00:00,64.60209876085229,1.4252786899444132,217.17463586598618,0.0
2023-03-13 05:00:00,62.076412085988075,1.1802783201990645,218.60754323925565,0.0
2023-03-13 06:00:00,68.32124200786092,1.6003844918496721,224.67229219919926,0.0
2023-03-13 07:00:00,64.6388565081392,1.2088129269825876,220.71570880220932,0.0
2023-03-13 08:00:00,58.481991361957895,1.4281571600904948,221.99955915903504,0.0
2023-03-13 09:00:00,67.54226503145127,1.2586017614517309,219.57591137526603,0.0
2023-03-13 10:00:00,63.39401544213823,1.3171043065713735,218.92011617056133,0.0
2023-03-13 11:00:00,64.72840015308752,0.8657335464730456,220.05452901526894,0.0
2023-03-13 12:00:00,65.99594099170704,1.2742107476430726,219.46779188950757,0.0
2023-03-13 13:00:00,65.5714990393372,1.0530049797485468,217.01349413793682,0.0
2023-03-13 14:00:00,67.12835545141712,1.0307203388444623,217.99334908509195,0.0
2023-03-13 15:00:00,63.69354088829047,1.5488206368931956,221.41576902882446,0.0
2023-03-13 16:00:00,66.53931739452825,1.15724595038753,219.23861862179518,0.0
2023-03-13 17:00:00,64.22135996724825,0.9993396338049007,220.05140976405582,0.0
2023-03-13 18:00:00,67.21643144266251,1.128173674378225,220.46984610099443,0.0
2023-03-13 19:00:00,66.84610245203916,0.9399099542156172,220.62610009763745,0.0
2023-03-13 20:00:00,62.193683893866215,1.486776893639254,222.29315812263073,0.0
2023-03-13 21:00:00,68.2579463485251,1.060863851166697,217.80260836986292,0.0
2023-03-13 22:00:00,63.39210966465786,1.3058599867887337,221.14050544708724,0.0
2023-03-13 23:00:00,67.42417339484344,1.471221342842065,221.5100555870393,0.0
2023-03-14 00:00:00,66.10186194020402,1.099969463757054,221.97170355800301,0.0
2023-03-14 01:00:00,70.51455103038536,1.3064044864545572,217.17416480117026,0.0
2023-03-14 02:00:00,64.32960205288444,0.993982789019114,220.509638436694,0.0
2023-03-14 03:00:00,63.95204961164541,1.6891539138227367,223.43215189279704,0.0
2023-03-14 04:00:00,64.9417411823368,1.3872760269233244,219.80175896168674,0.0
2023-03-14 05:00:00,64.09046065149717,1.1614787122478387,220.96698940392858,0.0
2023-03-14 06:00:00,67.39982570582615,1.0454332538222073,221.56079118917037,0.0
2023-03-14 07:00:00,60.15106817469024,1.1772006894320748,217.94906031120348,0.0
2023-03-14 08:00:00,61.838952742560934,1.1320032555296962,223.66764945799994,0.0
2023-03-14 09:00:00,61.79659123526242,1.5905889107999014,220.9990015939378,0.0
2023-03-14 10:00:00,67.85092277592072,0.9548930555570195,221.03900562838686,0.0
2023-03-14 11:00:00,70.13184011774578,1.2269602846580407,216.67594524397893,0.0
2023-03-14 12:00:00,64.68665234438758,1.196332386673258,221.58908959642662,0.0
2023-03-14 13:00:00,64.49353483042997,1.1765179399310262,221.01282068275827,0.0
2023-03-14 14:00:00,65.21015648933954,1.1782766690123314,223.24838265544412,0.0
2023-03-14 15:00:00,68.48563490782458,1.1767858379759033,219.3774695713913,0.0
2023-03-14 16:00:00,62.21794059742828,1.37461321326642,218.0246833408031,0.0
2023-03-14 17:00:00,65.71510694820435,1.321796889298487,218.63552201045133,0.0
2023-03-14 18:00:00,67.92559288934729,1.2837823222745572,218.9900435299854,0.0
2023-03-14 19:00:00,66.50328250981954,0.5932021275709461,217.76230696373725,0.0
2023-03-14 20:00:00,65.56874484979623,1.2599589748326327,222.58032004753198,0.0
2023-03-14 21:00:00,68.00313827770142,0.8688721279659835,222.65539572586334,0.0
2023-03-14 22:00:00,56.89030312100229,1.329264032627165,219.6084165977199,0.0
2023-03-14 23:00:00,67.03362595859272,1.4948994735141028,219.2144801558316,0.0
2023-03-15 00:00:00,63.03777295061773,1.0147521774822899,216.36903617336137,0.0
2023-03-15 01:00:00,59.50810130943063,1.1476438555314585,221.3919225106072,0.0
2023-03-15 02:00:00,66.53360779857495,1.0801288589894005,223.3068802176517,0.0
2023-03-15 03:00:00,69.12097563548888,1.4470863551513602,218.72561056548088,0.0
2023-03-15 04:00:00,64.58765445611692,1.2190055770544146,219.7664309484472,0.0
2023-03-15 05:00:00,67.85862364160882,1.5456658761132667,220.86858292263148,0.0
2023-03-15 06:00:00,69.83683477396593,1.2827508405894774,223.4488367212198,0.0
2023-03-15 07:00:00,68.94474336075214,1.2484900361271638,220.3995524436702,0.0
2023-03-15 08:00:00,69.91989358811418,1.2136413565205673,220.39085983205302,0.0
2023-03-15 09:00:00,67.22638247321568,1.3635984198514672,220.3586370023196,0.0
2023-03-15 10:00:00,65.22630091670477,0.8524627603509313,217.14993498619265,0.0
2023-03-15 11:00:00,60.194102564308494,1.217068791104102,217.10641869234027,0.0
2023-03-15 12:00:00,64.26181253561015,1.185990711254407,218.38400966177025,0.0
2023-03-15 13:00:00,62.47026021405142,1.345083765431553,222.02578114807474,0.0
2023-03-15 14:00:00,71.51282815249344,1.1624596788251926,219.329285858908,0.0
2023-03-15 15:00:00,64.47234256270299,0.9922531131674659,218.9407919023954,0.0
2023-03-15 16:00:00,65.36961442035346,1.2014701349839398,218.90565079171247,0.0
2023-03-15 17:00:00,66.6544561281214,0.9834318942263313,219.72468624305463,0.0
2023-03-15 18:00:00,65.13080733911737,0.8149475574825029,223.40421586820327,0.0
2023-03-15 19:00:00,70.08515312129227,1.3454244962970985,219.69760522860577,0.0
2023-03-15 20:00:00,63.13205191479664,1.315812314538934,218.4274051892503,0.0
2023-03-15 21:00:00,65.58382236571173,1.2934181887987148,220.05049125816328,0.0
2023-03-15 22:00:00,62.772588242905854,1.4605856843891623,223.51016721152308,0.0
2023-03-15 23:00:00,61.03993246633788,1.0669936219392149,218.99435056212877,0.0
2023-03-16 00:00:00,63.16469272728414,0.913777171445749,217.6379899831381,0.0
2023-03-16 01:00:00,64.88888960885477,1.185994044638391,218.99801746053916,0.0
2023-03-16 02:00:00,63.71209332644822,1.1304999400588178,220.25752747269686,0.0
2023-03-16 03:00:00,62.92273706037843,1.0315408566459863,221.3764819016507,0.0
2023-03-16 04:00:00,60.7810476089845,1.1840301693024409,222.0137671573645,0.0
2023-03-16 05:00:00,64.75068328211391,1.077678970759083,217.90856545207535,0.0
2023-03-16 06:00:00,60.48583887790699,0.8327989433286337,218.09830933108185,0.0
2023-03-16 07:00:00,67.28016789106881,1.111764661841248,219.35347548122502,0.0
2023-03-16 08:00:00,65.24731925880351,0.9727249666592285,221.36898604939378,0.0
2023-03-16 09:00:00,60.627345501605205,1.2463296143221845,217.47998420469548,0.0
2023-03-16 10:00:00,64.07237276885041,1.068793048351869,218.7853461791646,0.0
2023-03-16 11:00:00,62.74353078322825,1.4223262948282103,218.8145125411761,0.0
2023-03-16 12:00:00,65.95752353125754,1.5207732134535732,221.88349771072873,0.0
2023-03-16 13:00:00,69.02135133806944,1.3358762746023811,221.05652152132888,0.0
2023-03-16 14:00:00,59.374482591062765,0.8897947636033359,221.80743672209985,0.0
2023-03-16 15:00:00,65.34507823744225,1.501039199775808,222.6773559484661,0.0
2023-03-16 16:00:00,64.51960161330008,1.515144090074753,219.38869980982184,0.0
2023-03-16 17:00:00,67.0140202293514,1.2037581022615882,217.62518769029265,0.0
2023-03-16 18:00:00,65.63958988471306,1.4645852320671064,217.63807276430595,0.0
2023-03-16 19:00:00,62.74409200478354,1.0896649723906644,216.32378486988233,0.0
2023-03-16 20:00:00,64.04283819300015,0.826750813030082,219.08246634066762,0.0
2023-03-16 21:00:00,62.611922429589534,1.0479431122756813,219.23155477033652,0.0
2023-03-16 22:00:00,68.2280214157958,1.5458601732089512,221.5751068136101,0.0
2023-03-16 23:00:00,65.06393494601582,0.9017840152777052,220.0338284343532,0.0
2023-03-17 00:00:00,70.70357205725902,1.199904256386299,219.01934311131478,0.0
2023-03-17 01:00:00,64.81801755855614,1.2068287786680425,219.76800254767883,0.0
2023-03-17 02:00:00,62.874779699268615,1.0974051512064376,217.92205303257046,0.0
2023-03-17 03:00:00,60.45885682216152,1.111295680032577,222.05081314150257,0.0
2023-03-17 04:00:00,59.590580971232164,1.2144498268472406,218.428168874381,0.0
2023-03-17 05:00:00,60.24759217098353,1.0875675316130544,217.7201374561282,0.0
2023-03-17 06:00:00,65.80137995303446,0.9155883005664137,221.63576393341495,0.0
2023-03-17 07:00:00,66.5261750696898,1.243006388588691,221.1483284167277,0.0
2023-03-17 08:00:00,60.2564278939036,1.4146733164889944,216.55262924288198,0.0
2023-03-17 09:00:00,67.68511494222835,1.3739145037306841,221.71000326942044,0.0
2023-03-17 10:00:00,63.55081684494968,1.0380529065220376,218.5168147218119,0.0
2023-03-17 11:00:00,65.44037903595665,0.9497544169244647,219.25179094487217,0.0
2023-03-17 12:00:00,69.83666188476627,1.1431624235690443,220.37404021538788,0.0
2023-03-17 13:00:00,67.69051794759659,1.5135583019591328,221.17324976523363,0.0
2023-03-17 14:00:00,64.1944080562825,1.329119615791909,220.89095834937504,0.0
2023-03-17 15:00:00,62.326423323754135,1.3407929353588466,219.900363338188,0.0
2023-03-17 16:00:00,58.54455379601208,1.377971390357099,219.1507133421682,0.0
2023-03-17 17:00:00,62.84254004227274,1.2841533125037172,220.8244413871309,0.0
2023-03-17 18:00:00,64.36660928351692,1.2241217095227157,219.76322432531154,0.0
2023-03-17 19:00:00,62.03846141854645,1.3324613793295936,223.61070891825185,0.0
2023-03-17 20:00:00,64.60622909872309,1.090766779156396,221.1728180199398,0.0
2023-03-17 21:00:00,65.2305556488763,0.9171073977267358,218.1531687500193,0.0
2023-03-17 22:00:00,64.32543205457577,1.3445993869248647,219.0448000972527,0.0
2023-03-17 23:00:00,63.049992257529624,1.447547621149845,220.09638435451967,0.0
2023-03-18 00:00:00,65.50596401590019,0.9763536121287937,222.5988624301409,0.0
2023-03-18 01:00:00,66.32582194870822,1.36438429648318,222.82221001822427,0.0
2023-03-18 02:00:00,61.72880276767146,1.536153142677638,219.20773055926887,0.0
2023-03-18 03:00:00,69.23279713923881,1.1995507596485757,218.13273156682112,0.0
2023-03-18 04:00:00,64.70423560314721,1.0363995630516507,217.87700471758762,0.0
2023-03-18 05:00:00,65.05654886883454,1.224603734705351,220.50485751443156,0.0
2023-03-18 06:00:00,67.12464326976968,1.0898932063598596,224.60756861843498,0.0
2023-03-18 07:00:00,65.69964839379051,1.0766539780087196,221.0781882085102,0.0
2023-03-18 08:00:00,67.85940990173974,1.2866368134543085,216.81217494663198,0.0
2023-03-18 09:00:00,65.86137249560548,0.8792541049940208,218.547991793508,0.0
2023-03-18 10:00:00,63.162687876078685,0.9112142155015546,218.75217159631018,0.0
2023-03-18 11:00:00,66.08451057561831,1.2038581760747886,218.3559949597702,0.0
2023-03-18 12:00:00,61.56882137803802,1.1955382922175137,219.22421235013155,0.0
2023-03-18 13:00:00,65.32567911732957,1.2687109154079872,220.73878972203988,0.0
2023-03-18 14:00:00,64.90031002806661,1.5750450776966778,221.36396233864528,0.0
2023-03-18 15:00:00,64.37564942818238,1.2209028072151642,222.1835269818333,0.0
2023-03-18 16:00:00,64.61438746568321,1.319634430066959,221.04840514609435,0.0
2023-03-18 17:00:00,59.354452863507085,1.0048934128770735,216.0916995193423,0.0
2023-03-18 18:00:00,63.353825276777116,1.3535875327033073,217.88539082493736,0.0
2023-03-18 19:00:00,65.27853470342335,1.0947218269778645,219.6838119262816,0.0
2023-03-18 20:00:00,65.4795691759922,1.2142841665162185,220.29455971153496,0.0
2023-03-18 21:00:00,61.91697457722213,1.1782302749861677,221.7228367197525,0.0
2023-03-18 22:00:00,68.7971235225941,1.4065948469828062,220.08636835243354,0.0
2023-03-18 23:00:00,62.4014754553565,0.938004689125,220.10141450772736,0.0
2023-03-19 00:00:00,67.90837160158021,0.743352273076992,220.47559472627813,0.0
2023-03-19 01:00:00,66.28158308561505,1.1573134605824151,219.4899565224376,0.0
2023-03-19 02:00:00,63.06131807046859,1.2937062513810247,220.17377027975562,0.0
2023-03-19 03:00:00,70.32593267782853,1.2304538751615,222.2516643580235,0.0
2023-03-19 04:00:00,61.41908950473056,1.4464408474827821,219.832178202432,0.0
2023-03-19 05:00:00,67.75746252083,1.2874745348359335,219.93957454643143,0.0
2023-03-19 06:00:00,68.00174695412893,1.087230333628028,219.9328291904656,0.0
2023-03-19 07:00:00,62.988139372770064,0.7349159691720639,222.59554762758233,0.0
2023-03-19 08:00:00,69.17739590019299,1.1525375531609563,217.7838933463411,0.0
2023-03-19 09:00:00,64.24986045620314,1.4055918004515595,223.5516937895824,0.0
2023-03-19 10:00:00,65.86608088783957,1.121590443466577,217.64723629096898,0.0
2023-03-19 11:00:00,65.78096551631366,1.2056640527355529,218.69155947734447,0.0
2023-03-19 12:00:00,64.59707377558836,1.2842720508613417,221.48947653943063,0.0
2023-03-19 13:00:00,67.43242481947935,0.9969415251500368,222.06063339094734,0.0
2023-03-19 14:00:00,67.38046616165664,1.3246471793277634,217.193001966003,0.0
2023-03-19 15:00:00,59.754404080285454,1.527424358000341,217.81459627350583,0.0
2023-03-19 16:00:00,68.91302072863446,1.1654373296213187,220.5556856189437,0.0
2023-03-19 17:00:00,60.01252403589298,0.9741871156335395,224.68883877552759,0.0
2023-03-19 18:00:00,68.09763861302497,1.1866797945956051,222.49252556199735,0.0
2023-03-19 19:00:00,68.38011541048274,0.7551231782782262,219.50380590073638,0.0
2023-03-19 20:00:00,61.7271007093544,1.267380652795323,215.16174172384848,0.0
2023-03-19 21:00:00,63.76755713613625,1.2904548755297158,220.16328546884233,0.0
2023-03-19 22:00:00,61.68288599454219,1.5351272587691125,220.72459360729312,0.0
2023-03-19 23:00:00,64.3552369091338,1.161201041486675,219.2346097178344,0.0
2023-03-20 00:00:00,64.07589714744277,1.281697067629294,218.2985520189068,0.0
2023-03-20 01:00:00,67.33898159680803,1.0277423795228198,220.31833052064277,0.0
2023-03-20 02:00:00,68.93092623835882,1.1287145758949841,218.1154776122121,0.0
2023-03-20 03:00:00,69.18705143236987,0.8949629126675603,223.74489732161746,0.0
2023-03-20 04:00:00,63.31349592026509,1.1610420757433528,223.03348959506764,0.0
2023-03-20 05:00:00,64.37233437876641,1.138938169296287,221.31582526318553,0.0
2023-03-20 06:00:00,59.94968542333715,1.259839953217779,220.17942113823864,0.0
2023-03-20 07:00:00,62.582389800511436,1.075280623933472,218.67967182677287,0.0
2023-03-20 08:00:00,67.89455489929237,1.2166690701950182,219.9584256322182,0.0
2023-03-20 09:00:00,69.8467484706447,1.1333239888784667,223.27859427041454,0.0
2023-03-20 10:00:00,61.296953384360236,1.133700122340097,221.73730811687327,0.0
2023-03-20 11:00:00,63.22260722254132,1.216072465192606,220.4073845569529,0.0
2023-03-20 12:00:00,64.92078272912322,1.2081045884634019,221.8479486683352,0.0
2023-03-20 13:00:00,65.84048347645881,1.3522348078103277,221.09122132676166,0.0
2023-03-20 14:00:00,62.57118944023506,1.175871393174033,220.79255507977373,0.0
2023-03-20 15:00:00,66.27218313339228,1.1300229301753992,221.96112651798308,0.0
2023-03-20 16:00:00,63.57848195878725,1.1638385109825546,221.03405528964953,0.0
2023-03-20 17:00:00,64.95664318736516,1.0570671766318014,221.71710294020676,0.0
2023-03-20 18:00:00,66.6388527440111,1.1280177812866656,220.32277409926903,0.0
2023-03-20 19:00:00,65.0192668094328,1.6062317426146462,219.49174835361978,0.0
2023-03-20 20:00:00,63.690842328420295,1.0174642478608265,218.9036742421197,0.0
2023-03-20 21:00:00,64.67117058822251,1.1442687332241381,218.66538078905808,0.0
2023-03-20 22:00:00,64.73491112238399,1.1225022673460618,216.78965911511693,0.0
2023-03-20 23:00:00,63.889966910353614,1.1505656775511202,218.17612010637666,0.0
2023-03-21 00:00:00,64.2236118119987,1.133752138224321,218.11829294083563,0.0
2023-03-21 01:00:00,69.79594151151414,1.2558480202442,218.98530960803194,0.0
2023-03-21 02:00:00,66.68275834382372,0.8579649797216411,223.1244884212766,0.0
2023-03-21 03:00:00,64.11355904591252,1.407434294506401,219.68487608889245,0.0
2023-03-21 04:00:00,67.0908632135322,1.3265165599284394,220.4835337797686,0.0
2023-03-21 05:00:00,63.99854153073197,0.951425682787373,220.54663928902386,0.0
2023-03-21 06:00:00,68.51937391275992,0.7461845454095197,223.17516182568474,0.0
2023-03-21 07:00:00,66.10892657659429,1.0045855707717197,218.84882909230942,0.0
2023-03-21 08:00:00,64.67809356798732,1.1514667077145755,219.55495583948388,0.0
2023-03-21 09:00:00,66.34315077743084,1.716058379738155,219.78760125645164,0.0
2023-03-21 10:00:00,60.2873715437945,1.3086513929948547,222.27306971154954,0.0
2023-03-21 11:00:00,61.61969759327059,0.8384820701637083,222.68821138750891,0.0
2023-03-21 12:00:00,61.41822498080283,1.062068899019811,220.9491676393879,0.0
2023-03-21 13:00:00,65.42882928429113,1.1893575127454032,222.46581874812375,0.0
2023-03-21 14:00:00,70.19754499845527,1.2507367108596192,220.35532199293797,0.0
2023-03-21 15:00:00,71.6939004385779,0.9370502279379154,219.65479350476636,0.0
2023-03-21 16:00:00,66.91415330432227,1.1730019544045878,222.35744817317124,0.0
2023-03-21 17:00:00,66.50253342483337,1.0564721724778918,220.97523535046759,0.0
2023-03-21 18:00:00,59.59682679754178,0.9792482874795366,218.52893866818485,0.0
2023-03-21 19:00:00,63.37197860079794,1.2519191293397907,221.9948418762487,0.0
2023-03-21 20:00:00,62.636648744275284,1.3547754346885643,219.58301473795945,0.0
2023-03-21 21:00:00,63.137457205246655,1.3682082553923238,219.3383529545516,0.0
2023-03-21 22:00:00,64.49556854424563,1.3148772702267753,221.78600873639942,0.0
2023-03-21 23:00:00,63.583728266908615,1.1005260933719474,219.82233571831017,0.0
2023-03-22 00:00:00,59.06210056887264,1.342909952292701,220.77791707208058,0.0
2023-03-22 01:00:00,67.2437307683526,1.2618108876208576,221.3238791681416,0.0
2023-03-22 02:00:00,61.78177092278058,1.2267883765904026,218.43411384145523,0.0
2023-03-22 03:00:00,65.71774059233344,1.0776613756596403,220.7697011293644,0.0
2023-03-22 04:00:00,71.22224800924992,1.1006247745316944,222.69894621052325,0.0
2023-03-22 05:00:00,62.24184622524073,1.2147773872249108,218.08706571252077,0.0
2023-03-22 06:00:00,57.40913743176101,1.6879748933971004,220.89981777766246,0.0
2023-03-22 07:00:00,64.14198733435967,1.260248496018278,218.34106453083942,0.0
2023-03-22 08:00:00,68.30287890499571,1.0777622995499427,222.0427953676808,0.0
2023-03-22 09:00:00,70.87504236266179,1.0335221110061115,222.02381116749953,0.0
2023-03-22 10:00:00,61.31135121664275,1.1016466774687594,219.2913553195018,0.0
2023-03-22 11:00:00,66.49009766970957,1.635458689509813,224.41925730438172,0.0
2023-03-22 12:00:00,63.60406862965984,1.1201486708108075,222.21325061827457,0.0
2023-03-22 13:00:00,64.68215493708759,1.381374106922057,221.41385797027235,0.0
2023-03-22 14:00:00,72.9330300410511,1.1248143509057287,221.30122179221226,0.0
2023-03-22 15:00:00,60.49108901481454,1.2522369082559257,221.96785381841244,0.0
2023-03-22 16:00:00,65.76121898448372,1.3583490548017445,218.00871518551168,0.0
2023-03-22 17:00:00,66.4030795152963,1.085619430038015,220.38921519692204,0.0
2023-03-22 18:00:00,68.25735897481805,1.071777669169446,220.76638077075467,0.0
2023-03-22 19:00:00,65.29394946041269,1.531773938891066,219.1997278733949,0.0
2023-03-22 20:00:00,65.92415161851231,1.3969185789791594,220.92959053888794,0.0
2023-03-22 21:00:00,63.825054297734624,1.3581344637381456,222.463388600868,0.0
2023-03-22 22:00:00,65.80738082373531,1.3574552586245827,219.15646182446818,0.0
2023-03-22 23:00:00,63.97042317350777,1.2919150976622131,219.89115139925738,0.0
2023-03-23 00:00:00,66.86471566956816,1.603555162635013,218.3588294082921,0.0
2023-03-23 01:00:00,63.8911689918691,1.2087816603754313,216.4260219803784,0.0
2023-03-23 02:00:00,66.13130118170656,1.3154524734401838,221.55786436104103,0.0
2023-03-23 03:00:00,64.91221155894506,0.9098174142811974,219.94853241032152,0.0
2023-03-23 04:00:00,68.3781507523165,1.0350078626817518,220.09515883430558,0.0
2023-03-23 05:00:00,64.84581882923455,0.9598362000329919,218.02645276365294,0.0
2023-03-23 06:00:00,59.68090259537936,1.4548127167032299,219.6289929419276,0.0
2023-03-23 07:00:00,68.78576450214197,0.68949196959585,222.19318757836425,0.0
2023-03-23 08:00:00,62.28280309741214,1.1195379954494555,220.00164267355893,0.0
2023-03-23 09:00:00,63.03870098405354,0.6012586794678754,220.05836751611082,0.0
2023-03-23 10:00:00,63.21301611786952,1.033742420903622,220.41505655572684,0.0
2023-03-23 11:00:00,69.12331427951246,1.1018102100536267,217.52723574318708,0.0
2023-03-23 12:00:00,58.59297735806391,1.4769742187588089,221.24984092820472,0.0
2023-03-23 13:00:00,74.41324560097998,1.2793255878442915,217.48960377016834,0.0
2023-03-23 14:00:00,68.16817042719815,1.0333716953342067,218.12076883744194,0.0
2023-03-23 15:00:00,65.66971674238748,1.4131927439463652,217.90157046198567,0.0
2023-03-23 16:00:00,64.83531799815114,1.2035664509059514,219.6495500667389,0.0
2023-03-23 17:00:00,65.85666222457297,1.2075133717414503,219.29509459292427,0.0
2023-03-23 18:00:00,66.56336728513801,0.9594656984456016,219.9975499233835,0.0
2023-03-23 19:00:00,66.93564675785017,1.001997257219372,218.18948768044712,0.0
2023-03-23 20:00:00,66.66681339801035,1.0349805400108951,222.01099064061276,0.0
2023-03-23 21:00:00,65.26874204376574,1.2092922546308378,221.66805513745265,0.0
2023-03-23 22:00:00,64.40798473907802,1.2155771453961348,219.65237297421655,0.0
2023-03-23 23:00:00,64.54618014903946,1.508818532704809,219.04326656682412,0.0
2023-03-24 00:00:00,64.41527515894195,1.2770110335875668,218.8412850133096,0.0
2023-03-24 01:00:00,68.40131029060119,0.6584868612655783,219.37971000997865,0.0
2023-03-24 02:00:00,66.78067016684258,1.252528397574338,217.19950954249765,0.0
2023-03-24 03:00:00,56.17883409600716,0.9099967287664934,218.0807853755763,0.0
2023-03-24 04:00:00,66.96770232958929,1.0068058150776926,221.72024078396993,0.0
2023-03-24 05:00:00,65.58420858415633,1.0375661056547338,220.60362497215175,0.0
2023-03-24 06:00:00,64.9438737306623,1.0673323352975397,223.26854897195307,0.0
2023-03-24 07:00:00,63.834444640733345,0.9249701215919393,219.40160969966135,0.0
2023-03-24 08:00:00,68.37233815995805,1.2406964006904575,219.27697354578626,0.0
2023-03-24 09:00:00,67.84257938636857,0.917839542981808,219.1842021509127,0.0
2023-03-24 10:00:00,62.68136699652917,1.2713335214499693,219.36167103356365,0.0
2023-03-24 11:00:00,66.2211568613736,1.647394215412326,218.6800919737068,0.0
2023-03-24 12:00:00,62.08502979637614,0.9341281882131871,220.5419764293744,0.0
2023-03-24 13:00:00,60.86114550563321,1.1430979391321556,220.05820813429682,0.0
2023-03-24 14:00:00,63.119848326230105,0.6953085274975059,218.98017099632347,0.0
2023-03-24 15:00:00,67.58718041714828,1.1398129414059732,222.50229782603782,0.0
2023-03-24 16:00:00,67.85937513612826,1.3285434305262966,223.7931658449726,0.0
2023-03-24 17:00:00,66.53925626029188,1.3441278462714534,222.3331544111468,0.0
2023-03-24 18:00:00,67.17528736054399,1.2154727460568193,221.1162480261668,0.0
2023-03-24 19:00:00,66.54853486134488,1.3778526849517951,221.52353945252756,0.0
2023-03-24 20:00:00,63.075555214331146,1.7092109071885582,223.71283103565267,0.0
2023-03-24 21:00:00,66.29576763402183,1.5424609374875198,221.52063863151884,0.0
2023-03-24 22:00:00,67.40122857568305,1.0954958141180726,218.82962829480144,0.0
2023-03-24 23:00:00,67.26287398944072,0.9097792027066522,220.7845450533011,0.0
2023-03-25 00:00:00,68.56674011442392,1.1187697166852393,221.25248853212665,0.0
2023-03-25 01:00:00,67.1249115416032,1.0106034468765304,218.01056545192816,0.0
2023-03-25 02:00:00,66.05434462262475,1.2902695095729264,219.43013836271365,0.0
2023-03-25 03:00:00,68.21045071494929,0.9637612921141003,222.20078364811093,0.0
2023-03-25 04:00:00,64.92043622225282,1.1854355134819314,216.35301452990083,0.0
2023-03-25 05:00:00,62.354376046316844,1.367602810907262,217.49914290991882,0.0
2023-03-25 06:00:00,64.51079910816871,1.1798608254365646,219.64718589274335,0.0
2023-03-25 07:00:00,62.76529206558065,1.0107372354504407,220.70735919101142,0.0
2023-03-25 08:00:00,62.97446517507686,1.4349628115171384,217.2847351101022,0.0
2023-03-25 09:00:00,64.56644398785345,0.8242038110492345,219.74642149666812,0.0
2023-03-25 10:00:00,62.622740237000116,1.1344409888245073,222.30753707817712,0.0
2023-03-25 11:00:00,64.07611541108288,1.191667995323733,220.13730291414856,0.0
2023-03-25 12:00:00,59.319155999138644,1.2031817316799263,221.87817788726227,0.0
2023-03-25 13:00:00,65.63988112211882,1.2360992112156162,218.81577175733,0.0
2023-03-25 14:00:00,65.00361642608668,1.3220879639618985,218.38016628642163,0.0
2023-03-25 15:00:00,62.54873410679543,1.1929185121909298,221.6977476605701,0.0
2023-03-25 16:00:00,66.97773700529721,1.1263883435712638,220.7385310693124,0.0
2023-03-25 17:00:00,67.81271041287968,1.1184821310680608,217.62880798445107,0.0
2023-03-25 18:00:00,60.177320406893074,1.077696839592329,218.39831816767443,0.0
2023-03-25 19:00:00,62.71182566430136,1.3575086648653731,223.12916248211482,0.0
2023-03-25 20:00:00,62.69257295063811,1.070694304104697,218.15088956106138,0.0
2023-03-25 21:00:00,62.1802906966734,1.3693542218016488,221.868657493452,0.0
2023-03-25 22:00:00,67.48842452579524,1.203799816451974,219.0436266055326,0.0
2023-03-25 23:00:00,64.4185215836816,1.095749038628774,219.99364828646574,0.0
2023-03-26 00:00:00,64.20645547606817,1.3236814431488269,220.58918524188675,0.0
2023-03-26 01:00:00,58.98841290677974,1.0545092150553763,215.7980375790008,0.0
2023-03-26 02:00:00,66.90625409062768,1.3276368081456424,217.0745653291454,0.0
2023-03-26 03:00:00,61.282224815439584,1.242545224238357,220.17266603757432,0.0
2023-03-26 04:00:00,65.17979789079898,1.0807350621816159,218.55138487243224,0.0
2023-03-26 05:00:00,65.83213081387457,1.3057269630669117,221.99316259054925,0.0
2023-03-26 06:00:00,69.08197578751596,1.3093179451377277,216.78775823826376,0.0
2023-03-26 07:00:00,61.073538802642666,1.4315039211619915,221.13051011251596,0.0
2023-03-26 08:00:00,55.941463532537526,1.3932294024818592,217.24755755919134,0.0
2023-03-26 09:00:00,65.55154863426108,1.2982548041452566,219.29579001171115,0.0
2023-03-26 10:00:00,70.40153354453255,0.9744818097582473,217.87124447152408,0.0
2023-03-26 11:00:00,68.71683905881831,1.6897173976348114,223.8048597609424,0.0
2023-03-26 12:00:00,65.62897824582387,0.9192767577856379,217.32101567405994,0.0
2023-03-26 13:00:00,63.52509144310386,1.3898526348564617,219.75588060926196,0.0
2023-03-26 14:00:00,67.42136778991193,1.2862567633772597,216.5463277039597,0.0
2023-03-26 15:00:00,62.0793614008866,0.965171525503777,223.19914024414118,0.0
2023-03-26 16:00:00,66.42907330806865,1.1751398122243002,220.80256483235442,0.0
2023-03-26 17:00:00,66.51641047749987,1.1842494227510718,220.27394617919734,0.0
2023-03-26 18:00:00,68.18062972249663,1.4611165431621047,222.94862587858344,0.0
2023-03-26 19:00:00,73.27898011673324,1.0573378199439576,220.2948448828452,0.0
2023-03-26 20:00:00,66.1772479015363,1.147610998715129,220.43914271228215,0.0
2023-03-26 21:00:00,63.4731091228775,0.7327860789957473,220.2634505761303,0.0
2023-03-26 22:00:00,64.92327706342401,1.5469525586247155,221.12726865088624,0.0
2023-03-26 23:00:00,59.692772285332644,0.9859063513959857,219.01511723215748,0.0
2023-03-27 00:00:00,62.91586060673283,1.265382172847835,219.57142538527333,0.0
2023-03-27 01:00:00,63.772152685660686,1.1797184340556273,221.62066925691488,0.0
2023-03-27 02:00:00,63.42773480619622,1.1803998066433319,220.55474590311576,0.0
2023-03-27 03:00:00,65.45706461610116,1.361972396974175,219.77151217179576,0.0
2023-03-27 04:00:00,62.5327402028534,1.5342524920607268,217.1989552179386,0.0
2023-03-27 05:00:00,68.36309200197341,1.2502987339883984,222.99610056907318,0.0
2023-03-27 06:00:00,65.00062119475459,1.3310156035261052,218.67709178009846,0.0
2023-03-27 07:00:00,64.97209903658415,1.265778307345408,221.9744744768385,0.0
2023-03-27 08:00:00,64.01631585046124,1.4035062847861253,220.35150730337617,0.0
2023-03-27 09:00:00,65.46557205157694,1.1074167241027346,217.41309895454026,0.0
2023-03-27 10:00:00,67.4752947940029,1.4150781108832828,222.50455095506123,0.0
2023-03-27 11:00:00,62.3986093528673,1.4220999731294768,220.50908129279907,0.0
2023-03-27 12:00:00,63.02565053277423,1.416507401736582,222.67069071347407,0.0
2023-03-27 13:00:00,64.08882191367,1.0679704265327048,219.63518259852816,0.0
2023-03-27 14:00:00,60.96238722958036,1.1663324731525617,221.4081024599341,0.0
2023-03-27 15:00:00,62.542226420835505,1.2478933977560869,216.47494577730998,0.0
2023-03-27 16:00:00,63.57133737936602,0.9258315910341988,218.9995682728125,0.0
2023-03-27 17:00:00,67.62316754213818,1.518984041617203,217.45401333553747,0.0
2023-03-27 18:00:00,65.78768398700578,1.1975446932995648,219.2504322999232,0.0
2023-03-27 19:00:00,65.58076973410263,1.2567855775209442,220.9436234790123,0.0
2023-03-27 20:00:00,67.55269388650392,1.0845991120545593,218.79083982469172,0.0
2023-03-27 21:00:00,64.58788463480181,0.9346244881265954,221.72768418727756,0.0
2023-03-27 22:00:00,66.17139454978667,1.0791940229050458,218.28677471289998,0.0
2023-03-27 23:00:00,64.6903347412025,1.2438408375267176,221.77047322729996,0.0
2023-03-28 00:00:00,65.79608704819888,1.3346857625507387,222.61951433174806,0.0
2023-03-28 01:00:00,63.25172402716525,1.232358308120544,222.02705227018197,0.0
2023-03-28 02:00:00,57.683548525170714,1.26934480324839,219.31162189634045,0.0
2023-03-28 03:00:00,64.59716251344109,1.1325947250637247,215.7490928041117,0.0
2023-03-28 04:00:00,69.26824440829982,1.2992497132490857,221.16433399347468,0.0
2023-03-28 05:00:00,67.77864620672477,1.4965665732771813,219.7495305705694,0.0
2023-03-28 06:00:00,67.89619245377351,1.3409578884877973,218.0432141197453,0.0
2023-03-28 07:00:00,68.70839216541866,1.361908377650588,218.88744187025918,0.0
2023-03-28 08:00:00,65.26597277288431,1.2588032798613262,222.8688506328896,0.0
2023-03-28 09:00:00,65.59194712221678,0.8993689860800795,217.7253195987797,0.0
2023-03-28 10:00:00,63.14704431369695,0.9910666938737513,220.93661835124243,0.0
2023-03-28 11:00:00,64.05178143191885,1.2909751601327686,220.4359163512748,0.0
2023-03-28 12:00:00,66.84731344931342,1.1978121896079827,219.28522467067353,0.0
2023-03-28 13:00:00,68.61165331150644,1.2879685772945655,221.2890653746261,0.0
2023-03-28 14:00:00,64.581661172957,1.5352846835688148,223.26449051779773,0.0
2023-03-28 15:00:00,63.64943220544576,1.3452071998458668,219.4080569922276,0.0
2023-03-28 16:00:00,65.0015838765698,1.4517772411485643,219.5136381038458,0.0
2023-03-28 17:00:00,66.80362024678735,1.218936277894146,221.2441298099804,0.0
2023-03-28 18:00:00,60.66843555159937,1.038556864503112,221.83648564287,0.0
2023-03-28 19:00:00,58.111457140588286,1.1884267681571317,219.74458558570274,0.0
2023-03-28 20:00:00,63.34838945152525,1.0390496372561724,219.38925252781272,0.0
2023-03-28 21:00:00,61.337862722257526,1.5116589913544896,215.5647069585605,0.0
2023-03-28 22:00:00,63.47557940705807,1.3580782153070938,218.44398217526688,0.0
2023-03-28 23:00:00,64.55665904354758,1.3041024993256558,217.7213766558649,0.0
2023-03-29 00:00:00,63.64025477293096,1.4471886404456207,221.3692499926238,0.0
2023-03-29 01:00:00,69.35740260341224,0.7959887170953548,219.5121941027983,0.0
2023-03-29 02:00:00,65.98023429380696,1.317627590268532,219.43395678892213,0.0
2023-03-29 03:00:00,65.90142307883248,0.9378708431391254,219.98188747275404,0.0
2023-03-29 04:00:00,66.8666214321302,1.1985488603068677,218.2596470597492,0.0
2023-03-29 05:00:00,61.58350064665769,1.1376584815065571,223.1064943733775,0.0
2023-03-29 06:00:00,68.1173353622608,1.3323473224193896,222.59638782339323,0.0
2023-03-29 07:00:00,64.77270714039362,1.2456374577921911,223.2362135660954,0.0
2023-03-29 08:00:00,67.01144185172363,1.4690234347223576,221.36683446247778,0.0
2023-03-29 09:00:00,61.78442830087953,1.0796205678134771,219.94104376995614,0.0
2023-03-29 10:00:00,60.33872370195181,1.3418228779266568,223.22945860601376,0.0
2023-03-29 11:00:00,67.45366897407509,1.2324446433797664,218.63806632817403,0.0
2023-03-29 12:00:00,66.12922857829255,0.8729419459856894,218.25758204193397,0.0
2023-03-29 13:00:00,62.29384533692747,1.0162767082953934,218.7969769704603,0.0
2023-03-29 14:00:00,62.391010756175916,1.1700243932955663,221.0457425338286,0.0
2023-03-29 15:00:00,68.37630435324431,1.4224584899783455,218.47578961322466,0.0
2023-03-29 16:00:00,61.43176432139801,1.292744611511423,219.689254023564,0.0
2023-03-29 17:00:00,69.92801885976789,0.9664998352238571,216.79628941223044,0.0
2023-03-29 18:00:00,62.298137796056395,1.171936754390568,220.9621953308565,0.0
2023-03-29 19:00:00,66.91517577682515,1.603561289758606,216.96579326563378,0.0
2023-03-29 20:00:00,64.01414457275304,1.2222446669681715,218.13567789026928,0.0
2023-03-29 21:00:00,66.80956229324703,1.1345348849855208,222.43433426979328,0.0
2023-03-29 22:00:00,63.367657993657424,1.298347928151244,222.36063663397223,0.0
2023-03-29 23:00:00,64.51162128178312,1.352678615916394,220.748626179093,0.0
2023-03-30 00:00:00,65.12275752618716,1.108766330503988,220.55132716347046,0.0
2023-03-30 01:00:00,61.993437632655585,1.3005149548742874,218.93808070569148,0.0
2023-03-30 02:00:00,67.22247303626038,1.1342221006658382,218.4541926725156,0.0
2023-03-30 03:00:00,63.460359300585246,1.3438655203658876,219.27551660448523,0.0
2023-03-30 04:00:00,64.31420025397995,1.2339386315942567,216.97269165107537,0.0
2023-03-30 05:00:00,62.01695187617446,1.2963935654105785,220.50489710990732,0.0
2023-03-30 06:00:00,57.31299902361407,1.048163290766499,220.09766224961683,0.0
2023-03-30 07:00:00,64.4269167121995,1.0357427231854281,218.13315746657946,0.0
2023-03-30 08:00:00,72.23784626483875,1.389099460931879,223.13736383768273,0.0
2023-03-30 09:00:00,67.35381286369407,1.1841207237229012,221.2138274205741,0.0
2023-03-30 10:00:00,64.94221886079681,1.2570069484198723,221.38368360801772,0.0
2023-03-30 11:00:00,64.21132751237519,1.138720914582696,219.02532014792166,0.0
2023-03-30 12:00:00,65.06739767843614,1.3797453548027288,219.99733984394734,0.0
2023-03-30 13:00:00,66.64135734552563,1.0784380039940684,221.25474534037485,0.0
2023-03-30 14:00:00,61.457561554073465,1.1728797520198233,220.30556473420046,0.0
2023-03-30 15:00:00,68.34296508400662,1.3571985625406264,223.20380156953973,0.0
2023-03-30 16:00:00,67.14614394632373,1.434593539832853,219.5924248611665,0.0
2023-03-30 17:00:00,67.1545571771238,1.0952481417946633,218.99087893552777,0.0
2023-03-30 18:00:00,66.31542721642919,1.5919367963911766,221.26850575294284,0.0
2023-03-30 19:00:00,65.05884997308198,1.2626483387387233,217.47070545542698,0.0
2023-03-30 20:00:00,67.01858370790046,0.9914143476382524,221.84859386461622,0.0
2023-03-30 21:00:00,66.77544240122414,1.2738104097179936,217.39857639881603,0.0
2023-03-30 22:00:00,63.93787786717693,1.1234001571033083,221.2771693321171,0.0
2023-03-30 23:00:00,63.2791946813093,1.2868136974366353,218.70345289165468,0.0
2023-03-31 00:00:00,65.30556888578596,1.1914287504679324,220.9531682939668,0.0
2023-03-31 01:00:00,69.64706045448557,1.214854738038029,221.81468589212204,0.0
2023-03-31 02:00:00,61.2826787730383,1.0176813246827707,220.30684239100785,0.0
2023-03-31 03:00:00,60.59742420274268,1.398012246143272,217.60075809671864,0.0
2023-03-31 04:00:00,65.49428252370954,0.9687745265697936,218.2064495109857,0.0
2023-03-31 05:00:00,65.15266310556805,0.978247020919001,218.54268171793242,0.0
2023-03-31 06:00:00,65.52002499311122,1.2734720698294972,216.20998621280444,0.0
2023-03-31 07:00:00,65.7318595937255,1.5205688494355938,222.25495571746387,0.0
2023-03-31 08:00:00,64.33039323609559,1.1294813805871184,220.22021517151265,0.0
2023-03-31 09:00:00,69.46959031580624,1.340194464540793,217.72896390962202,0.0
2023-03-31 10:00:00,60.19728806457045,1.414668035372709,222.91134971491672,0.0
2023-03-31 11:00:00,62.514508925659264,1.362936887458814,218.59734379972366,0.0
2023-03-31 12:00:00,64.69023571955286,1.1377583421652637,220.50114497814974,0.0
2023-03-31 13:00:00,60.070433566537496,0.981790656561185,218.3494589096076,0.0
2023-03-31 14:00:00,64.47243678670378,0.758490486865729,215.96347969334195,0.0
2023-03-31 15:00:00,69.98441049718406,1.1474319001075213,217.2711188822975,0.0
2023-03-31 16:00:00,65.06265946488789,1.435617473712435,219.10301913826714,0.0
2023-03-31 17:00:00,65.69210271715605,0.9751668030476132,221.79659374241209,0.0
2023-03-31 18:00:00,61.21950570448226,1.340041969503753,220.69306629363848,0.0
2023-03-31 19:00:00,63.150915775881565,1.0099694939896255,220.28041025234248,0.0
2023-03-31 20:00:00,63.87441085902819,1.2212145152773677,215.97994475451023,0.0
2023-03-31 21:00:00,64.04685470973129,1.3415583228310035,222.54017229536018,0.0
2023-03-31 22:00:00,68.84493138501131,1.0681009126323144,220.4473593929911,0.0
2023-03-31 23:00:00,66.67307318217537,1.2340969361393828,219.76116466021568,0.0
2023-04-01 00:00:00,61.6656261291889,1.1169817326549343,222.26484621997778,0.0
2023-04-01 01:00:00,65.73951433529601,1.3410297317876352,222.49499344713655,0.0
2023-04-01 02:00:00,66.49466524549035,1.2470634336969275,222.30918049521838,0.0
2023-04-01 03:00:00,68.4204471155638,1.2113015348858533,219.50582700659342,0.0
2023-04-01 04:00:00,69.74162205970512,1.5116699920283956,217.9930468784316,0.0
2023-04-01 05:00:00,61.954717424516396,1.3324612284736603,221.97784583428415,0.0
2023-04-01 06:00:00,62.56742746636898,1.0619296267747422,217.26989111385916,0.0
2023-04-01 07:00:00,61.227266423256154,1.1828272198404477,223.89451347732856,0.0
2023-04-01 08:00:00,64.29794042267906,1.1848202429840677,220.05599909038912,0.0
2023-04-01 09:00:00,66.399075123339,1.2160639145250423,217.87823148860082,0.0
2023-04-01 10:00:00,67.9620035497673,1.704901855321499,217.5362628916868,0.0
2023-04-01 11:00:00,64.77214692907243,1.2741703785421994,217.4447903518879,0.0
2023-04-01 12:00:00,64.04045743023546,0.7928194859790447,220.28072581344168,0.0
2023-04-01 13:00:00,65.45527397674623,1.0914402056566068,219.98721535988042,0.0
2023-04-01 14:00:00,62.49457129510993,0.8135255825008383,217.5281556529816,0.0
2023-04-01 15:00:00,71.26861616508432,1.134040348590832,219.2870884268882,0.0
2023-04-01 16:00:00,60.177016918645826,0.8025379540547142,217.2641292278173,0.0
2023-04-01 17:00:00,65.55422173668717,1.0256819057863145,221.17860361188835,0.0
2023-04-01 18:00:00,71.07081865768892,0.8958556940731759,219.89081346777456,0.0
2023-04-01 19:00:00,65.02039953367999,1.2768320355934955,219.2431949881651,0.0
2023-04-01 20:00:00,64.42988289499552,1.2001078725257757,217.42377853986494,0.0
2023-04-01 21:00:00,63.92766373156872,1.2605924614997461,219.39968879955447,0.0
2023-04-01 22:00:00,64.45882495471278,1.1790897222862946,219.17054423730735,0.0
2023-04-01 23:00:00,69.11854542402959,0.9211404499591164,220.6354534024192,0.0
2023-04-02 00:00:00,58.36441426601148,1.3027042738509471,220.33403595623392,0.0
2023-04-02 01:00:00,69.60030110388898,1.5844449120538906,221.5841202041587,0.0
2023-04-02 02:00:00,60.728128542649564,1.2818425157213094,219.0308469129899,0.0
2023-04-02 03:00:00,64.20004301229676,1.1148150801364867,216.279176995607,0.0
2023-04-02 04:00:00,63.71226673910402,0.9143865647789109,221.9821857531961,0.0
2023-04-02 05:00:00,66.76565980931215,1.0183866058480069,218.12793497390365,0.0
2023-04-02 06:00:00,60.20562694434876,1.2906079313144119,217.7861658939695,0.0
2023-04-02 07:00:00,66.38651799824584,1.4146236053598749,219.9137669097725,0.0
2023-04-02 08:00:00,71.07292886986056,1.252173234944395,220.60454102590904,0.0
2023-04-02 09:00:00,60.910477986221565,1.3599774579411967,218.93832718857064,0.0
2023-04-02 10:00:00,65.56911850283119,1.3415356488054486,218.92261463706376,0.0
2023-04-02 11:00:00,63.01405346661017,1.3013068782771835,219.2179473644689,0.0
2023-04-02 12:00:00,66.2776616185791,1.0683052809477487,222.8330807019863,0.0
2023-04-02 13:00:00,65.05744333224726,1.2347847023950305,219.99464382488372,0.0
2023-04-02 14:00:00,63.07553927286707,1.0303244392235724,218.06407432107642,0.0
2023-04-02 15:00:00,66.46361685461322,1.2034857905916203,218.08443328619407,0.0
2023-04-02 16:00:00,70.41304432936023,1.2661727062133823,219.49823164083526,0.0
2023-04-02 17:00:00,64.4272886248181,1.535756761477371,220.47571586805603,0.0
2023-04-02 18:00:00,67.15927382644455,0.9380536051264735,220.96796032393237,0.0
2023-04-02 19:00:00,61.12018112638651,1.2963015261982611,220.24831720769444,0.0
2023-04-02 20:00:00,62.13069086954597,1.496247318324719,218.31625329816583,0.0
2023-04-02 21:00:00,66.41721883364113,1.3517695531677592,219.15211740087844,0.0
2023-04-02 22:00:00,69.4523480856079,1.3665890885650083,221.46781576372925,0.0
2023-04-02 23:00:00,66.06684004635699,1.3175389803735624,217.70781607909382,0.0
2023-04-03 00:00:00,64.06082590843053,1.4596668979550833,219.06849321384507,0.0
2023-04-03 01:00:00,64.99787421627006,0.9825043663775264,221.1949257157627,0.0
2023-04-03 02:00:00,61.248776798090844,0.9228146668059507,221.75056285327037,0.0
2023-04-03 03:00:00,66.8135459790661,1.1987331719069487,219.61416925781722,0.0
2023-04-03 04:00:00,67.64699918697023,0.767767579285658,219.17758637885836,0.0
2023-04-03 05:00:00,63.64372900150076,1.4461291608356022,217.35576411711253,0.0
2023-04-03 06:00:00,63.58987355672149,1.4441430390990884,221.0512798454542,0.0
2023-04-03 07:00:00,65.79763468895615,1.1133298889830947,222.6375593702936,0.0
2023-04-03 08:00:00,63.68984079187821,1.125845880667898,225.13030811719938,0.0
2023-04-03 09:00:00,64.80160215612253,1.1855305049698657,220.7728923670361,0.0
2023-04-03 10:00:00,71.29916536749954,1.2104041300879238,219.89824069671204,0.0
2023-04-03 11:00:00,64.258922897762,1.225434783838857,218.1603787736982,0.0
2023-04-03 12:00:00,63.92497954393633,1.3116464213756607,216.2422861725137,0.0
2023-04-03 13:00:00,63.05737458309452,1.1654747293983043,220.35391849947968,0.0
2023-04-03 14:00:00,67.2325759144998,1.3886386606955587,224.7006782403086,0.0
2023-04-03 15:00:00,64.45632748034569,1.2891895554250605,222.54162445931382,0.0
2023-04-03 16:00:00,63.05188088503572,1.0786073108254728,222.2331285382276,0.0
2023-04-03 17:00:00,68.96391209681903,1.4670225335608196,220.49120563411583,0.0
2023-04-03 18:00:00,69.25880901354091,0.9283486027755026,220.71904632056064,0.0
2023-04-03 19:00:00,63.19872930278388,1.1815668378357047,215.15250536344405,0.0
2023-04-03 20:00:00,59.40038014591815,1.3933834802150935,221.525021161528,0.0
2023-04-03 21:00:00,68.02254106951077,1.0553853790175711,218.84131886084836,0.0
2023-04-03 22:00:00,62.94611052271999,1.2619111293534302,218.59654530680822,0.0
2023-04-03 23:00:00,67.37187679748831,1.3086679193998096,219.35348609390277,0.0
2023-04-04 00:00:00,59.089688546864494,1.0278952264037522,219.28599102109797,0.0
2023-04-04 01:00:00,67.67779201489793,1.185504456081193,218.5647288160567,0.0
2023-04-04 02:00:00,61.36648421215766,1.168699233958158,220.02774414435194,0.0
2023-04-04 03:00:00,67.19229235719958,1.0896524296335415,218.88344480758388,0.0
2023-04-04 04:00:00,65.0428192035093,1.6603349704101549,220.20064591151228,0.0
2023-04-04 05:00:00,62.138181741810065,1.0473787293109047,217.02564437089993,0.0
2023-04-04 06:00:00,63.77889106121966,1.4009860588135767,219.57188445873595,0.0
2023-04-04 07:00:00,67.05895537087011,1.1214397966237715,217.8074088206275,0.0
2023-04-04 08:00:00,65.31768335934571,0.9826727622229436,218.71710136300428,0.0
2023-04-04 09:00:00,66.75323894141745,1.2205628486310138,220.28679768606708,0.0
2023-04-04 10:00:00,70.92932175354646,1.3298186768775002,216.79200477049008,0.0
2023-04-04 11:00:00,60.307275164866844,1.3841019150131357,218.35518524545571,0.0
2023-04-04 12:00:00,69.85163772490587,1.5124530221310137,221.13792876967267,0.0
2023-04-04 13:00:00,65.31306781256964,1.78904925798702,217.1736443162684,0.0
2023-04-04 14:00:00,62.30364785503062,1.2501028407511194,223.5557342805576,0.0
2023-04-04 15:00:00,61.00905912278303,1.0673815652349223,222.4088159122613,0.0
2023-04-04 16:00:00,64.4326388276689,1.2905748653589781,219.01094583109546,0.0
2023-04-04 17:00:00,67.76495033577338,1.1467574099187017,218.42558062442987,0.0
2023-04-04 18:00:00,64.6173526388674,1.385193225970446,220.40387980667097,0.0
2023-04-04 19:00:00,69.53346479074204,0.9405671407268557,217.1050754859457,0.0
2023-04-04 20:00:00,60.646472929845324,1.6736669084800875,215.99571455033512,0.0
2023-04-04 21:00:00,64.96373315646184,1.3712096189551026,219.08132975189486,0.0
2023-04-04 22:00:00,61.242819666760646,0.863199196440767,219.73190246699562,0.0
2023-04-04 23:00:00,66.0908956478749,1.0581942195370055,220.18885444870705,0.0
2023-04-05 00:00:00,67.6606621702919,1.3632162088227877,218.77051876776423,0.0
2023-04-05 01:00:00,63.73771461895684,1.4352688112342908,222.5478934589499,0.0
2023-04-05 02:00:00,57.1873584301186,0.9455524745536072,217.00972068303224,0.0
2023-04-05 03:00:00,65.59684444038949,1.3426051700865897,217.7234757300838,0.0
2023-04-05 04:00:00,66.31021565520052,0.8105320254676153,220.97327191228962,0.0
2023-04-05 05:00:00,66.21288426488509,1.1821328269057907,217.67670522872572,0.0
2023-04-05 06:00:00,68.70734657546646,1.4224093684206411,217.59935909560537,0.0
2023-04-05 07:00:00,61.78683896105285,1.0896968539794039,220.24670958441433,0.0
2023-04-05 08:00:00,67.04064831635135,0.8986155401723972,217.89295475936794,0.0
2023-04-05 09:00:00,68.57752253743392,1.2292429592755119,219.73383114415861,0.0
2023-04-05 10:00:00,59.66423724798045,1.0790562266729042,218.60028688068448,0.0
2023-04-05 11:00:00,65.95895547775693,1.325911673213167,218.27667259325452,0.0
2023-04-05 12:00:00,63.48746050697699,1.022934713556388,215.79538921731012,0.0
2023-04-05 13:00:00,64.75543198069506,1.04547262206938,220.27912630564268,0.0
2023-04-05 14:00:00,66.04302945061501,0.7957995358247512,217.50562001577416,0.0
2023-04-05 15:00:00,63.53831430765934,1.2339889422102965,219.66351559293895,0.0
2023-04-05 16:00:00,62.972875762515166,1.16781901234468,218.97579020330286,0.0
2023-04-05 17:00:00,65.10245725246408,0.9623230658519858,219.58698388260024,0.0
2023-04-05 18:00:00,61.73826218341159,1.2387597427534183,219.7006492519735,0.0
2023-04-05 19:00:00,61.74252461334444,1.4054140601288279,220.38725650183653,0.0
2023-04-05 20:00:00,67.03811984886951,1.15688641131621,218.5444813970171,0.0
2023-04-05 21:00:00,61.55361789452403,1.2536333899643948,222.48539295854673,0.0
2023-04-05 22:00:00,66.99893750272764,1.2546622499170328,216.30519987828885,0.0
2023-04-05 23:00:00,66.38777387856186,0.9591340345642079,219.54681776294555,0.0
2023-04-06 00:00:00,59.82257981362821,1.6113171641415192,221.67246195282172,0.0
2023-04-06 01:00:00,62.96730604299304,1.1058300339755431,220.9535451060052,0.0
2023-04-06 02:00:00,68.58232820914212,1.331223240372054,218.05032884694282,0.0
2023-04-06 03:00:00,62.05650340658096,1.3538430554458099,218.38350901402396,0.0
2023-04-06 04:00:00,63.60678721307184,1.1720809745768497,217.9864148813468,0.0
2023-04-06 05:00:00,66.38618267975569,1.3213590050119268,221.19845526132877,0.0
2023-04-06 06:00:00,67.35017152784779,1.2491638443632778,218.520152542969,0.0
2023-04-06 07:00:00,64.24538334186651,0.9164720485545188,220.5102461762469,0.0
2023-04-06 08:00:00,63.207469415925075,1.1335454597499823,220.52860282815192,0.0
2023-04-06 09:00:00,69.26710958509553,1.0774898195291875,224.73678693647074,0.0
2023-04-06 10:00:00,70.21669899139273,1.1076509917307744,220.6265025196034,0.0
2023-04-06 11:00:00,67.93657415234539,0.9391993644326724,218.37771197049906,0.0
2023-04-06 12:00:00,65.25595442769507,1.425286743349206,217.07969947586722,0.0
2023-04-06 13:00:00,62.57520283507722,1.5203985309226826,219.4482945707245,0.0
2023-04-06 14:00:00,62.5086667803303,1.3956005951996817,219.76182831514535,0.0
2023-04-06 15:00:00,66.56754231579727,1.4541058448294286,215.57860094521888,0.0
2023-04-06 16:00:00,66.25519466266606,1.1310730325983687,218.57229167941398,0.0
2023-04-06 17:00:00,69.20479577883928,1.0727486330027927,220.5947050856551,0.0
2023-04-06 18:00:00,66.95135027760841,1.0442825906376576,218.93528865946766,0.0
2023-04-06 19:00:00,60.490759094720545,1.3288129845914445,221.93724757141166,0.0
2023-04-06 20:00:00,68.15584285316875,1.24541261062883,216.88328711055897,0.0
2023-04-06 21:00:00,62.00581811805676,1.184555657680315,221.35376564030642,0.0
2023-04-06 22:00:00,63.84808618414294,1.4590297088390685,221.8277794830519,0.0
2023-04-06 23:00:00,65.75060061875509,1.2809882707630686,221.91299295168307,0.0
2023-04-07 00:00:00,70.98700246935189,1.032268472495883,216.86828723069124,0.0
2023-04-07 01:00:00,74.32975566801608,1.063818234172861,220.62910559171476,0.0
2023-04-07 02:00:00,66.82016917740854,1.336398659850829,218.66249176295696,0.0
2023-04-07 03:00:00,64.45041014383884,1.4083465705309193,217.18771511603418,0.0
2023-04-07 04:00:00,66.60351694544165,1.310336046451194,219.17226455005257,0.0
2023-04-07 05:00:00,67.6629662776215,1.5793777495744163,218.19004401619839,0.0
2023-04-07 06:00:00,64.03799712332842,1.5270014331462838,221.84150093632775,0.0
2023-04-07 07:00:00,70.38563406773697,1.2882071669701525,221.02612668602714,0.0
2023-04-07 08:00:00,65.6902122775742,1.0322838681036994,217.69511106378226,0.0
2023-04-07 09:00:00,66.49322926727419,0.9380024976536464,218.55155737233815,0.0
2023-04-07 10:00:00,66.99777275616339,1.1225236509970569,219.23860514876677,0.0
2023-04-07 11:00:00,66.26475983184336,1.3506426892832313,219.8551897053642,0.0
2023-04-07 12:00:00,67.51682150140884,1.5653294158623876,222.01275654960756,0.0
2023-04-07 13:00:00,63.14824044035923,1.2834894068821598,221.38156465296126,0.0
2023-04-07 14:00:00,63.32509473816191,1.4337445588462474,220.10278393794968,0.0
2023-04-07 15:00:00,61.699537301084916,1.1509385027624395,219.47870230021016,0.0
2023-04-07 16:00:00,66.31850369186068,1.32455382504551,216.45329193078504,0.0
2023-04-07 17:00:00,67.33680951053634,1.3646713658954344,222.58399525225212,0.0
2023-04-07 18:00:00,66.37331859845565,0.8040811448294942,219.1058068042687,0.0
2023-04-07 19:00:00,70.02347730004261,1.117312239524698,223.10968048085252,0.0
2023-04-07 20:00:00,64.98321194351286,1.3899400768555739,220.39221858426367,0.0
2023-04-07 21:00:00,67.00622496677754,1.254893667127313,224.05056841724289,0.0
2023-04-07 22:00:00,61.72489737158206,0.9606969903698134,221.21264306673262,0.0
2023-04-07 23:00:00,63.838700892576796,0.7139755248545288,217.13596073755824,0.0
2023-04-08 00:00:00,67.08661327269733,1.1268438509395986,218.77116903947757,0.0
2023-04-08 01:00:00,67.54730633222943,1.1856828614212243,219.66173007865606,0.0
2023-04-08 02:00:00,64.11809915700745,1.023215410034331,218.25243422578336,0.0
2023-04-08 03:00:00,64.7852022444258,1.2286169874055988,219.24587836563592,0.0
2023-04-08 04:00:00,60.44637875995757,1.3012773494465788,217.26612168283577,0.0
2023-04-08 05:00:00,63.92891239758017,1.3341374341452465,220.01144256219825,0.0
2023-04-08 06:00:00,67.67114949055936,0.7288162150135356,220.47482389802187,0.0
2023-04-08 07:00:00,66.7256150483197,0.937142980438376,217.99178118558777,0.0
2023-04-08 08:00:00,66.50199716414363,1.1390754703290529,223.88050858696383,0.0
2023-04-08 09:00:00,65.14932106154288,1.3144346262074926,220.12702652256093,0.0
2023-04-08 10:00:00,65.02118947588453,1.2978468027100072,218.36651826775417,0.0
2023-04-08 11:00:00,63.019036581579655,1.2943739895753352,216.74092140006957,0.0
2023-04-08 12:00:00,67.09648526060761,1.1233164116062135,220.11988577879433,0.0
2023-04-08 13:00:00,66.26291883316817,1.1344733125380078,219.4790229343733,0.0
2023-04-08 14:00:00,66.4760565439784,1.054334146315652,221.5660818145729,0.0
2023-04-08 15:00:00,63.42189547199726,1.3536388256211696,219.71325947005607,0.0
2023-04-08 16:00:00,58.539971240386265,1.0159022424520843,217.61256243546254,0.0
2023-04-08 17:00:00,68.29145813526108,1.3700072790379139,223.34143659235517,0.0
2023-04-08 18:00:00,63.56348763197479,1.2415706476275292,220.87124975901438,0.0
2023-04-08 19:00:00,62.411672707870636,1.1909911043089692,219.49178257680327,0.0
2023-04-08 20:00:00,67.08043673574198,1.0686579200447066,220.32927706289948,0.0
2023-04-08 21:00:00,63.82396208024261,0.9288916277671746,220.94808391312333,0.0
2023-04-08 22:00:00,68.17980915213987,1.0704694487243909,217.14228677221314,0.0
2023-04-08 23:00:00,66.8510178487301,1.1339986262750228,220.3153884399256,0.0
2023-04-09 00:00:00,67.05070796960143,0.7261951376837497,219.09975305341223,0.0
2023-04-09 01:00:00,60.9021328663984,1.1605289689330671,221.0145999712595,0.0
2023-04-09 02:00:00,68.6358319561592,1.384871473605201,218.51963615078745,0.0
2023-04-09 03:00:00,65.78375159370157,1.3134435810867744,218.79059628980585,0.0
2023-04-09 04:00:00,63.89216858226139,1.1007588248516984,223.3257421971281,0.0
2023-04-09 05:00:00,65.43016540202676,1.2093872596830455,222.46182418176429,0.0
2023-04-09 06:00:00,59.67129430130504,1.0887670861156,213.40887764006538,0.0
2023-04-09 07:00:00,66.225958434442,1.2297521466671393,222.31352396492863,0.0
2023-04-09 08:00:00,61.911885475453786,1.5080215647488062,219.85269594748448,0.0
2023-04-09 09:00:00,60.941989142469396,1.3936997605249752,218.58363587420197,0.0
2023-04-09 10:00:00,60.43292244134633,1.3041588611385504,217.9856505285847,0.0
2023-04-09 11:00:00,68.33806512496977,1.1014230175232562,218.10176474344001,0.0
2023-04-09 12:00:00,63.112209818921635,1.3499876785889677,218.64012811048318,0.0
2023-04-09 13:00:00,69.6011831297495,0.8626246097253893,217.74573483263632,0.0
2023-04-09 14:00:00,63.39259561084311,1.149529303601822,217.29080067785472,0.0
2023-04-09 15:00:00,59.87792612722116,1.31674228396479,217.91923969831217,0.0
2023-04-09 16:00:00,61.65042668015402,1.3480842428095503,220.64678771013138,0.0
2023-04-09 17:00:00,68.70743486002081,1.3339768980431481,220.1001802971416,0.0
2023-04-09 18:00:00,64.53230546619,1.2589661378419388,221.11171290310372,0.0
2023-04-09 19:00:00,63.355138110528195,1.1608550041832233,219.8672603215799,0.0
2023-04-09 20:00:00,65.48005467755836,1.3075951939652977,217.3866413387104,0.0
2023-04-09 21:00:00,66.50534820850264,1.00942779188274,220.98888184698723,0.0
2023-04-09 22:00:00,68.35219644770739,1.03106454734135,217.99062144225016,0.0
2023-04-09 23:00:00,69.34549768967878,1.2123469352920593,221.29322860397787,0.0
2023-04-10 00:00:00,63.92069406263274,1.2346395285417495,217.66815999408607,0.0
2023-04-10 01:00:00,61.02185694175388,0.8348769642870706,218.62504674719295,0.0
2023-04-10 02:00:00,63.75960451663017,1.2910292761899036,219.27721671886417,0.0
2023-04-10 03:00:00,65.78084151974866,1.3545456755838785,221.3488096021139,0.0
2023-04-10 04:00:00,62.108723221368166,1.1845429525067408,220.35199450425478,0.0
2023-04-10 05:00:00,62.12854725531487,1.6748932566567984,220.04000264430184,0.0
2023-04-10 06:00:00,66.03136364464966,1.0634129787369626,223.7713375701106,0.0
2023-04-10 07:00:00,64.85404294528864,1.127782567322626,216.3260336775497,0.0
2023-04-10 08:00:00,65.09839098623476,1.120986618774558,217.9232447145989,0.0
2023-04-10 09:00:00,62.72451399589979,1.1847624777417964,217.837623043922,0.0
2023-04-10 10:00:00,64.3087978573827,1.1342550374067417,216.45869538015546,0.0
2023-04-10 11:00:00,62.22730056719509,0.9186378910790256,218.56096097422795,0.0
2023-04-10 12:00:00,67.67059523337436,1.0906903407527049,221.3755383275934,0.0
2023-04-10 13:00:00,68.10574800417126,1.1804758608451846,218.8167052029685,0.0
2023-04-10 14:00:00,59.46143641328572,1.4457144164123994,219.3339940560274,0.0
2023-04-10 15:00:00,62.21146741942277,1.6404486546745827,216.55489034423942,0.0
2023-04-10 16:00:00,60.51041223472976,1.467094779570131,218.4069488496793,0.0
2023-04-10 17:00:00,63.049928196779305,1.0449241940654788,219.07660256882482,0.0
2023-04-10 18:00:00,64.74968609062891,1.0608380778747668,221.28480084509422,0.0
2023-04-10 19:00:00,60.65106434090441,1.1681342844981297,216.65016720416355,0.0
2023-04-10 20:00:00,62.23442056062406,1.556911777770717,219.0899825085577,0.0
2023-04-10 21:00:00,61.9881278837555,1.1669151895636212,222.17363606013777,0.0
2023-04-10 22:00:00,65.62180198819684,0.9344985018925138,219.10983342875346,0.0
2023-04-10 23:00:00,65.20803301110875,1.099764572609393,215.76887717176265,0.0
2023-04-11 00:00:00,62.83478733998824,1.3514112003638834,222.55835155469637,0.0
2023-04-11 01:00:00,65.53046261641819,1.3379880553792174,221.46979388507665,0.0
2023-04-11 02:00:00,63.359959746238204,1.1599566667016687,221.73879435015758,0.0
2023-04-11 03:00:00,64.18503466902185,1.3366829347120062,216.5124327065092,0.0
2023-04-11 04:00:00,70.0203562708956,0.7453655594906335,223.02491145169444,0.0
2023-04-11 05:00:00,69.02138315537104,1.2207658470065395,218.45344782977762,0.0
2023-04-11 06:00:00,61.101256289217204,1.372137084273726,218.98112211155953,0.0
2023-04-11 07:00:00,67.48919725363753,1.033427344969093,218.594445668016,0.0
2023-04-11 08:00:00,67.43418966347478,1.0327322927007423,221.8938743639104,0.0
2023-04-11 09:00:00,61.55521013374214,0.8267103694473048,219.6404032949894,0.0
2023-04-11 10:00:00,67.45633293126458,1.5179791189621388,220.96348206517524,0.0
2023-04-11 11:00:00,69.61379575523766,1.0559692045956866,220.15180204576873,0.0
2023-04-11 12:00:00,61.63236558126676,1.2482086555724223,219.80991599261415,0.0
2023-04-11 13:00:00,62.247491536957206,1.320783408296675,218.1064318725076,0.0
2023-04-11 14:00:00,68.0529844005305,1.5024135898282907,223.62428117461553,0.0
2023-04-11 15:00:00,65.81448593247694,1.169220445202873,217.07321274298954,0.0
2023-04-11 16:00:00,66.65442882571857,1.0921140412443162,220.82450794806937,0.0
2023-04-11 17:00:00,66.0217676492015,1.2346135297141108,220.75331318421456,0.0
2023-04-11 18:00:00,66.17208776278443,1.4568160553084573,222.30871257230484,0.0
2023-04-11 19:00:00,61.02058361506675,1.1659654937198431,222.77618006475856,0.0
2023-04-11 20:00:00,68.14195311986434,1.0090261836831846,219.72522280116644,0.0
2023-04-11 21:00:00,68.50876997728332,0.8918484383369274,221.06078861184952,0.0
2023-04-11 22:00:00,64.31182776779592,0.9557405230789549,223.529747420905,0.0
2023-04-11 23:00:00,64.86956915055842,1.3728782994813329,219.8696464661555,0.0
2023-04-12 00:00:00,60.40667749233283,1.1358751047386377,217.86713304986964,0.0
2023-04-12 01:00:00,66.5427642680535,1.078495818015858,219.23106377460115,0.0
2023-04-12 02:00:00,66.71617232514244,1.0568065553632116,217.39070800277108,0.0
2023-04-12 03:00:00,64.81342694900206,1.2170091720400362,220.74363362198943,0.0
2023-04-12 04:00:00,68.3730600796115,1.1521089812468832,222.12891241628128,0.0
2023-04-12 05:00:00,63.99776830706018,1.1453735712561495,219.75791701586493,0.0
2023-04-12 06:00:00,66.6938177776808,1.4698647855621478,216.7580799010927,0.0
2023-04-12 07:00:00,61.94100698392366,1.5076032563723267,222.04330167011534,0.0
2023-04-12 08:00:00,64.92934354737729,0.8779956654182006,216.44740207686846,0.0
2023-04-12 09:00:00,64.4769372262915,1.2655185462285914,216.9080904441539,0.0
2023-04-12 10:00:00,65.67592376612282,1.0446275802757214,219.64332322501056,0.0
2023-04-12 11:00:00,63.89141921349992,1.1503497772277813,220.50357049135098,0.0
2023-04-12 12:00:00,64.605582212985,1.2618556770253389,220.8444949975167,0.0
2023-04-12 13:00:00,67.47814151432452,1.1574560166138161,219.86772089590704,0.0
2023-04-12 14:00:00,63.68970728828535,1.2460919761255267,223.5200875302697,0.0
2023-04-12 15:00:00,60.18026869778396,1.3345940412063835,220.13033668216642,0.0
2023-04-12 16:00:00,70.24875171261627,1.2589153601080638,222.06933620350588,0.0
2023-04-12 17:00:00,69.14436223607146,1.0706327391664752,221.5739091281894,0.0
2023-04-12 18:00:00,61.12321191468315,1.074160078605935,217.41425253559095,0.0
2023-04-12 19:00:00,67.06912341573559,0.9120589406763928,219.66053902542896,0.0
2023-04-12 20:00:00,63.49107568834597,1.0292159404958563,224.24664102656203,0.0
2023-04-12 21:00:00,65.79046164599318,1.5924136723797055,218.9912982921195,0.0
2023-04-12 22:00:00,65.88267238704049,1.041599285180951,218.6507589512866,0.0
2023-04-12 23:00:00,64.29677659905103,0.961324237511236,220.34115116295405,0.0
2023-04-13 00:00:00,62.64870300324081,1.2639855723689546,219.0629601414799,0.0
2023-04-13 01:00:00,62.928376843051225,1.177927048141628,218.41259084099553,0.0
2023-04-13 02:00:00,62.25142425355627,1.160881352630155,219.03343321140483,0.0
2023-04-13 03:00:00,62.50453337530867,1.481809193282418,222.86401934273727,0.0
2023-04-13 04:00:00,64.79846512985193,1.309825335111673,219.72676261704487,0.0
2023-04-13 05:00:00,62.85272003266775,1.0940014136593048,217.34384993449058,0.0
2023-04-13 06:00:00,67.04615619713786,1.115104816481644,216.97650692382368,0.0
2023-04-13 07:00:00,69.46173846600779,1.099482697218863,224.41360986410893,0.0
2023-04-13 08:00:00,63.25984027588987,1.3749479243160514,219.5533312611318,0.0
2023-04-13 09:00:00,65.71821350160613,1.1383704741093725,220.86915700193083,0.0
2023-04-13 10:00:00,66.4990553309088,0.8413692995091698,218.45724554732078,0.0
2023-04-13 11:00:00,66.41600681275783,1.190336064253131,220.64197193854284,0.0
2023-04-13 12:00:00,65.22786580374826,0.8925947997744141,222.91865930320307,0.0
2023-04-13 13:00:00,67.22804725507916,1.6368461203509803,218.6954736325125,0.0
2023-04-13 14:00:00,66.44674685804198,1.0068664172305537,220.91717355989718,0.0
2023-04-13 15:00:00,61.28701273301811,1.1676270469284538,217.1885074482192,0.0
2023-04-13 16:00:00,67.60746819316782,1.2516405469402274,224.04573223673358,0.0
2023-04-13 17:00:00,67.66187251180023,1.1422683678641539,220.53707186048916,0.0
2023-04-13 18:00:00,62.71014168746426,1.1419939197067615,219.1744123112954,0.0
2023-04-13 19:00:00,65.11381350634281,1.2843654572321754,219.40425175342767,0.0
2023-04-13 20:00:00,67.04998697843321,1.5052431917592557,218.97992365097133,0.0
2023-04-13 21:00:00,64.37205854126192,1.3535018163634596,219.082189671753,0.0
2023-04-13 22:00:00,68.21893414329804,1.4957027757147086,215.10500971530067,0.0
2023-04-13 23:00:00,72.09161748385809,0.9906761783812996,219.8040685358065,0.0
2023-04-14 00:00:00,62.64204190209505,1.2634725266510722,219.72024263878856,0.0
2023-04-14 01:00:00,60.856866190538675,1.2310492104116557,220.97732307452097,0.0
2023-04-14 02:00:00,65.91145578681463,1.270218258335347,218.95371250711696,0.0
2023-04-14 03:00:00,67.16468751537843,1.4752463941271146,218.45792737171794,0.0
2023-04-14 04:00:00,64.3074008784657,1.155842170041589,219.98445011109405,0.0
2023-04-14 05:00:00,69.3597819899631,1.1188993266891825,216.77526376381903,0.0
2023-04-14 06:00:00,60.98418260083025,1.3067961594837327,220.28684637506916,0.0
2023-04-14 07:00:00,67.07875586909483,0.8443594544868305,216.27636148095655,0.0
2023-04-14 08:00:00,63.18241753772332,1.1526295901755643,222.24163729766158,0.0
2023-04-14 09:00:00,70.15813371862188,1.1731604621429093,221.36853991132156,0.0
2023-04-14 10:00:00,70.97754605950436,1.0159282767386149,218.14762824715197,0.0
2023-04-14 11:00:00,62.70003023664996,1.4114118022713154,221.32227602667606,0.0
2023-04-14 12:00:00,63.35132859227426,0.9875519365313431,220.22302844850776,0.0
2023-04-14 13:00:00,67.5787636609394,1.1728253903272408,217.98197953783028,0.0
2023-04-14 14:00:00,63.83860805063146,1.2586314450645937,215.95424768554182,0.0
2023-04-14 15:00:00,64.86376634620329,1.4706903122952237,220.6328713668529,0.0
2023-04-14 16:00:00,65.07616526162722,1.1978887130238294,218.41143630572992,0.0
2023-04-14 17:00:00,59.24098053140703,1.387230718825642,222.18993913939215,0.0
2023-04-14 18:00:00,64.95848676171728,1.3401190794554254,220.0280674677637,0.0
2023-04-14 19:00:00,62.93081667780748,1.2246915112338284,218.60083460700537,0.0
2023-04-14 20:00:00,63.520631532800685,0.9820973183453089,223.59567746618094,0.0
2023-04-14 21:00:00,69.33089601040645,0.9130838278191302,221.15289298520602,0.0
2023-04-14 22:00:00,61.23047931716223,1.2213010802838373,212.6898269697918,0.0
2023-04-14 23:00:00,67.43961556024394,1.0914606252194772,219.02721646241827,0.0
2023-04-15 00:00:00,64.16311120900457,1.3838522183362583,217.23182201597515,0.0
2023-04-15 01:00:00,64.16071949451249,1.3491713036197155,218.40040412455937,0.0
2023-04-15 02:00:00,67.37111568815513,1.16307780111259,219.71053520216293,0.0
2023-04-15 03:00:00,66.02015388370667,0.9684574152117461,220.7080970171751,0.0
2023-04-15 04:00:00,66.7118389916586,1.3021471099214545,220.52273148422714,0.0
2023-04-15 05:00:00,67.90455398159858,0.9964101107729699,222.1557461531296,0.0
2023-04-15 06:00:00,64.00607485045003,1.0483072154138269,221.27319675501732,0.0
2023-04-15 07:00:00,63.16328979647675,1.004116852356969,221.14949385825102,0.0
2023-04-15 08:00:00,61.74454842032661,1.1722997956120094,220.40298464626656,0.0
2023-04-15 09:00:00,62.523768410063134,1.4340384668141124,222.5735977054518,0.0
2023-04-15 10:00:00,73.84728327592617,1.1989918259552943,219.36744691361815,0.0
2023-04-15 11:00:00,68.73403874221036,1.1113562615144608,219.41939346252963,0.0
2023-04-15 12:00:00,60.946776901375934,0.8948770139909511,216.18885329405495,0.0
2023-04-15 13:00:00,61.03262612976929,1.3104249169459685,222.11232808762009,0.0
2023-04-15 14:00:00,66.44559818515548,1.0439190788142745,219.84614848844168,0.0
2023-04-15 15:00:00,66.6417943921339,1.2235035238316192,225.86721141234256,0.0
2023-04-15 16:00:00,66.6466515059521,1.1291562768166719,219.18893461647508,0.0
2023-04-15 17:00:00,64.23513261933891,1.3676354439198875,220.17715625883346,0.0
2023-04-15 18:00:00,64.6236372199913,1.1685527215942895,221.09300990721684,0.0
2023-04-15 19:00:00,65.98363857247807,1.1882147290953897,217.79620005402256,0.0
2023-04-15 20:00:00,65.25767901888,1.297149429491092,220.71709542775847,0.0
2023-04-15 21:00:00,58.342098881757394,1.6213880364526372,220.06932286411438,0.0
2023-04-15 22:00:00,64.31060110827441,1.3776893860717108,219.39262362064633,0.0
2023-04-15 23:00:00,62.44578069721906,1.182278778730278,222.34520791748602,0.0
2023-04-16 00:00:00,65.52563425672554,1.2006395981230575,218.19250256417868,0.0
2023-04-16 01:00:00,73.95577700781023,1.095028107935113,220.54980422616444,0.0
2023-04-16 02:00:00,66.10244499642292,1.010000859296061,222.9093285827701,0.0
2023-04-16 03:00:00,64.05941094148281,1.0894498425867356,218.58675648808742,0.0
2023-04-16 04:00:00,67.76540450593176,1.0455702072576114,219.4062280346154,0.0
2023-04-16 05:00:00,66.44806366162764,1.3306736767591771,224.69060912694366,0.0
2023-04-16 06:00:00,66.26028347135552,0.9857610284262027,220.9487821303121,0.0
2023-04-16 07:00:00,66.82055177964702,1.4666421122760087,218.98760504671478,0.0
2023-04-16 08:00:00,71.16963069448863,1.3504092767237659,221.60524952015695,0.0
2023-04-16 09:00:00,61.607334694022256,1.2041003458735335,218.86381289681796,0.0
2023-04-16 10:00:00,66.42089623043437,1.2000637222930137,216.87016815167985,0.0
2023-04-16 11:00:00,62.220856610055385,1.0885437380770893,222.74472789053033,0.0
2023-04-16 12:00:00,66.66653793902674,1.2540168822695528,217.79388147173796,0.0
2023-04-16 13:00:00,62.24394046554172,1.4176184926417177,224.90342524999457,0.0
2023-04-16 14:00:00,63.747899559184745,1.0593687075488372,219.02133524907558,0.0
2023-04-16 15:00:00,64.11473025728628,0.8933215822162539,224.2665293631237,0.0
2023-04-16 16:00:00,67.92745015803413,1.3406436509713489,217.26265786295988,0.0
2023-04-16 17:00:00,67.75536333182724,1.2648731948487602,222.0509871725325,0.0
2023-04-16 18:00:00,61.26284787066085,0.975960239711764,220.9994525459693,0.0
2023-04-16 19:00:00,65.16480233299954,1.0533217258171763,221.6754924511103,0.0
2023-04-16 20:00:00,62.87126043575248,1.0281791451899718,221.93604541335253,0.0
2023-04-16 21:00:00,61.224485267973996,1.05509354619315,219.00450971543765,0.0
2023-04-16 22:00:00,64.34894884872689,1.1352634491917624,217.382312315994,0.0
2023-04-16 23:00:00,64.07455163463254,1.1466905391438504,219.89816453932156,0.0
2023-04-17 00:00:00,72.28014945903656,1.069841268986308,220.44606051517027,0.0
2023-04-17 01:00:00,66.29887947608209,1.0483672361000143,219.05631075768898,0.0
2023-04-17 02:00:00,60.867147497737285,1.1542431312161237,220.55510794031971,0.0
2023-04-17 03:00:00,63.30567798748717,1.2335383069719121,220.65925106234948,0.0
2023-04-17 04:00:00,68.06414988628819,1.136740692727031,218.17994710691227,0.0
2023-04-17 05:00:00,71.26532831860978,1.4317334046682604,220.78994256338092,0.0
2023-04-17 06:00:00,60.24205006328613,1.3016175428841572,219.46557595261072,0.0
2023-04-17 07:00:00,59.36022684458287,0.8818308286282608,218.60003819959326,0.0
2023-04-17 08:00:00,70.61289552611535,1.3047455530827707,221.574750276448,0.0
2023-04-17 09:00:00,66.1688425321127,1.3211087965171164,218.44601757661292,0.0
2023-04-17 10:00:00,62.3951218043709,1.1130530063751616,219.08666482019055,0.0
2023-04-17 11:00:00,66.60388725836731,0.9009604825393689,220.1441017003733,0.0
2023-04-17 12:00:00,57.092756782949365,1.2016133518822272,222.74862324130848,0.0
2023-04-17 13:00:00,65.01012651979148,1.198458269703551,220.3855681554486,0.0
2023-04-17 14:00:00,65.98346351852926,0.975670752693361,221.05657666494935,0.0
2023-04-17 15:00:00,67.77281041861349,0.9097561567480128,219.404714928007,0.0
2023-04-17 16:00:00,61.958312143122384,1.182489290709312,219.8430207512473,0.0
2023-04-17 17:00:00,65.25706148421008,1.1533845615898355,219.90224553296082,0.0
2023-04-17 18:00:00,62.22372612182124,1.1165469269355213,220.58661247203406,0.0
2023-04-17 19:00:00,65.76615126702295,1.1833178530506876,219.40806485390348,0.0
2023-04-17 20:00:00,62.313961032910925,0.9794447252359362,222.6799997709524,0.0
2023-04-17 21:00:00,63.77569748251934,1.113035877426777,219.25366752299573,0.0
2023-04-17 22:00:00,62.01255381562931,1.3066650061228695,216.58551772958927,0.0
2023-04-17 23:00:00,66.95340872547096,1.1300059839297423,225.48559320874003,0.0
2023-04-18 00:00:00,67.57535334997,0.8656055056414895,219.34526261811249,0.0
2023-04-18 01:00:00,64.29613829012776,1.1054615444552855,222.6263395741827,0.0
2023-04-18 02:00:00,65.11471398488008,0.9859683072986278,222.8095816839195,0.0
2023-04-18 03:00:00,60.654225756099365,1.253427259292346,221.89042862450077,0.0
2023-04-18 04:00:00,64.10097005597964,1.263767480676085,219.6039455608052,0.0
2023-04-18 05:00:00,64.84938614887477,0.8682450749827937,220.57336963974868,0.0
2023-04-18 06:00:00,72.86237927308993,1.3518025941164378,217.45097958139016,0.0
2023-04-18 07:00:00,61.66409892267751,0.9775627397442883,223.98029554763656,0.0
2023-04-18 08:00:00,69.39253171625731,1.5118364580964703,218.29638800363466,0.0
2023-04-18 09:00:00,67.99057632039742,1.1902447470998765,219.49219807451826,0.0
2023-04-18 10:00:00,65.84190921347042,0.9507213002921675,220.1979729740805,0.0
2023-04-18 11:00:00,70.2758614525854,0.9716027858614636,219.78512049032608,0.0
2023-04-18 12:00:00,66.11631641782058,1.269619058357469,218.68625343541322,0.0
2023-04-18 13:00:00,66.16747758700379,1.1217400220203244,222.78867810410938,0.0
2023-04-18 14:00:00,64.84063804094737,1.1806692180763718,221.90055856697657,0.0
2023-04-18 15:00:00,68.67070664725588,1.522556046539408,220.6440944086514,0.0
2023-04-18 16:00:00,68.28940770143265,1.0601511871541849,219.2008938880065,0.0
2023-04-18 17:00:00,63.122968137511364,1.2119925715391413,222.12855174368894,0.0
2023-04-18 18:00:00,61.042258416203694,1.4839688974746106,219.07106273444487,0.0
2023-04-18 19:00:00,64.39105808781302,1.2541026950932799,223.14078368067564,0.0
2023-04-18 20:00:00,62.59988430680706,0.8786794529283988,220.22244183096686,0.0
2023-04-18 21:00:00,64.80942627615393,1.3010778023464273,222.45956305394543,0.0
2023-04-18 22:00:00,68.71231440405242,0.9673994284433112,219.77235934763283,0.0
2023-04-18 23:00:00,63.62809503473963,1.481361505746593,220.1430663640819,0.0
2023-04-19 00:00:00,64.87152985606528,1.0354264790004044,222.45084212291732,0.0
2023-04-19 01:00:00,65.17406820442518,1.7939019015491329,224.3878503036089,0.0
2023-04-19 02:00:00,67.54529264661585,1.4934751976655356,223.12073363500977,0.0
2023-04-19 03:00:00,58.259331998046186,1.0406774860744041,221.7542692387557,0.0
2023-04-19 04:00:00,63.17989911570411,1.204002761000322,221.1785668659152,0.0
2023-04-19 05:00:00,65.63385107683841,1.3507288563266926,218.98610261948076,0.0
2023-04-19 06:00:00,68.60023686928058,1.3567320948453414,220.59045948221086,0.0
2023-04-19 07:00:00,63.52429265748138,1.2884672519952394,218.17390163200653,0.0
2023-04-19 08:00:00,59.37034188187438,1.450431807393222,220.75156426736956,0.0
2023-04-19 09:00:00,66.85913433789841,1.175406210673126,220.88010132138714,0.0
2023-04-19 10:00:00,63.09391283352311,1.1266564662847933,216.0783097170636,0.0
2023-04-19 11:00:00,61.43100002272892,1.1306272024150779,220.07747721838342,0.0
2023-04-19 12:00:00,63.126963830860326,1.3716746463944254,220.8297497981782,0.0
2023-04-19 13:00:00,64.44642392703246,1.273036208060529,219.83258028572195,0.0
2023-04-19 14:00:00,63.185766006385364,1.2582567331380512,220.71609767771315,0.0
2023-04-19 15:00:00,58.38330182870279,1.3590468498514363,217.31655551328737,0.0
2023-04-19 16:00:00,67.6911985906614,0.789789518429229,218.44827138887948,0.0
2023-04-19 17:00:00,68.82462512383617,1.26201376477503,222.06987632632786,0.0
2023-04-19 18:00:00,66.95456597401852,1.2437137777747431,220.00114333129156,0.0
2023-04-19 19:00:00,61.58694298872555,1.533761616260141,220.67975796262982,0.0
2023-04-19 20:00:00,64.39552539815745,0.8942824035472665,218.90695767858284,0.0
2023-04-19 21:00:00,64.98043605431162,1.5114373264753516,220.03898804655373,0.0
2023-04-19 22:00:00,66.79638316868574,1.2150818257849332,215.3959756397296,0.0
2023-04-19 23:00:00,67.00502146615425,1.297797906132009,221.69202387684155,0.0
2023-04-20 00:00:00,62.797478603664516,1.5351837575218754,223.61586567790494,0.0
2023-04-20 01:00:00,65.24598666924068,1.3121522536011145,217.8699649015707,0.0
2023-04-20 02:00:00,66.37184121384573,1.2800736578925123,218.11933562498086,0.0
2023-04-20 03:00:00,69.3674669664403,1.2484582371604636,220.88175979647497,0.0
2023-04-20 04:00:00,67.11351961947418,1.1033043730011245,222.9477585810135,0.0
2023-04-20 05:00:00,67.36717006212656,1.1943021750979215,219.9958053652341,0.0
2023-04-20 06:00:00,65.25147988378808,1.0568974467754502,217.541363958375,0.0
2023-04-20 07:00:00,69.23137743561051,1.1910866201149035,219.58276552672424,0.0
2023-04-20 08:00:00,66.2292883878785,0.7328138605889807,217.9401358393764,0.0
2023-04-20 09:00:00,62.41673626947929,1.2858079135135096,218.66230741426244,0.0
2023-04-20 10:00:00,69.21010991037558,1.1756525492432748,219.39191780169335,0.0
2023-04-20 11:00:00,67.09370981761708,1.132759252666647,218.14135082351675,0.0
2023-04-20 12:00:00,63.670867936614556,1.2439516167880287,218.44418855165088,0.0
2023-04-20 13:00:00,63.56152109780227,0.9132872154069118,220.1490680004445,0.0
2023-04-20 14:00:00,65.88972663542229,1.5858539993242564,220.43007162427446,0.0
2023-04-20 15:00:00,66.38955438580275,1.17944650770248,217.15203933235807,0.0
2023-04-20 16:00:00,65.59187679689362,1.170831113405562,220.79276344501866,0.0
2023-04-20 17:00:00,65.93392602032866,1.0069207579734154,219.2361322737372,0.0
2023-04-20 18:00:00,70.09987212372914,1.2047892764898522,221.44052304710522,0.0
2023-04-20 19:00:00,68.21462945670466,1.477391978054656,221.56099504137572,0.0
2023-04-20 20:00:00,65.57190677379508,1.4071832418864068,218.9109176380899,0.0
2023-04-20 21:00:00,67.82393174230245,1.3708875502281113,221.22829538807548,0.0
2023-04-20 22:00:00,61.90242828941738,1.3092797903334543,218.32608792060233,0.0
2023-04-20 23:00:00,66.19378114984043,1.128291494487478,222.64752412567057,0.0
2023-04-21 00:00:00,70.42791904919933,0.9099673665926595,218.40172759828707,0.0
2023-04-21 01:00:00,64.34586231382288,1.159792245626673,220.70549921725103,0.0
2023-04-21 02:00:00,62.457098214142746,1.1528257070932646,219.62478171071143,0.0
2023-04-21 03:00:00,63.04373333422082,1.4097588879342482,217.9662109715248,0.0
2023-04-21 04:00:00,61.731100887972836,1.261878088491964,221.80183152357063,0.0
2023-04-21 05:00:00,62.64571427561689,1.5224623055807096,218.77173638226643,0.0
2023-04-21 06:00:00,63.88847570422991,1.439497708007635,216.59985567004338,0.0
2023-04-21 07:00:00,60.78329894246407,1.1087008780991807,214.23597327366394,0.0
2023-04-21 08:00:00,65.04685500184881,0.8409741606760263,218.24991061114406,0.0
2023-04-21 09:00:00,67.70683152135994,1.4771150467882963,222.75181683859796,0.0
2023-04-21 10:00:00,62.27673145955924,1.4718770446461489,222.5154769350073,0.0
2023-04-21 11:00:00,69.55785177092531,0.9267576818195546,218.56280319530492,0.0
2023-04-21 12:00:00,66.53237626558278,1.5018480039655002,219.25109017059725,0.0
2023-04-21 13:00:00,68.09174175687217,1.2764234341185035,219.07017384888795,0.0
2023-04-21 14:00:00,63.026496338443586,1.2321370996251306,217.33313570910087,0.0
2023-04-21 15:00:00,67.56357568119985,1.5229566508494654,218.10233625675332,0.0
2023-04-21 16:00:00,61.72419829881406,1.468937034646123,221.96229903880158,0.0
2023-04-21 17:00:00,67.67074250250953,1.3302661903990407,221.0077757427588,0.0
2023-04-21 18:00:00,65.5155180193806,1.2946434131623965,220.54617771705978,0.0
2023-04-21 19:00:00,66.65975365995435,1.3232788581060717,217.32970677667828,0.0
2023-04-21 20:00:00,61.473216183125444,1.1199885132234948,220.20140642806797,0.0
2023-04-21 21:00:00,62.314790473170184,1.1889797100535358,215.39231006102395,0.0
2023-04-21 22:00:00,66.79168465476016,1.0195365690810914,221.68560538252106,0.0
2023-04-21 23:00:00,62.1549559873274,1.1333920448522161,220.5171498014743,0.0
2023-04-22 00:00:00,66.38961887629736,1.1266732242662134,217.30953509580033,0.0
2023-04-22 01:00:00,60.898586580619266,1.072938926075667,223.2328511149801,0.0
2023-04-22 02:00:00,67.544522638,1.2273493005296925,216.40767068166284,0.0
2023-04-22 03:00:00,61.30243005569447,1.1352038298598846,221.0606123644992,0.0
2023-04-22 04:00:00,66.65689981303856,1.3004469440703947,221.11034353795733,0.0
2023-04-22 05:00:00,66.87689280093801,0.8755358773412469,217.52065912129504,0.0
2023-04-22 06:00:00,62.909684544711276,1.17732904117854,219.92429861837977,0.0
2023-04-22 07:00:00,66.74607970125417,1.226310328035499,216.72634431569426,0.0
2023-04-22 08:00:00,65.78132679000066,1.1378741520326239,214.30725136734637,0.0
2023-04-22 09:00:00,63.38347443142179,1.1655214600381536,217.86424754613668,0.0
2023-04-22 10:00:00,61.97433594777138,0.8829507978540285,218.76675011547601,0.0
2023-04-22 11:00:00,59.11212292498226,1.2712954209338985,221.28851236162157,0.0
2023-04-22 12:00:00,66.04895014189908,1.3295211965134142,220.13481617012164,0.0
2023-04-22 13:00:00,60.30559168591383,1.2987074588407532,220.1870909187723,0.0
2023-04-22 14:00:00,65.28603259832393,1.4077454118884365,217.97115675343284,0.0
2023-04-22 15:00:00,64.20965535175326,1.2403059211565004,218.93997739191724,0.0
2023-04-22 16:00:00,67.03742832631458,1.2957362361301874,218.1401467802617,0.0
2023-04-22 17:00:00,64.09386350153041,1.2312181476913704,217.55005198594037,0.0
2023-04-22 18:00:00,64.01165664095872,1.3375101439184989,218.8126011460255,0.0
2023-04-22 19:00:00,67.1956121128649,0.8845540727735755,220.14902477019268,0.0
2023-04-22 20:00:00,66.00517408725236,1.0212838064043979,218.8547229611516,0.0
2023-04-22 21:00:00,65.94846787154833,1.517379931406618,219.35299466115006,0.0
2023-04-22 22:00:00,66.40780276942557,0.7079128355807589,221.38982962182277,0.0
2023-04-22 23:00:00,60.39328363037868,1.1719644140349312,218.9984911626186,0.0
2023-04-23 00:00:00,67.27036603996095,1.4344549919216136,217.33206673802422,0.0
2023-04-23 01:00:00,66.83740638204081,1.181347866891647,221.12690704320246,0.0
2023-04-23 02:00:00,61.949950614270506,1.1189977857098605,220.53169929701656,0.0
2023-04-23 03:00:00,64.26775857897739,1.22588433536306,220.65731899634463,0.0
2023-04-23 04:00:00,64.8820781371171,1.1293759639995107,221.25167731507142,0.0
2023-04-23 05:00:00,64.5965096467948,1.2061698985513878,220.9132830546159,0.0
2023-04-23 06:00:00,66.0015798997056,1.063323792695974,220.0574573849426,0.0
2023-04-23 07:00:00,69.29410034549355,1.4217348839911448,224.78290532570418,0.0
2023-04-23 08:00:00,68.24530018301849,1.4846529842131322,217.4300625073961,0.0
2023-04-23 09:00:00,61.06334241970578,1.1733219355776754,218.8271654430229,0.0
2023-04-23 10:00:00,66.86620997091815,0.9227021158617512,221.93466872935633,0.0
2023-04-23 11:00:00,68.98679995860623,1.095231365937321,220.28517258419114,0.0
2023-04-23 12:00:00,66.1604255620676,1.1632022679794072,221.51584606802248,0.0
2023-04-23 13:00:00,68.2729412755579,1.3011077753806415,220.33951285907375,0.0
2023-04-23 14:00:00,71.0368113371023,0.9983973553658644,222.74811310231996,0.0
2023-04-23 15:00:00,68.07112863832094,1.0461675362715699,217.98497828873352,0.0
2023-04-23 16:00:00,65.74792578692518,1.3021352275717615,222.68491977881342,0.0
2023-04-23 17:00:00,68.13526542225426,1.3877817664079115,222.34199298640854,0.0
2023-04-23 18:00:00,65.43466349929068,1.075681190965863,217.57942177153924,0.0
2023-04-23 19:00:00,65.07170912985487,0.9333565892098008,221.26133081977534,0.0
2023-04-23 20:00:00,63.9457572928588,1.8568236402575768,219.9139201355268,0.0
2023-04-23 21:00:00,69.69024007649632,1.3566608474177426,218.78683596176188,0.0
2023-04-23 22:00:00,62.544714002174,1.1465992476465936,216.22276162056457,0.0
2023-04-23 23:00:00,69.59710317403434,1.3738062551061678,217.97837265776536,0.0
2023-04-24 00:00:00,66.49959237122111,1.1751086740571155,221.41622428036916,0.0
2023-04-24 01:00:00,60.80208147559418,1.373431377820037,221.6276825385211,0.0
2023-04-24 02:00:00,66.10294787897426,1.2318786395552443,219.57857903884766,0.0
2023-04-24 03:00:00,58.699920477045126,1.2182543796335146,221.63397028628657,0.0
2023-04-24 04:00:00,66.8765240504931,1.1772836263538422,221.89052015578827,0.0
2023-04-24 05:00:00,67.65569444896697,0.9105237333073819,220.3092799172527,0.0
2023-04-24 06:00:00,63.22293213304384,1.587618979878628,218.5553327522996,0.0
2023-04-24 07:00:00,65.37064308786675,1.0116932159464513,220.8821082256313,0.0
2023-04-24 08:00:00,70.86247230125086,0.927995284737881,220.97396941531773,0.0
2023-04-24 09:00:00,63.482759887214186,1.1574280234487264,221.34788878070063,0.0
2023-04-24 10:00:00,61.8232772388302,1.0077056372978985,221.73080654000447,0.0
2023-04-24 11:00:00,69.4449902073878,1.1896574418879458,217.27567085615755,0.0
2023-04-24 12:00:00,70.88776157159238,1.3375527697123537,218.98014150926852,0.0
2023-04-24 13:00:00,65.01108701554354,1.3990605801058447,216.20275730862437,0.0
2023-04-24 14:00:00,68.03438910622506,1.3629461443243363,221.4939920767107,0.0
2023-04-24 15:00:00,69.02442774659264,1.1388735890428638,219.57537710403918,0.0
2023-04-24 16:00:00,62.77254730238485,1.2099183655323171,220.86162814139482,0.0
2023-04-24 17:00:00,63.5440824938964,1.281575810179498,217.04864250361967,0.0
2023-04-24 18:00:00,68.69262353946421,0.8484425152115854,222.8019616993861,0.0
2023-04-24 19:00:00,70.05504283612552,1.3141169400239718,217.61132167076144,0.0
2023-04-24 20:00:00,66.68864258052307,0.9085401424832336,221.5491266087649,0.0
2023-04-24 21:00:00,62.36055693949384,1.6080693197812979,220.23590034178508,0.0
2023-04-24 22:00:00,70.96118333509833,1.1190969830716608,219.62111444494764,0.0
2023-04-24 23:00:00,63.40708730656411,1.1630249645610817,219.45967978677564,0.0
2023-04-25 00:00:00,63.994586656485644,1.046058580152429,218.72387398136775,0.0
2023-04-25 01:00:00,66.02701350346886,1.074005993628862,222.59039235380155,0.0
2023-04-25 02:00:00,69.66248126214433,1.6548187138286479,220.02522566870448,0.0
2023-04-25 03:00:00,67.56192792965668,1.3880739377246596,217.46155693929356,0.0
2023-04-25 04:00:00,66.24459650108574,0.8901595109704323,219.23207959593032,0.0
2023-04-25 05:00:00,66.38986559035432,1.500842580137046,220.25667805440588,0.0
2023-04-25 06:00:00,65.1305440059304,1.4386484550282863,221.79561056289066,0.0
2023-04-25 07:00:00,66.67441854355552,1.1437575075423423,218.7907605589656,0.0
2023-04-25 08:00:00,57.41131976691709,1.2613393884059674,218.92444688839092,0.0
2023-04-25 09:00:00,64.1101776227906,1.197011184115785,220.0468642542948,0.0
2023-04-25 10:00:00,65.72396580475035,1.5945159808893865,221.74684963989466,0.0
2023-04-25 11:00:00,61.54695774914148,1.0407419622015819,217.26249092880795,0.0
2023-04-25 12:00:00,66.15896995343468,1.2292021219551454,221.0107092619835,0.0
2023-04-25 13:00:00,64.38658633704163,1.114370933801439,219.07187493974268,0.0
2023-04-25 14:00:00,70.26642709494647,0.913391919076429,219.35113483650304,0.0
2023-04-25 15:00:00,69.71905917564457,1.6383276510109974,224.00315149025948,0.0
2023-04-25 16:00:00,63.60258329264551,0.9636866841795175,219.60706155089696,0.0
2023-04-25 17:00:00,64.54748686529992,1.2440258374975552,221.50938750061715,0.0
2023-04-25 18:00:00,64.77815730317482,0.8518598787239329,221.4378276744067,0.0
2023-04-25 19:00:00,63.645021571521134,1.1201858921513812,217.63995217180297,0.0
2023-04-25 20:00:00,65.58507495208438,1.2843937642866914,216.3092113495542,0.0
2023-04-25 21:00:00,62.72515379333723,1.0350532040995275,221.64196418483382,0.0
2023-04-25 22:00:00,61.60815399518742,1.317360370147131,217.83290761510295,0.0
2023-04-25 23:00:00,66.8681336717008,1.1461917816223834,216.67163409085794,0.0
2023-04-26 00:00:00,66.88858875266543,1.4320165024797227,222.05232442968838,0.0
2023-04-26 01:00:00,62.58705272102002,1.4723521826680446,217.96114653244882,0.0
2023-04-26 02:00:00,67.6860662922878,1.0826510478539977,218.4549650486312,0.0
2023-04-26 03:00:00,63.105266812504006,1.2153465718785914,223.9487463101786,0.0
2023-04-26 04:00:00,65.75949571411394,1.2366908452944465,216.68052927723687,0.0
2023-04-26 05:00:00,67.46103203783737,1.3238698590869395,217.48742791718615,0.0
2023-04-26 06:00:00,64.89916230588886,1.2028763992488531,219.08060371505215,0.0
2023-04-26 07:00:00,66.3642227364234,1.2380421918685685,219.51948632033117,0.0
2023-04-26 08:00:00,63.450711068337284,1.151318705040976,218.2125094357647,0.0
2023-04-26 09:00:00,64.41060024971571,1.2230479733944035,217.68268980535416,0.0
2023-04-26 10:00:00,64.38242170735897,1.4595880387070266,223.01998864886386,0.0
2023-04-26 11:00:00,62.76026496037928,1.3292166482423708,220.52597224820943,0.0
2023-04-26 12:00:00,64.46967751065266,1.3402511278886737,221.17033748841837,0.0
2023-04-26 13:00:00,60.35414510340876,1.3446140648271157,219.72554964688294,0.0
2023-04-26 14:00:00,63.526538758573686,1.1692382444237928,220.57890989771826,0.0
2023-04-26 15:00:00,64.14537351989098,1.263765408715906,221.8658033222192,0.0
2023-04-26 16:00:00,64.23146074251386,0.982965264332851,218.00740197090934,0.0
2023-04-26 17:00:00,64.27550766238767,1.4537615312633914,220.52967199303598,0.0
2023-04-26 18:00:00,64.8147074004196,0.6434079135313558,221.39208462681577,0.0
2023-04-26 19:00:00,66.43832455425819,1.1825703215329149,223.08959469276851,0.0
2023-04-26 20:00:00,67.62355122239757,1.428179195430055,223.8957819596035,0.0
2023-04-26 21:00:00,63.0507043194552,0.9272264132741317,220.13971959396352,0.0
2023-04-26 22:00:00,61.39039743383257,1.2799559835233703,222.27727789937427,0.0
2023-04-26 23:00:00,61.87386676327069,1.0638467106841947,214.6596641332569,0.0
2023-04-27 00:00:00,63.538391236415215,1.1262393469622263,223.10456581875343,0.0
2023-04-27 01:00:00,63.94423604655047,1.3891881921278875,218.5482326765584,0.0
2023-04-27 02:00:00,62.69001180140763,1.23961138517703,219.51780510202423,0.0
2023-04-27 03:00:00,61.11165000725032,0.7931288264231273,220.88220896873403,0.0
2023-04-27 04:00:00,63.63163751757744,1.0047148920536801,219.69311526536896,0.0
2023-04-27 05:00:00,65.54427986034192,1.3950671469777518,220.39290675913628,0.0
2023-04-27 06:00:00,66.7850883975067,1.2897885436385994,223.1753859364523,0.0
2023-04-27 07:00:00,63.32773084067504,1.5496271145048568,219.23155990930806,0.0
2023-04-27 08:00:00,63.7610065335697,1.5365295188026593,217.82615236699888,0.0
2023-04-27 09:00:00,62.219905073458065,1.1315509739706415,223.62692771459712,0.0
2023-04-27 10:00:00,64.90568248887567,1.7006475610138976,221.05352843400937,0.0
2023-04-27 11:00:00,62.454714097427555,1.2048959339703822,223.84447795062692,0.0
2023-04-27 12:00:00,66.7193834397236,1.0074662931181948,221.72725982115782,0.0
2023-04-27 13:00:00,59.64240052419767,1.0732720268178846,217.35281121597313,0.0
2023-04-27 14:00:00,63.92111098264261,0.7486549789421162,221.29076934351377,0.0
2023-04-27 15:00:00,65.90332201757522,1.5214038016498561,218.03210386823488,0.0
2023-04-27 16:00:00,65.55150354896752,1.5189523978087727,220.01486360487934,0.0
2023-04-27 17:00:00,73.07910099194149,0.9968985122373357,219.84857119278448,0.0
2023-04-27 18:00:00,66.04940007370372,1.1544231423236189,216.7646723907339,0.0
2023-04-27 19:00:00,61.98783620947397,1.2191215088225156,218.37437902087643,0.0
2023-04-27 20:00:00,64.71360725873278,1.007929389571577,224.4103746003182,0.0
2023-04-27 21:00:00,59.67126099960065,0.8489795937457676,220.47675480968232,0.0
2023-04-27 22:00:00,64.75820075210972,1.1579284792446176,219.6488077306741,0.0
2023-04-27 23:00:00,62.500831828997725,1.1357841141081506,223.62578043988185,0.0
2023-04-28 00:00:00,67.74617082668048,1.122317751802245,219.20752937986165,0.0
2023-04-28 01:00:00,63.35137917621339,1.244543212520193,219.81715927606177,0.0
2023-04-28 02:00:00,64.64970225261426,1.4859039317051983,221.9816057122457,0.0
2023-04-28 03:00:00,63.09332647578679,1.1393814560616546,219.1985284027673,0.0
2023-04-28 04:00:00,70.21655405556,1.2340885997442725,218.506958521295,0.0
2023-04-28 05:00:00,64.03627170164627,1.345374104748987,215.49248716927858,0.0
2023-04-28 06:00:00,70.49767113043761,1.3108285853025496,218.1270033732345,0.0
2023-04-28 07:00:00,67.4424552863548,1.0771152951104315,218.10794450802078,0.0
2023-04-28 08:00:00,66.44620018200615,1.219275424622807,220.31713339093722,0.0
2023-04-28 09:00:00,66.10619944195255,1.3095079640338105,218.77908346854446,0.0
2023-04-28 10:00:00,66.18139189464875,0.9743297324978444,224.3160380217144,0.0
2023-04-28 11:00:00,59.21698226196317,1.4527078021593016,217.88474213953037,0.0
2023-04-28 12:00:00,64.16334981754773,1.486317781042822,222.8012933737148,0.0
2023-04-28 13:00:00,67.53547391355296,1.0554439489111012,220.4395059102551,0.0
2023-04-28 14:00:00,64.85330844957768,1.2387340036696337,221.6135480714248,0.0
2023-04-28 15:00:00,60.784430459589274,1.3284556513342063,221.49203918947174,0.0
2023-04-28 16:00:00,64.84278664826759,1.0908771687342493,215.56352893937517,0.0
2023-04-28 17:00:00,70.11231654876647,1.296322769137619,219.9768946420469,0.0
2023-04-28 18:00:00,68.74067514660416,1.2326511252584331,219.47554372553233,0.0
2023-04-28 19:00:00,64.81398797190191,0.9064163644722398,217.73404381061746,0.0
2023-04-28 20:00:00,67.85434783117427,1.2918322631957115,220.91925207443174,0.0
2023-04-28 21:00:00,63.900478938895844,0.9799715167457927,223.43308063175493,0.0
2023-04-28 22:00:00,59.88838523951984,1.3878405703324095,214.65399271223185,0.0
2023-04-28 23:00:00,62.226602035611336,1.0657577849732223,218.93106064831656,0.0
2023-04-29 00:00:00,69.68866630552459,1.167742913267771,217.50846767177276,0.0
2023-04-29 01:00:00,64.17802075451209,1.474455782689315,220.14355565247538,0.0
2023-04-29 02:00:00,64.26984806187495,1.299276329305769,219.3487574337,0.0
2023-04-29 03:00:00,64.10048541117536,0.9841052160850909,218.78864557448566,0.0
2023-04-29 04:00:00,71.06452244477536,1.0533547140091972,221.37901365665812,0.0
2023-04-29 05:00:00,70.58210209819886,1.192815498613283,223.27236260211419,0.0
2023-04-29 06:00:00,72.71267872851341,1.4479429011783755,225.32263730351568,0.0
2023-04-29 07:00:00,65.93131507302519,1.4970120756626097,218.52074190306283,0.0
2023-04-29 08:00:00,67.64743684652298,1.3130696799124966,216.35824889636388,0.0
2023-04-29 09:00:00,62.56274840807565,1.3045862718912127,221.1183928681567,0.0
2023-04-29 10:00:00,71.8955920107492,1.6506828782002656,223.2209694706464,0.0
2023-04-29 11:00:00,64.3135627546469,1.6143322121940804,221.62737993408146,0.0
2023-04-29 12:00:00,68.81934077579493,2.1384854310106745,223.2126940790606,0.0
2023-04-29 13:00:00,65.22921917766485,1.7707010130027565,219.54902665879575,0.0
2023-04-29 14:00:00,67.10663895640363,2.18256887539921,218.78085112045375,0.0
2023-04-29 15:00:00,66.71356481952697,1.641979618407301,220.2308718148026,0.0
2023-04-29 16:00:00,67.75383900670494,1.6177517782848416,219.33889362526622,0.0
2023-04-29 17:00:00,68.31220935534179,1.7647153678610903,221.32618804268068,0.0
2023-04-29 18:00:00,68.63688375606984,2.2828963788259045,221.93953555600697,0.0
2023-04-29 19:00:00,73.13380455224232,2.4526287686429322,222.09616732914378,0.0
2023-04-29 20:00:00,67.67132711377019,2.0013105880827124,221.02118534160877,0.0
2023-04-29 21:00:00,71.99965245005568,2.121971301090342,220.4916446533506,0.0
2023-04-29 22:00:00,75.34401830198709,2.0366263531687676,221.5888533785017,0.0
2023-04-29 23:00:00,70.50266442758658,1.9644325939566043,216.07401618469456,0.0
2023-04-30 00:00:00,70.2406095249403,2.5267809311046214,220.42114150466787,0.0
2023-04-30 01:00:00,72.05490499769869,2.4840406803107427,220.1049561143409,0.0
2023-04-30 02:00:00,76.6377671743779,2.497872244422099,220.42616079194312,0.0
2023-04-30 03:00:00,74.03302711821219,2.272101368623662,219.82475290749153,0.0
2023-04-30 04:00:00,72.20917401758565,2.9364420405910843,220.86371098692322,0.0
2023-04-30 05:00:00,75.6065595310289,2.5641173847844714,218.85079415693198,0.0
2023-04-30 06:00:00,71.20016580401186,2.8278520455266754,222.25904685890725,0.0
2023-04-30 07:00:00,76.9032334609063,2.4865525076834496,220.94729955482694,0.0
2023-04-30 08:00:00,76.43708952873911,2.795697778977401,220.30137171576771,0.0
2023-04-30 09:00:00,74.63995486827349,2.948415736318139,218.60496685872775,0.0
2023-04-30 10:00:00,73.39973556240479,3.011893916850098,221.6306337704158,0.0
2023-04-30 11:00:00,73.60756286695243,3.0337466100557755,220.41331939698898,0.0
2023-04-30 12:00:00,78.22417031889688,3.158059427987219,218.48903321292616,0.0
2023-04-30 13:00:00,80.65877249338267,2.889388866539887,219.88667691517352,0.0
2023-04-30 14:00:00,75.41202042088544,3.211305507003425,221.2581652384825,0.0
2023-04-30 15:00:00,79.05121644868262,3.2509205507805623,221.10314707763965,0.0
2023-04-30 16:00:00,71.7670879582783,3.3308415790925334,220.9740179356163,0.0
2023-04-30 17:00:00,76.62642849816925,3.355314113886372,220.18506278348215,0.0
2023-04-30 18:00:00,78.63921756758448,3.14254054380887,222.0516390666038,0.0
2023-04-30 19:00:00,76.35545679130803,3.1899611763387687,222.47559300762322,0.0
2023-04-30 20:00:00,76.62710059394107,3.0670055177526674,221.47464523135108,0.0
2023-04-30 21:00:00,77.78539372495953,3.729704085067651,218.82509745028858,0.0
2023-04-30 22:00:00,81.01742325540165,3.7880667132146453,217.88387656541897,0.0
2023-04-30 23:00:00,79.93097069125974,3.847583297681044,218.91212046605682,0.0
2023-05-01 00:00:00,74.1303767225603,3.7965692600979244,223.90731349595345,0.0
2023-05-01 01:00:00,74.83508264068635,3.3649254522310255,220.5633918276547,0.0
2023-05-01 02:00:00,79.72870024107635,3.6425452255866086,224.25288365505276,0.0
2023-05-01 03:00:00,83.27446820886487,3.9383084356312983,219.75960331282513,0.0
2023-05-01 04:00:00,74.01100659858486,3.987666980840049,219.48237265901415,0.0
2023-05-01 05:00:00,81.10644327436201,3.9723517658203003,219.85188692671184,0.0
2023-05-01 06:00:00,81.37900290932097,4.147022877201367,219.8156518398934,0.0
2023-05-01 07:00:00,87.47487248955491,4.131907806325781,218.45269817626456,0.0
2023-05-01 08:00:00,82.50690639584732,4.210069586068019,217.70230346366665,0.0
2023-05-01 09:00:00,85.16305146126504,4.1144404545603575,221.00267325436172,0.0
2023-05-01 10:00:00,84.78996860336098,4.494993746520093,222.10980143519473,0.0
2023-05-01 11:00:00,78.32661041973333,4.268775255728713,224.8899626013328,0.0
2023-05-01 12:00:00,87.37504418510647,4.145137789029677,219.13257418661794,0.0
2023-05-01 13:00:00,86.06872472763646,4.313405831239072,219.29468902627184,0.0
2023-05-01 14:00:00,87.29945380634771,4.454250423699435,218.45754141109796,0.0
2023-05-01 15:00:00,97.90547368268926,4.779082247814614,215.4081230715303,0.0
2023-05-01 16:00:00,80.22653442094085,4.6281661186229,209.59232575758452,0.0
2023-05-01 17:00:00,92.00507586477629,4.655728102685743,205.01351339196606,0.0
2023-05-01 18:00:00,86.32075603334823,4.4995630896953625,209.88907235046935,0.0
2023-05-01 19:00:00,88.39719798081467,4.962730320782817,211.33907738908468,0.0
2023-05-01 20:00:00,87.75078720775824,4.731581400181239,212.83189259958544,0.0
2023-05-01 21:00:00,86.96672761952418,4.8983042873666625,215.71616024881644,0.0
2023-05-01 22:00:00,86.88205051105837,5.270684502700317,209.2393722659528,0.0
2023-05-01 23:00:00,89.93218817855,5.132738581702819,203.73023008103073,0.0
2023-05-02 00:00:00,84.74425355787228,4.761673134118937,208.6632671777569,0.0
2023-05-02 01:00:00,91.89962482650895,4.789759924560491,212.32284337982088,0.0
2023-05-02 02:00:00,88.75141678534425,5.187137909976151,215.56204406887557,0.0
2023-05-02 03:00:00,61.609791982878924,0.957451877025039,219.1410720209448,1.0
2023-05-02 04:00:00,63.64996142601256,1.3297093495265995,224.55171176375373,0.0
2023-05-02 05:00:00,68.77144765058772,1.2084526129929958,221.65963953498337,0.0
2023-05-02 06:00:00,63.39399473895133,1.2330769538047726,217.21393539658234,0.0
2023-05-02 07:00:00,66.07536085462885,1.0586513636715293,220.42806767562206,0.0
2023-05-02 08:00:00,62.80713117285358,1.548276731057341,221.72794855682372,0.0
2023-05-02 09:00:00,67.27376554977086,1.7685187456020919,215.14903420289463,0.0
2023-05-02 10:00:00,67.0565232163706,1.144283055248657,221.28890231582676,0.0
2023-05-02 11:00:00,70.54582649988923,1.2706078496830002,222.34544235964623,0.0
2023-05-02 12:00:00,64.47330816350235,1.2194834686128624,220.79773624826228,0.0
2023-05-02 13:00:00,67.00596441427372,1.1480626273117862,219.87655757863715,0.0
2023-05-02 14:00:00,65.29420261861684,1.0335859064534407,219.65414683399717,0.0
2023-05-02 15:00:00,68.88761534558904,0.9830064025039045,219.53735534461634,0.0
2023-05-02 16:00:00,62.84350283717381,0.9728805468948951,217.6480403924658,0.0
2023-05-02 17:00:00,67.23501593863185,1.281048005109829,218.62495233619006,0.0
2023-05-02 18:00:00,64.41590811164996,1.0960651043592728,219.16681190869568,0.0
2023-05-02 19:00:00,64.80743546867451,0.6843414299718938,220.22698869245147,0.0
2023-05-02 20:00:00,65.27525745334512,1.2889716441196644,218.88637048468587,0.0
2023-05-02 21:00:00,65.75672118928003,1.1923477435071688,218.26174151500413,0.0
2023-05-02 22:00:00,64.65131287063413,1.4693346002802292,221.5195417182517,0.0
2023-05-02 23:00:00,65.64413954951158,1.2746244794182018,220.74122794389572,0.0
2023-05-03 00:00:00,69.73435417268655,0.9042652807379405,218.92154092642087,0.0
2023-05-03 01:00:00,67.95634905684565,0.7540646718540037,221.01255694297518,0.0
2023-05-03 02:00:00,67.6074637774907,1.0561055231324126,219.09368421262812,0.0
2023-05-03 03:00:00,63.63338142192839,1.0749785158612695,220.12613005897623,0.0
2023-05-03 04:00:00,62.33227751531503,1.3886318402000333,221.95008810944574,0.0
2023-05-03 05:00:00,67.86590167471326,1.1982258135420853,218.79251781366747,0.0
2023-05-03 06:00:00,67.62814037758939,1.4267376996197019,217.65517678433253,0.0
2023-05-03 07:00:00,69.41801202725294,0.9350333888594731,219.7097308339573,0.0
2023-05-03 08:00:00,63.188058122092315,1.3930528768760895,217.27306996762908,0.0
2023-05-03 09:00:00,64.31135403391896,1.344197830686184,219.44510298129805,0.0
2023-05-03 10:00:00,60.0815475124237,0.7963531777137607,219.4387250413731,0.0
2023-05-03 11:00:00,63.822586681817384,1.4645235682521545,215.07263175218887,0.0
2023-05-03 12:00:00,67.98971153173834,1.2186916983532705,221.061270327489,0.0
2023-05-03 13:00:00,63.60051386231541,1.2784089007737012,219.63462046663736,0.0
2023-05-03 14:00:00,66.92143938560247,1.0270207775143154,222.36379290554387,0.0
2023-05-03 15:00:00,64.42849068200657,1.4550494025843945,220.43106395958816,0.0
2023-05-03 16:00:00,65.97217108466468,0.9628295341522259,221.4712171406311,0.0
2023-05-03 17:00:00,61.556925830553,1.366418403674789,222.3800775064141,0.0
2023-05-03 18:00:00,65.25562834890171,1.3641214951817342,219.7365658344585,0.0
2023-05-03 19:00:00,56.02659208729783,1.0051665143655555,219.9983536222722,0.0
2023-05-03 20:00:00,64.43931152551404,1.5966747198845148,216.85291355321954,0.0
2023-05-03 21:00:00,60.10858026885458,1.2463056960435037,222.4790754904685,0.0
2023-05-03 22:00:00,68.61798354964044,1.3307785220542048,219.7086052005569,0.0
2023-05-03 23:00:00,67.33222205829354,0.8945758409328488,217.98853889930405,0.0
2023-05-04 00:00:00,66.40001294589824,1.623546000601713,221.47944497297485,0.0
2023-05-04 01:00:00,69.56301868147814,0.955088611954982,215.6404376160715,0.0
2023-05-04 02:00:00,62.153250437525486,1.404977286553186,219.14145155425365,0.0
2023-05-04 03:00:00,70.24208959374667,1.001045656413661,221.8166220824237,0.0
2023-05-04 04:00:00,67.79657469278115,1.0762022394304633,219.1245562960682,0.0
2023-05-04 05:00:00,64.29033413834316,1.3577508087770893,218.56415609810284,0.0
2023-05-04 06:00:00,68.40686044154883,1.4055105427350314,219.1676904057741,0.0
2023-05-04 07:00:00,61.681119462765096,0.9457431501771796,215.98014147106286,0.0
2023-05-04 08:00:00,62.52645751541698,1.4180944338113988,221.43095686356605,0.0
2023-05-04 09:00:00,63.1742308302809,1.4089960990266388,219.75422791604618,0.0
2023-05-04 10:00:00,63.41306687580796,1.0124093182310214,219.45535078001046,0.0
2023-05-04 11:00:00,61.83032707171924,1.519729518718222,219.4626627671819,0.0
2023-05-04 12:00:00,68.66924920128598,0.9086284743503923,220.02815959692916,0.0
2023-05-04 13:00:00,64.2234367988905,1.075045483444477,221.30687474134413,0.0
2023-05-04 14:00:00,66.05751490507063,1.2958005248183977,219.8958729176015,0.0
2023-05-04 15:00:00,63.28894590075896,1.0292867430594788,217.27672690364037,0.0
2023-05-04 16:00:00,59.53819009835445,1.2527638171358682,221.15103224308814,0.0
2023-05-04 17:00:00,65.81017207517426,1.248215215760659,220.99713938200844,0.0
2023-05-04 18:00:00,59.26323507374067,1.162585146015456,220.4110539964329,0.0
2023-05-04 19:00:00,64.7940978617436,1.366480107718112,222.15048261392263,0.0
2023-05-04 20:00:00,60.89505488350157,1.1543278414684721,220.06075735282593,0.0
2023-05-04 21:00:00,70.96182799769242,1.246308213762761,222.22275217797852,0.0
2023-05-04 22:00:00,67.73408816652416,1.4292943754975804,222.8144220429568,0.0
2023-05-04 23:00:00,65.31726137381445,1.358137242005168,221.16462577104897,0.0
2023-05-05 00:00:00,68.791120032964,1.3572034581628416,218.50413275624413,0.0
2023-05-05 01:00:00,62.46105206760279,0.970164079556644,219.73842856299513,0.0
2023-05-05 02:00:00,66.63043813601028,1.3049585151002643,222.47771206811674,0.0
2023-05-05 03:00:00,65.59943130115614,1.024300241806099,217.00474426786099,0.0
2023-05-05 04:00:00,65.79206024400101,0.9437170040443947,219.21609266364277,0.0
2023-05-05 05:00:00,68.81706050032031,1.1856587307430062,219.31407032710652,0.0
2023-05-05 06:00:00,67.1974763083394,1.019140962669682,218.26957879929253,0.0
2023-05-05 07:00:00,65.86617098847508,1.3581235437679955,221.74575789983757,0.0
2023-05-05 08:00:00,60.035337691315114,1.3629070919390647,220.75363014208156,0.0
2023-05-05 09:00:00,62.11986111416161,0.8194747527137116,218.57788328679902,0.0
2023-05-05 10:00:00,64.63187319921283,1.034339492084622,221.21102584047168,0.0
2023-05-05 11:00:00,65.28011712282995,0.9080426656164002,219.68316753066355,0.0
2023-05-05 12:00:00,61.60938882597823,1.1074741446814218,218.2196108535553,0.0
2023-05-05 13:00:00,72.23503002673526,1.291035133973765,218.57416317951427,0.0
2023-05-05 14:00:00,69.54918216576073,1.1515423803643223,220.8721021495519,0.0
2023-05-05 15:00:00,66.80635496117745,1.082048151866573,221.8780197570437,0.0
2023-05-05 16:00:00,65.21611058385123,1.4600353053626278,219.02646353409042,0.0
2023-05-05 17:00:00,64.36337309029655,0.7390285654807422,221.08888266733803,0.0
2023-05-05 18:00:00,62.144244619933296,1.4473743787036448,223.16350831515496,0.0
2023-05-05 19:00:00,65.23244155555659,1.0911423413689028,217.4822588872595,0.0
2023-05-05 20:00:00,65.77325762042825,1.1843781979774421,220.71133974567724,0.0
2023-05-05 21:00:00,61.27471827355512,1.0945273324559783,221.6613113825908,0.0
2023-05-05 22:00:00,66.00252925173469,1.5085776211078237,219.80970036680233,0.0
2023-05-05 23:00:00,64.53422285352575,0.953804300638948,222.47656642171128,0.0
2023-05-06 00:00:00,59.27657732636783,1.2023472739443872,224.39767407652258,0.0
2023-05-06 01:00:00,62.41884496766149,1.3054877303719994,220.6867106967726,0.0
2023-05-06 02:00:00,63.759183399735065,0.8777994464229664,219.532820535444,0.0
2023-05-06 03:00:00,70.66306297202057,1.0160203659107692,221.9539656153239,0.0
2023-05-06 04:00:00,66.66965937360128,1.1703642933003542,221.6841377207558,0.0
2023-05-06 05:00:00,60.99355529270033,1.022666993063125,214.96233809016363,0.0
2023-05-06 06:00:00,66.4581088682529,1.03688164575617,219.99452888781778,0.0
2023-05-06 07:00:00,60.358088033184906,1.1300274673847124,219.21080106652178,0.0
2023-05-06 08:00:00,68.24807316166122,1.3299162663292345,220.79341138302783,0.0
2023-05-06 09:00:00,63.586626044546364,1.1314564446243711,219.61268343941242,0.0
2023-05-06 10:00:00,64.71909143378248,1.4156852388945893,219.829647815458,0.0
2023-05-06 11:00:00,68.97738994262657,1.000448443468129,218.27357448107784,0.0
2023-05-06 12:00:00,61.13850929424725,0.9496155479053094,221.46905843684897,0.0
2023-05-06 13:00:00,60.808645444661025,1.5852690811442267,223.31008444293747,0.0
2023-05-06 14:00:00,63.24920202096199,1.0684083744668977,218.30465610156992,0.0
2023-05-06 15:00:00,68.11513655305795,0.9378175985855679,217.20588995370605,0.0
2023-05-06 16:00:00,60.441961773569474,0.8515892116456338,220.04000643965492,0.0
2023-05-06 17:00:00,56.50353320566829,1.4150206907617877,219.94268867792948,0.0
2023-05-06 18:00:00,63.646523424773,1.1317390970679881,222.34186557224072,0.0
2023-05-06 19:00:00,66.65522239973276,1.1492580529867202,217.54161009524293,0.0
2023-05-06 20:00:00,68.60078524921649,1.168159657682672,218.9240896499518,0.0
2023-05-06 21:00:00,63.610515913743804,1.4025885769339563,215.7045935214663,0.0
2023-05-06 22:00:00,63.76572017865199,1.164094033204816,222.74996727242365,0.0
2023-05-06 23:00:00,68.46170220276724,1.6688107557665253,220.50108925664674,0.0
2023-05-07 00:00:00,59.39077490091374,1.2267521148108458,219.0731341720384,0.0
2023-05-07 01:00:00,63.834437674450974,1.4123569533916642,217.35545704281765,0.0
2023-05-07 02:00:00,65.57127166977517,1.3610479715808812,217.5390478836455,0.0
2023-05-07 03:00:00,66.3476561638551,1.1927105359483925,220.82853379958277,0.0
2023-05-07 04:00:00,63.470579920427355,1.0826058027959073,217.7851499087986,0.0
2023-05-07 05:00:00,65.10332303511753,1.2663927857133106,220.20801084629713,0.0
2023-05-07 06:00:00,57.53501793976103,1.3020197462414544,224.08588972227005,0.0
2023-05-07 07:00:00,63.02525476299846,1.0854827903746944,219.30482475411037,0.0
2023-05-07 08:00:00,66.3605261376634,1.2332677731901311,218.07711111205126,0.0
2023-05-07 09:00:00,62.053117897235964,1.4472409956519192,220.76401441090553,0.0
2023-05-07 10:00:00,65.17695266476879,1.6139895478139357,217.54841651843654,0.0
2023-05-07 11:00:00,66.3406175024081,1.3708738640698843,223.4399690606588,0.0
2023-05-07 12:00:00,63.972352397426704,1.5725519372760564,222.80723933705667,0.0
2023-05-07 13:00:00,65.51139131298972,1.0741251577587088,219.6716567620927,0.0
2023-05-07 14:00:00,62.11180230414617,1.3403764504118587,218.20541363715157,0.0
2023-05-07 15:00:00,64.38016616091186,1.4677039017162543,219.14846025444928,0.0
2023-05-07 16:00:00,66.83064850876767,1.0207333334056008,219.40866877582914,0.0
2023-05-07 17:00:00,65.82303155896165,1.1592200057600122,220.76713426341414,0.0
2023-05-07 18:00:00,63.94463154342087,1.6602570087050783,222.07926465860223,0.0
2023-05-07 19:00:00,66.72898724104138,1.1739943133496542,217.9269747384828,0.0
2023-05-07 20:00:00,68.55228007613522,1.157126106144914,222.0218191306855,0.0
2023-05-07 21:00:00,60.610739544549254,1.7872864555729726,221.2353712256226,0.0
2023-05-07 22:00:00,70.58989825120572,1.7773808140101721,218.9844210183868,0.0
2023-05-07 23:00:00,66.45602451635115,1.6807902459798525,217.82657620864597,0.0
2023-05-08 00:00:00,69.09337120817139,1.641562074422947,220.23246543458512,0.0
2023-05-08 01:00:00,71.76075485544273,1.6193373524001302,217.88082303259583,0.0
2023-05-08 02:00:00,64.40610566887199,1.8197700564519512,222.0473616983252,0.0
2023-05-08 03:00:00,66.74491642933708,2.135679701339465,217.7522344557356,0.0
2023-05-08 04:00:00,68.35970602504895,1.923769563256584,221.0954123863263,0.0
2023-05-08 05:00:00,67.22620422535911,2.3657862196465764,219.83876727036983,0.0
2023-05-08 06:00:00,75.13438719229916,1.8091439972381511,218.8787502312496,0.0
2023-05-08 07:00:00,67.71137385936468,2.0411342716695575,219.79433698736142,0.0
2023-05-08 08:00:00,68.9671624784408,2.0267967171714423,222.1599663392684,0.0
2023-05-08 09:00:00,71.59908258776667,1.940718170240773,217.6154851820124,0.0
2023-05-08 10:00:00,67.73157959078581,2.1834677604403225,219.17568688961637,0.0
2023-05-08 11:00:00,70.50309870980163,2.353888395543356,218.49651287062562,0.0
2023-05-08 12:00:00,72.99461330487728,2.4316065993706877,219.92276573290258,0.0
2023-05-08 13:00:00,71.39578498403557,2.817189027338207,218.63063821497468,0.0
2023-05-08 14:00:00,72.4663182965396,2.532330113663022,216.46383751522677,0.0
2023-05-08 15:00:00,71.51059521195066,2.7258020086232473,217.88972490613529,0.0
2023-05-08 16:00:00,68.90729329780982,2.5653315253161333,223.27551003707623,0.0
2023-05-08 17:00:00,74.76759653542616,2.944061824315871,220.49345642257254,0.0
2023-05-08 18:00:00,79.4197287924065,3.14447858951198,220.42472410761616,0.0
2023-05-08 19:00:00,74.56224714587144,2.8273437867585702,219.43477521998273,0.0
2023-05-08 20:00:00,75.53494728132011,2.578932985642078,219.89674915178165,0.0
2023-05-08 21:00:00,77.28943587098439,2.724041812345975,219.14037615433725,0.0
2023-05-08 22:00:00,71.75538879205004,2.946527705711455,221.05385706208213,0.0
2023-05-08 23:00:00,81.0230369321353,3.0377784802895658,220.20161770851874,0.0
2023-05-09 00:00:00,76.87459202307122,3.1425019282853253,217.65746357968277,0.0
2023-05-09 01:00:00,81.51528900712648,3.151194465823473,220.5074490062084,0.0
2023-05-09 02:00:00,74.77273199934352,3.116889940997667,215.0825161534569,0.0
2023-05-09 03:00:00,82.7781294296453,3.0445912976750673,220.82771839935558,0.0
2023-05-09 04:00:00,80.00152282013252,3.308396666337353,217.18128628632695,0.0
2023-05-09 05:00:00,79.68728927164159,3.6555045137496522,219.80788982765984,0.0
2023-05-09 06:00:00,79.08235505320029,3.5448307915080863,217.6107447936076,0.0
2023-05-09 07:00:00,77.98680851197383,3.504123888518789,220.0056463990662,0.0
2023-05-09 08:00:00,82.68610201767514,3.659434511525114,221.15655703855245,0.0
2023-05-09 09:00:00,79.857699327854,3.435646349149407,223.00565417049916,0.0
2023-05-09 10:00:00,73.88752328360474,3.4645441538819273,216.91728468997704,0.0
2023-05-09 11:00:00,76.78928568530152,3.472978190394409,221.95094591134227,0.0
2023-05-09 12:00:00,79.93542048990062,3.653815914882732,220.26230541075495,0.0
2023-05-09 13:00:00,81.77506737203188,3.650810088263818,219.09866569435076,0.0
2023-05-09 14:00:00,81.02741763189186,4.033204243905075,221.51971301011892,0.0
2023-05-09 15:00:00,85.20620814402888,3.7528226404072242,219.5281502978296,0.0
2023-05-09 16:00:00,76.04810285858835,3.743681008867693,221.43506103280137,0.0
2023-05-09 17:00:00,82.68428493627604,4.349078816047816,218.015460573744,0.0
2023-05-09 18:00:00,77.15169612665544,3.926626362234436,218.73400593540742,0.0
2023-05-09 19:00:00,85.23688336532575,4.103945128069789,221.8872001055892,0.0
2023-05-09 20:00:00,83.02648301160357,4.219842029737415,222.97080104714084,0.0
2023-05-09 21:00:00,84.92080174705828,3.9585768691735836,219.9299362016943,0.0
2023-05-09 22:00:00,81.42243562527295,4.489350275027374,214.42542214928844,0.0
2023-05-09 23:00:00,88.20459197807185,4.42601535737802,219.6019014347831,0.0
2023-05-10 00:00:00,87.84348385133148,4.666606379840945,220.06485223564485,0.0
2023-05-10 01:00:00,86.82105544424692,4.275423218190182,219.53445324661365,0.0
2023-05-10 02:00:00,85.03398347067728,4.487430792298049,220.67267712333106,0.0
2023-05-10 03:00:00,87.51421974320934,4.53181481297067,219.04618014480536,0.0
2023-05-10 04:00:00,84.00608285941823,4.63305938901085,210.43504370938888,0.0
2023-05-10 05:00:00,89.04554021649875,4.3456967685944266,207.83856820651343,0.0
2023-05-10 06:00:00,91.77942859846472,4.715125022217318,210.78587017057555,0.0
2023-05-10 07:00:00,90.39493027148686,4.464002992363138,216.98316099329853,0.0
2023-05-10 08:00:00,85.34640385818341,4.877300617056286,211.81474501339875,0.0
2023-05-10 09:00:00,88.97157589548128,4.436242006082211,209.54390478902516,0.0
2023-05-10 10:00:00,84.36001198844237,4.547992492296812,213.2337877512663,0.0
2023-05-10 11:00:00,90.30872022930168,5.138357630611944,206.4321728695875,0.0
2023-05-10 12:00:00,90.29547221041861,4.921618224454002,210.33938896417348,0.0
2023-05-10 13:00:00,83.68632562929082,4.889752328935524,210.3653460514332,0.0
2023-05-10 14:00:00,86.16253579220657,5.397831096046096,208.78722950789702,0.0
2023-05-10 15:00:00,89.15058330976869,5.265525243465683,217.08871698118736,0.0
2023-05-10 16:00:00,64.09742075857753,1.3744180391067566,220.3415682952004,1.0
2023-05-10 17:00:00,61.37156919374358,1.166751585535834,218.77832399544363,0.0
2023-05-10 18:00:00,66.16693618805655,1.7359257387800007,220.10248702330605,0.0
2023-05-10 19:00:00,65.75442082682153,1.0790972278880409,219.69882332118274,0.0
2023-05-10 20:00:00,64.41719260406444,1.5488991098719775,219.72688578159372,0.0
2023-05-10 21:00:00,62.732625499524914,1.1877267919800174,219.95239258380855,0.0
2023-05-10 22:00:00,68.14612137924969,0.8690979210174508,218.13646658230752,0.0
2023-05-10 23:00:00,69.96622133926489,1.2965697491496218,220.5644355099413,0.0
2023-05-11 00:00:00,63.54931554846039,1.2629525122910328,217.18267346448283,0.0
2023-05-11 01:00:00,63.16349924853554,0.989735637152154,218.56634678418376,0.0
2023-05-11 02:00:00,66.47362299623599,1.015556144573057,219.76224247372036,0.0
2023-05-11 03:00:00,63.925911860759044,1.1950604713830015,215.4808933746888,0.0
2023-05-11 04:00:00,64.5818083980103,1.2699495630495963,221.53798307268983,0.0
2023-05-11 05:00:00,67.21895945517402,0.7058673434241198,215.893690980305,0.0
2023-05-11 06:00:00,59.27193173747812,1.4106242905047606,221.33917538179637,0.0
2023-05-11 07:00:00,68.95490697455801,1.1011004052370044,217.41438142014368,0.0
2023-05-11 08:00:00,65.21804157298803,0.9336505031203647,219.190162618593,0.0
2023-05-11 09:00:00,63.76552056631346,1.3882133102903862,221.03826129389887,0.0
2023-05-11 10:00:00,64.73229753733565,1.1952764041163086,224.39627903895897,0.0
2023-05-11 11:00:00,64.88728806506155,1.4432331553564508,220.2329039554147,0.0
2023-05-11 12:00:00,59.80639608966523,1.2875904525959512,216.034747343601,0.0
2023-05-11 13:00:00,69.48481468235971,1.1996970994103908,221.90739026527154,0.0
2023-05-11 14:00:00,65.12397689681185,1.1694540110039688,219.53616319028197,0.0
2023-05-11 15:00:00,66.32900639134212,1.2965425521112275,220.13981330891764,0.0
2023-05-11 16:00:00,67.85464931172213,1.117293748238134,221.11572605977523,0.0
2023-05-11 17:00:00,61.9365126273191,1.0294854822507,215.54924408618857,0.0
2023-05-11 18:00:00,66.42041569710568,1.3219818245309287,220.01307369547038,0.0
2023-05-11 19:00:00,64.19707672730362,1.171102431711114,219.18061222009462,0.0
2023-05-11 20:00:00,67.54031232564948,1.2067135296138012,222.44366981201102,0.0
2023-05-11 21:00:00,58.618317738945514,1.4178759672309216,221.4542275266775,0.0
2023-05-11 22:00:00,64.7027170992762,1.1772246784528517,216.7459961544369,0.0
2023-05-11 23:00:00,63.19153803264812,1.2030067851083581,222.5252517046981,0.0
2023-05-12 00:00:00,66.29678885190246,1.0800700977098137,220.89905017632043,0.0
2023-05-12 01:00:00,66.41013256210461,1.28614798679637,216.90551680509355,0.0
2023-05-12 02:00:00,62.877122315533924,1.2699655825360177,220.11150620698555,0.0
2023-05-12 03:00:00,62.86347840747187,1.3801550263581115,222.0696522277117,0.0
2023-05-12 04:00:00,64.66800389432801,1.0841742325986248,217.5719122548532,0.0
2023-05-12 05:00:00,62.31007331805438,1.1084366060819628,222.75515467169083,0.0
2023-05-12 06:00:00,67.52595108635639,1.3584274798290938,216.97474245174496,0.0
2023-05-12 07:00:00,63.89237839865766,1.2504426006725726,218.41754564670603,0.0
2023-05-12 08:00:00,56.27903534203507,1.018756374761461,218.1142583292206,0.0
2023-05-12 09:00:00,63.87553383013458,1.4613108135469002,222.75386746317733,0.0
2023-05-12 10:00:00,61.884368537468085,0.8603098863199498,219.01796772690162,0.0
2023-05-12 11:00:00,60.106172553617164,1.3568569506527504,217.674365994678,0.0
2023-05-12 12:00:00,61.28772008533228,0.9469575928003606,220.89042175782814,0.0
2023-05-12 13:00:00,65.3282254154989,1.5771577032971054,221.32236198118542,0.0
2023-05-12 14:00:00,68.98592248474469,0.8910800546188753,221.33507218958826,0.0
2023-05-12 15:00:00,65.93955342159494,1.4304501303745496,219.45732166954798,0.0
2023-05-12 16:00:00,63.18048983535278,1.1836731279977513,220.5090686020739,0.0
2023-05-12 17:00:00,66.36771258551211,1.126679486032251,218.69953382754142,0.0
2023-05-12 18:00:00,63.62272906934302,1.2370793312935522,223.34960335587147,0.0
2023-05-12 19:00:00,62.916198892510565,1.3263800678315625,222.28841031731585,0.0
2023-05-12 20:00:00,61.53691199530105,1.019119899533826,222.16591365808134,0.0
2023-05-12 21:00:00,59.74451357974484,1.0368424549662856,221.58823186914708,0.0
2023-05-12 22:00:00,63.83022888032166,1.3299209730225772,221.03946661199,0.0
2023-05-12 23:00:00,65.47416046976039,0.85853140927008,217.51127503170042,0.0
2023-05-13 00:00:00,64.71012898995534,1.0831541813615828,221.2666024725113,0.0
2023-05-13 01:00:00,63.75209921615792,1.808137390831888,220.22853046012665,0.0
2023-05-13 02:00:00,62.162761817909654,1.0063974070821438,222.52672816990184,0.0
2023-05-13 03:00:00,66.82473857505491,1.4295605583519504,221.61483836476486,0.0
2023-05-13 04:00:00,61.048604240160245,1.0828098462572375,221.10076094030603,0.0
2023-05-13 05:00:00,67.32808374153042,1.3018090289594286,216.63155040493967,0.0
2023-05-13 06:00:00,61.99334894321983,1.3308711381192435,219.82199892678307,0.0
2023-05-13 07:00:00,62.74269428794089,1.4257913470365895,218.8842154801927,0.0
2023-05-13 08:00:00,60.59964442815297,1.1599492346374447,220.50473184836613,0.0
2023-05-13 09:00:00,63.49579355934309,1.5977769277509706,219.1689034571147,0.0
2023-05-13 10:00:00,67.92593737543393,1.082132687082964,219.44810844781338,0.0
2023-05-13 11:00:00,66.54688426533187,1.2468440827199119,220.9180678098134,0.0
2023-05-13 12:00:00,67.93526633608411,1.2490553864435214,219.13572377286243,0.0
2023-05-13 13:00:00,66.56642763780181,0.9756063760101169,220.24318307914803,0.0
2023-05-13 14:00:00,61.68899051440889,1.1428255490041759,216.96117621825138,0.0
2023-05-13 15:00:00,64.00763232701733,1.2323026998476814,218.3351970464799,0.0
2023-05-13 16:00:00,62.65940261264761,1.113575791374116,221.3120871344059,0.0
2023-05-13 17:00:00,68.99172471211712,1.688184793091307,217.53961576660706,0.0
2023-05-13 18:00:00,61.40963406072107,1.0322752652800937,222.491450155206,0.0
2023-05-13 19:00:00,67.68109306816733,1.4358848936280855,221.94879871060263,0.0
2023-05-13 20:00:00,67.67886161032631,1.3712919626297573,219.46354012932042,0.0
2023-05-13 21:00:00,70.48886060514826,1.1972275730991457,225.99746821100493,0.0
2023-05-13 22:00:00,63.770940222111506,1.0269581892295505,222.48620715569658,0.0
2023-05-13 23:00:00,67.13696647874049,1.046348935921646,218.10144098658853,0.0
2023-05-14 00:00:00,71.84495550961653,1.096406540156698,221.4923481074001,0.0
2023-05-14 01:00:00,63.14707496919891,0.8428517436107473,220.13172613263953,0.0
2023-05-14 02:00:00,60.39487925740292,0.9993069148401419,218.4465758182812,0.0
2023-05-14 03:00:00,59.35996989827671,0.9035046969272714,217.86018171366757,0.0
2023-05-14 04:00:00,67.138136086584,1.4691750006355433,221.98978666977675,0.0
2023-05-14 05:00:00,59.35054937582425,1.3236924784776436,218.80410907075174,0.0
2023-05-14 06:00:00,63.88304284118623,1.357194819773092,219.7962472899259,0.0
2023-05-14 07:00:00,66.31193956111689,1.3177663903083894,218.15794814354695,0.0
2023-05-14 08:00:00,65.55552661048974,1.2333935246668326,218.50368412540283,0.0
2023-05-14 09:00:00,66.27633459255252,1.4921360664258274,219.74614159985705,0.0
2023-05-14 10:00:00,65.66686956740256,1.0778474688536526,220.7763645854483,0.0
2023-05-14 11:00:00,68.83659743994018,1.221333931073409,214.8232816728971,0.0
2023-05-14 12:00:00,62.14305085778361,1.3494117655648246,220.0338395983335,0.0
2023-05-14 13:00:00,62.969014584624404,0.9357581536287741,218.50775797482993,0.0
2023-05-14 14:00:00,62.68202166418753,1.8193177792285098,222.80472530690045,0.0
2023-05-14 15:00:00,67.49057543558783,1.2057131525555171,225.88550529201086,0.0
2023-05-14 16:00:00,67.70119576518519,1.2283978901151185,219.28144193009257,0.0
2023-05-14 17:00:00,66.35367595795553,1.4513756063349843,216.55554287857362,0.0
2023-05-14 18:00:00,68.55048100066978,1.3829910666020448,220.23375393983713,0.0
2023-05-14 19:00:00,61.465877397870855,1.2076156038792918,219.5891413410136,0.0
2023-05-14 20:00:00,70.0016723346534,1.2260258876196084,223.9427012980026,0.0
2023-05-14 21:00:00,69.56971586513677,0.8991702938104041,223.3331786867511,0.0
2023-05-14 22:00:00,67.20686599173725,1.0887068444300048,221.73074994119312,0.0
2023-05-14 23:00:00,70.34539672631318,1.303442043231792,218.8266118375747,0.0
2023-05-15 00:00:00,60.03013037696668,1.2887785678085772,221.35553313236161,0.0
2023-05-15 01:00:00,63.42665559121205,1.4442331500008174,220.53001271813662,0.0
2023-05-15 02:00:00,62.79408961795414,1.175899788355335,220.48264640659878,0.0
2023-05-15 03:00:00,67.16443797127204,0.9225426973138267,216.88354030286425,0.0
2023-05-15 04:00:00,61.84957778119356,1.4113460861551355,222.1235906769073,0.0
2023-05-15 05:00:00,67.27248544801246,1.487217869236403,220.21561665662247,0.0
2023-05-15 06:00:00,69.11160843199013,1.3796489145712458,219.79831730491085,0.0
2023-05-15 07:00:00,67.085608700252,1.1672732658285017,218.79968700998234,0.0
2023-05-15 08:00:00,65.8512530709845,1.4088772103753158,218.41276700069324,0.0
2023-05-15 09:00:00,62.036379977297756,1.8857820956016427,220.63451716255796,0.0
2023-05-15 10:00:00,62.45944710162391,1.223030462888095,216.50167439628385,0.0
2023-05-15 11:00:00,68.74885671589,0.937652661550975,221.5789975193001,0.0
2023-05-15 12:00:00,67.338047011716,1.0827429900895695,217.89178912600863,0.0
2023-05-15 13:00:00,64.88294144186737,1.32509520006081,215.88263862758942,0.0
2023-05-15 14:00:00,63.74627136270233,0.8790391378203875,223.64379063185203,0.0
2023-05-15 15:00:00,58.92257638066587,1.233880614982414,218.28382590130883,0.0
2023-05-15 16:00:00,61.787442743946684,1.2760673300631766,218.5556816769566,0.0
2023-05-15 17:00:00,70.73425726141917,1.5070243479625303,222.26907666201615,0.0
2023-05-15 18:00:00,61.1586332869926,1.4620389712108601,223.7088618010333,0.0
2023-05-15 19:00:00,65.56843946366324,1.3729169583503542,216.93399684279314,0.0
2023-05-15 20:00:00,68.0223319195856,0.767464197897094,218.08766387949865,0.0
2023-05-15 21:00:00,61.235231995993125,1.384210625609585,218.2346423556788,0.0
2023-05-15 22:00:00,65.55413142434325,1.3411026772120493,221.8696033253913,0.0
2023-05-15 23:00:00,67.81374661253197,1.2511888754156693,223.27826425585906,0.0
2023-05-16 00:00:00,65.03749796572176,0.8539555747709029,217.83949487684384,0.0
2023-05-16 01:00:00,73.60520916700031,1.0446452181625878,222.82949067593643,0.0
2023-05-16 02:00:00,59.99420222336541,0.9666354460931867,218.58193177694258,0.0
2023-05-16 03:00:00,68.17618558965164,0.7969983120985817,220.67224580589115,0.0
2023-05-16 04:00:00,64.48159478781061,1.1994169697170411,217.45709260114435,0.0
2023-05-16 05:00:00,67.31576046451002,1.040435575711444,219.75613917283601,0.0
2023-05-16 06:00:00,66.32392145509773,1.7250611160537823,219.77777457185456,0.0
2023-05-16 07:00:00,62.80053140867001,1.166245612112418,219.36968338736946,0.0
2023-05-16 08:00:00,65.68698917737802,1.4587506311731921,220.7699419626394,0.0
2023-05-16 09:00:00,59.42629564580514,0.886180195061355,217.98593827029495,0.0
2023-05-16 10:00:00,66.80974250171418,1.093982082799026,218.23255340362633,0.0
2023-05-16 11:00:00,65.89447539797158,1.2193795752068628,220.8757442898987,0.0
2023-05-16 12:00:00,66.91598050592931,1.0183692102784658,222.68407066195147,0.0
2023-05-16 13:00:00,68.17435497526145,1.115559863039051,219.95437261190415,0.0
2023-05-16 14:00:00,66.10285952062914,1.1564098187512921,221.00734154692435,0.0
2023-05-16 15:00:00,65.44426825939483,1.153218402911021,221.51616002059467,0.0
2023-05-16 16:00:00,62.35679499001613,1.5710237146070694,221.661010377267,0.0
2023-05-16 17:00:00,62.86333770905285,1.275645257086302,218.0929505483267,0.0
2023-05-16 18:00:00,68.560203860532,1.2959021125882606,218.44597953959018,0.0
2023-05-16 19:00:00,69.30900621711794,1.3079309548690141,218.61985081211293,0.0
2023-05-16 20:00:00,64.28566869106383,1.3225252754674224,223.85726760178792,0.0
2023-05-16 21:00:00,65.13800824175982,1.1834226032250268,221.0163858783438,0.0
2023-05-16 22:00:00,62.286156875018705,1.1358507257042307,220.92663144077002,0.0
2023-05-16 23:00:00,68.51827053580233,1.2333632119036555,220.7324715063675,0.0
2023-05-17 00:00:00,66.99625047107534,1.4313607897826945,217.358413192761,0.0
2023-05-17 01:00:00,70.82365230939125,1.4252476376872767,223.8763809415541,0.0
2023-05-17 02:00:00,62.365030768460784,1.1519203048623177,220.95837506157392,0.0
2023-05-17 03:00:00,63.86597630294535,1.3535687389336222,221.4463202253099,0.0
2023-05-17 04:00:00,65.69433776757671,1.1610830673920665,216.4689574221684,0.0
2023-05-17 05:00:00,66.93946861317731,1.2067741098870488,221.55928770472303,0.0
2023-05-17 06:00:00,64.3529970873571,1.1052953236891605,219.28757509974474,0.0
2023-05-17 07:00:00,62.3811167286389,1.1636709722187533,217.35443405054752,0.0
2023-05-17 08:00:00,67.64422258677071,1.468266013909936,218.0924726682564,0.0
2023-05-17 09:00:00,67.16340608763674,1.2184842294678473,217.47021158309326,0.0
2023-05-17 10:00:00,62.25117769830882,1.2270565017104635,217.43643160977078,0.0
2023-05-17 11:00:00,69.06632840331649,0.9105564441484082,220.1210956407284,0.0
2023-05-17 12:00:00,68.5105961275898,1.1381512184734541,219.2264744225367,0.0
2023-05-17 13:00:00,65.40288949174338,1.1517370192510543,220.66813872432277,0.0
2023-05-17 14:00:00,65.23879358712811,1.0341713029113189,223.351951742136,0.0
2023-05-17 15:00:00,66.66217331334772,1.2043330823407126,219.7409925727453,0.0
2023-05-17 16:00:00,62.41489078923122,1.114163541954469,215.51022141208315,0.0
2023-05-17 17:00:00,65.09009443749224,1.2159991710487164,219.51608357690438,0.0
2023-05-17 18:00:00,58.54284936617246,1.2243006019637868,222.38678887279573,0.0
2023-05-17 19:00:00,67.6293669365088,1.008849128435471,219.82812105500633,0.0
2023-05-17 20:00:00,60.315520332674424,1.120259643503362,223.0586613073834,0.0
2023-05-17 21:00:00,69.510259485287,1.2154748565521667,220.90588318627564,0.0
2023-05-17 22:00:00,64.00963971810064,1.436859886231345,216.32346053120523,0.0
2023-05-17 23:00:00,64.36499905420646,1.251343834559148,220.21916450087673,0.0
2023-05-18 00:00:00,63.11679828174648,1.0676129640165144,220.59400258852946,0.0
2023-05-18 01:00:00,64.13588337823377,1.2798009518487705,222.16071160254728,0.0
2023-05-18 02:00:00,69.2555940354441,1.541509777864352,223.63927314322314,0.0
2023-05-18 03:00:00,57.53657403039476,1.3833412945178036,221.8154510394174,0.0
2023-05-18 04:00:00,68.83089615826457,1.309505306087124,220.88095959477442,0.0
2023-05-18 05:00:00,66.01407044330513,1.3451180350964642,221.35237654315668,0.0
2023-05-18 06:00:00,61.378935056428354,1.487990808285726,219.66398638710086,0.0
2023-05-18 07:00:00,61.774062820852286,1.415125358803532,217.07424432638516,0.0
2023-05-18 08:00:00,70.0291790816246,1.3133520762235316,220.08299217244573,0.0
2023-05-18 09:00:00,62.163479360171806,1.4137284439180169,220.73058065491782,0.0
2023-05-18 10:00:00,61.539948468212124,0.9836697807471878,217.59268474817617,0.0
2023-05-18 11:00:00,68.41194362709419,0.8995469495319437,222.6532432789999,0.0
2023-05-18 12:00:00,66.01565862885774,1.231419730128766,222.01082203096487,0.0
2023-05-18 13:00:00,62.186223270390805,1.2137361419301076,217.25647716942427,0.0
2023-05-18 14:00:00,65.64987492621385,1.0912179892973484,222.73166457757975,0.0
2023-05-18 15:00:00,61.92274194907917,1.365170533965542,219.3833712615803,0.0
2023-05-18 16:00:00,68.30246419526782,0.8274272827097527,218.4430168697633,0.0
2023-05-18 17:00:00,68.1841128946194,1.0930455487884392,222.15855538549306,0.0
2023-05-18 18:00:00,66.59601859646583,1.1030088910244769,219.8978911744799,0.0
2023-05-18 19:00:00,66.08498318374104,0.872739642980108,223.79837064167373,0.0
2023-05-18 20:00:00,70.28356437460212,1.4989462014538608,218.2942239122265,0.0
2023-05-18 21:00:00,64.99905898216467,0.9281597462673353,216.53668495205469,0.0
2023-05-18 22:00:00,61.4543776237376,1.0823319885384628,219.43912343766772,0.0
2023-05-18 23:00:00,66.34842173849692,1.3815959515610268,221.57844499812094,0.0
2023-05-19 00:00:00,71.25814114861134,1.3292090686857463,218.14571402892892,0.0
2023-05-19 01:00:00,61.955721520442445,0.9783650607030506,217.33979923440023,0.0
2023-05-19 02:00:00,63.915611699918045,1.3364978418521272,220.4578548054055,0.0
2023-05-19 03:00:00,66.24933811430435,1.2579568957316443,217.07262557966496,0.0
2023-05-19 04:00:00,64.83828545298279,1.6666071124222934,220.61338539922681,0.0
2023-05-19 05:00:00,62.053089258868056,1.2807880832136609,219.31875389754364,0.0
2023-05-19 06:00:00,68.36557356869142,1.1717516357862936,220.98893297670475,0.0
2023-05-19 07:00:00,71.96012216605178,1.0286996085761153,217.2323423921508,0.0
2023-05-19 08:00:00,65.58839437707172,1.0511513266088857,222.5963263028878,0.0
2023-05-19 09:00:00,62.287795130792,1.0348461809063683,219.63393103001263,0.0
2023-05-19 10:00:00,60.35311842483958,1.4742197627823843,221.52704533580965,0.0
2023-05-19 11:00:00,65.77392794366354,1.203593983003294,221.9197509225698,0.0
2023-05-19 12:00:00,68.31163202994877,1.313049424794946,217.6851100952681,0.0
2023-05-19 13:00:00,66.42550323948615,1.5028495199961773,221.76451501921616,0.0
2023-05-19 14:00:00,64.99278847724344,0.728307171558507,217.14986644971134,0.0
2023-05-19 15:00:00,63.23218504463208,1.455774752940075,217.2597245144802,0.0
2023-05-19 16:00:00,61.72350910184573,1.2110793823566668,223.92799847197688,0.0
2023-05-19 17:00:00,67.50425397897465,1.2870096743280888,222.22370673759326,0.0
2023-05-19 18:00:00,67.74131486415676,1.0343193556503496,224.1473283508675,0.0
2023-05-19 19:00:00,60.3628106399278,1.0489751203102964,219.25957193878418,0.0
2023-05-19 20:00:00,69.76951693454205,1.2977691779625975,220.204857328156,0.0
2023-05-19 21:00:00,66.72221366268201,1.6769195600662938,221.05470949350473,0.0
2023-05-19 22:00:00,69.19878393543738,1.4006626625629803,219.97560886681222,0.0
2023-05-19 23:00:00,60.97361675454466,1.453104584283708,218.5077279586082,0.0
2023-05-20 00:00:00,60.902527533753684,1.1615997459477159,218.20783060423992,0.0
2023-05-20 01:00:00,64.55309207069811,1.0799591550828742,220.4277244656579,0.0
2023-05-20 02:00:00,66.50835328068558,1.0438390096842012,217.8662803166754,0.0
2023-05-20 03:00:00,70.38908246878088,1.1023452550606623,217.8102730152663,0.0
2023-05-20 04:00:00,67.1182367414454,0.7894435133658948,220.78714402230918,0.0
2023-05-20 05:00:00,64.2719561695639,1.0550161314216795,219.80968129702876,0.0
2023-05-20 06:00:00,61.920892377002325,1.0879293687880314,221.87441254116337,0.0
2023-05-20 07:00:00,68.69000171815745,1.1649283651210318,219.15017717983432,0.0
2023-05-20 08:00:00,62.105883722747855,1.2263500219494583,218.83748810004892,0.0
2023-05-20 09:00:00,69.88540566431696,1.2724901737251222,220.84710679207095,0.0
2023-05-20 10:00:00,64.14684605118048,1.197014925511408,218.37595025089234,0.0
2023-05-20 11:00:00,69.77174621785355,1.0837113827314486,218.68374454888664,0.0
2023-05-20 12:00:00,67.03679387017783,0.8073282713468959,218.76309121924118,0.0
2023-05-20 13:00:00,64.58901353167262,1.0849382783196413,219.5805957874089,0.0
2023-05-20 14:00:00,63.44181088452162,1.005509872462599,223.5448730865918,0.0
2023-05-20 15:00:00,63.977276367961764,1.2932133496557208,217.24642235008568,0.0
2023-05-20 16:00:00,66.28495007712571,1.3818574793387388,222.59101516423493,0.0
2023-05-20 17:00:00,65.23146948865315,1.3877142134119878,221.47557351257984,0.0
2023-05-20 18:00:00,63.218565775793884,1.351390547225564,223.13395769474,0.0
2023-05-20 19:00:00,64.50310576904711,1.1732948529095024,226.27337209664455,0.0
2023-05-20 20:00:00,65.23573108915745,1.0956088869048206,222.8629060415757,0.0
2023-05-20 21:00:00,58.61379771675556,1.0505794492665868,221.8513338958157,0.0
2023-05-20 22:00:00,66.3745043443661,0.8985002166796499,217.37500729674997,0.0
2023-05-20 23:00:00,62.06083632584958,1.3983707401015715,217.6275554769779,0.0
2023-05-21 00:00:00,61.540002790382765,1.165057792414005,220.72038036873045,0.0
2023-05-21 01:00:00,59.93796695866787,0.9507319412758252,216.60384770416087,0.0
2023-05-21 02:00:00,59.61832250639633,1.034701724857953,221.23087850258244,0.0
2023-05-21 03:00:00,60.93365749066313,1.0266053087134894,215.730156218478,0.0
2023-05-21 04:00:00,62.87293712710853,1.2086048970030252,222.30446677112923,0.0
2023-05-21 05:00:00,70.8597774125797,1.4134935702141371,219.3565993761328,0.0
2023-05-21 06:00:00,63.42236097231439,1.1304020900808833,220.25319389094037,0.0
2023-05-21 07:00:00,65.5332503188041,0.7494932970432702,218.50325540715903,0.0
2023-05-21 08:00:00,66.20144415951899,1.1621639329682159,216.20294717955485,0.0
2023-05-21 09:00:00,65.39319555864755,1.1687612199805608,222.4693905583885,0.0
2023-05-21 10:00:00,64.76766961782202,1.1550159538128957,222.67140278990942,0.0
2023-05-21 11:00:00,61.41411870920226,1.0745077667048597,219.2970244695926,0.0
2023-05-21 12:00:00,69.35278264483763,1.2434878161451683,221.32385912946802,0.0
2023-05-21 13:00:00,70.42158993091365,1.2132282230298004,219.21821715957918,0.0
2023-05-21 14:00:00,59.95202391763194,1.1950339371746705,220.5769796885325,0.0
2023-05-21 15:00:00,61.927914227340864,1.2825282722885931,221.51827839784022,0.0
2023-05-21 16:00:00,64.16056897286899,1.1140334353704293,221.11016984914775,0.0
2023-05-21 17:00:00,62.10638661526943,1.1026828660598693,222.68193922681868,0.0
2023-05-21 18:00:00,66.5178966603676,1.47602465791708,221.03776135141067,0.0
2023-05-21 19:00:00,62.81518339278016,1.3118710819430872,220.0561692340772,0.0
2023-05-21 20:00:00,71.49516820341981,1.36538921218856,218.47716206424516,0.0
2023-05-21 21:00:00,68.57164578303079,1.4452209170668135,219.04298923935215,0.0
2023-05-21 22:00:00,65.63772209189665,1.30518883612496,221.62010279345003,0.0
2023-05-21 23:00:00,68.0809587899592,1.385677735827234,216.99634696217177,0.0
2023-05-22 00:00:00,68.31770127307193,0.8841309675859479,222.2116146068256,0.0
2023-05-22 01:00:00,63.30815753582527,1.2408307743992053,219.43771254797093,0.0
2023-05-22 02:00:00,62.551348266374106,1.1634563076371345,218.36278819118422,0.0
2023-05-22 03:00:00,65.23442918890895,1.5355368181799618,217.80255164643705,0.0
2023-05-22 04:00:00,67.58490837349383,1.3855291063606598,221.34873557129677,0.0
2023-05-22 05:00:00,65.41718119596025,1.073910961841364,219.97071729239337,0.0
2023-05-22 06:00:00,60.26901055342701,1.2745588317058412,223.17753044645963,0.0
2023-05-22 07:00:00,62.59152666814747,1.233536266689848,217.47384869894816,0.0
2023-05-22 08:00:00,64.77808140921687,1.2908662866304457,218.84367275387626,0.0
2023-05-22 09:00:00,64.77300318702251,0.9962315061250696,219.81555768374517,0.0
2023-05-22 10:00:00,70.91762653036942,1.272003293047645,218.49628651206012,0.0
2023-05-22 11:00:00,60.842036172803006,1.154369730142353,220.01223732828362,0.0
2023-05-22 12:00:00,66.51676772550762,1.25648995281112,220.63900153283103,0.0
2023-05-22 13:00:00,69.46733932498486,1.055122966975566,220.96896847825948,0.0
2023-05-22 14:00:00,71.81434923626838,1.08298736572068,223.01233426176893,0.0
2023-05-22 15:00:00,63.78680773044812,1.4347684040733406,217.39305514243685,0.0
2023-05-22 16:00:00,66.4742883581606,0.9896904883319677,220.67552063987063,0.0
2023-05-22 17:00:00,66.70928107159594,1.0044491197915901,218.70611436082368,0.0
2023-05-22 18:00:00,65.58644519465987,1.1896837485568843,220.86002676004716,0.0
2023-05-22 19:00:00,64.70346439628209,1.0456219249628091,220.8626643727061,0.0
2023-05-22 20:00:00,66.30792616850013,1.0229942735474402,218.02616123353533,0.0
2023-05-22 21:00:00,57.403261744340945,1.221015194241659,218.19769531473182,0.0
2023-05-22 22:00:00,67.04620847018789,0.898986828619259,221.02328612693915,0.0
2023-05-22 23:00:00,65.3785337109859,0.9984075530172724,220.04680902148826,0.0
2023-05-23 00:00:00,64.3325753096652,1.6108191165847288,219.5607563185368,0.0
2023-05-23 01:00:00,71.14058658715868,1.2918950117938017,221.31597365954994,0.0
2023-05-23 02:00:00,62.975197943628345,1.0506873295460177,221.46343695172428,0.0
2023-05-23 03:00:00,63.79077203280491,1.2836430156532395,218.9407397745966,0.0
2023-05-23 04:00:00,70.9746599066142,1.3134660953973258,218.295893724715,0.0
2023-05-23 05:00:00,62.50381608545043,1.3988828840180476,217.4761620463247,0.0
2023-05-23 06:00:00,63.349654151190386,1.1745687941086538,220.06690824040297,0.0
2023-05-23 07:00:00,64.55892372970744,1.3952995405545778,217.15367944570286,0.0
2023-05-23 08:00:00,67.52220344638864,0.7923106950235654,220.19885691645806,0.0
2023-05-23 09:00:00,65.62340752205994,0.9887383739048493,222.43367358284888,0.0
2023-05-23 10:00:00,61.12212395854321,1.2327742803472912,219.29308045942744,0.0
2023-05-23 11:00:00,63.403494310618434,1.2659267065615583,218.92759143891968,0.0
2023-05-23 12:00:00,63.17793670036337,1.0176435424662715,223.9956895472543,0.0
2023-05-23 13:00:00,64.76833686433086,1.2518839982526317,223.01940363837528,0.0
2023-05-23 14:00:00,66.27753097588949,1.0752319502625478,218.47080425888916,0.0
2023-05-23 15:00:00,66.25461726766392,1.1446081811545668,220.27802636211794,0.0
2023-05-23 16:00:00,59.67196473785479,1.4049547601330021,220.65735648469615,0.0
2023-05-23 17:00:00,68.19182296268256,1.38178749937772,220.40732084545235,0.0
2023-05-23 18:00:00,65.75770653798988,1.0005879345273474,223.62934689542558,0.0
2023-05-23 19:00:00,69.15359614278172,0.9885497075959793,220.17445978483883,0.0
2023-05-23 20:00:00,66.33259498187202,1.1177653208893368,220.47446975126203,0.0
2023-05-23 21:00:00,68.30396887320728,1.194650739765415,221.37732459029283,0.0
2023-05-23 22:00:00,66.39963593435039,1.0684203022850518,222.37983943209534,0.0
2023-05-23 23:00:00,69.03867726860824,1.4081284885599334,221.8737983886082,0.0
2023-05-24 00:00:00,66.56675190805333,1.269477968341711,221.0761695726233,0.0
2023-05-24 01:00:00,64.70625426067129,1.2812170219748857,216.88260038921217,0.0
2023-05-24 02:00:00,71.81730416134064,0.9466922342110056,219.02372455188313,0.0
2023-05-24 03:00:00,67.66711136683968,1.433458143476756,221.63884241441053,0.0
2023-05-24 04:00:00,66.72123326301323,0.6359662355518617,220.50079739455862,0.0
2023-05-24 05:00:00,61.171086750384994,1.3668110903698738,221.6522572676459,0.0
2023-05-24 06:00:00,61.13507714760939,1.3868623475341542,223.7743321233425,0.0
2023-05-24 07:00:00,65.87814644642556,1.1135197625444075,217.64607358988135,0.0
2023-05-24 08:00:00,65.43656359330473,1.4545820434494847,222.27582034960918,0.0
2023-05-24 09:00:00,63.15763230497505,1.1873804894091307,219.33927307501273,0.0
2023-05-24 10:00:00,65.42294809883617,1.2124863406654884,221.87069963854947,0.0
2023-05-24 11:00:00,69.76588078413079,1.2679057574808432,219.91755851326377,0.0
2023-05-24 12:00:00,67.08620742365089,1.837314982362211,224.25400907778598,0.0
2023-05-24 13:00:00,61.57697447074179,1.468886781616601,220.26017387252347,0.0
2023-05-24 14:00:00,64.66547351857118,1.3402262401425835,218.71897155128804,0.0
2023-05-24 15:00:00,62.58510055744232,1.017439102679761,220.83974924558353,0.0
2023-05-24 16:00:00,63.83690025077431,1.2287179650958984,220.64788556143654,0.0
2023-05-24 17:00:00,63.759153003111074,1.0373751812307226,222.2761941882209,0.0
2023-05-24 18:00:00,63.567063252187985,1.3644221694565626,220.89610559720984,0.0
2023-05-24 19:00:00,61.234593884079814,1.2280933951469712,224.9501292783386,0.0
2023-05-24 20:00:00,64.61703595544543,0.9750956640772209,219.77719172919547,0.0
2023-05-24 21:00:00,63.31817708945807,1.2162249166837005,219.80076010043905,0.0
2023-05-24 22:00:00,56.2116539299932,1.0301165060567388,218.7922278998939,0.0
2023-05-24 23:00:00,71.15891607350498,1.2302432442675093,220.17133667670836,0.0
2023-05-25 00:00:00,68.26630896265002,1.0281845367269487,220.4621182421659,0.0
2023-05-25 01:00:00,63.871097825225014,1.2054975266721626,220.56242105991174,0.0
2023-05-25 02:00:00,65.0564571492218,1.350093972387019,220.134375350988,0.0
2023-05-25 03:00:00,61.48503695804732,1.1893896016149788,218.7803575665454,0.0
2023-05-25 04:00:00,70.0871686334326,1.1218223465655222,218.23666974383528,0.0
2023-05-25 05:00:00,70.69186608431933,1.2406552442114924,219.24965255032888,0.0
2023-05-25 06:00:00,65.47008118473957,1.3394365241585706,222.28307532047023,0.0
2023-05-25 07:00:00,68.07059193255603,0.9785633460236478,222.71359937098296,0.0
2023-05-25 08:00:00,65.52586033680177,1.2521312309410404,219.84607092711914,0.0
2023-05-25 09:00:00,60.98982368337221,1.46350816380348,218.11683406706516,0.0
2023-05-25 10:00:00,63.76452989310903,1.314731392655343,219.8376527793664,0.0
2023-05-25 11:00:00,65.39578390031588,1.2115508293334456,224.18333087054015,0.0
2023-05-25 12:00:00,63.63635684376967,1.327947501339779,221.99793567063324,0.0
2023-05-25 13:00:00,64.34404016769489,1.2904992912205364,221.1014853830651,0.0
2023-05-25 14:00:00,64.72580132747265,1.3507202218319627,221.92536983410514,0.0
2023-05-25 15:00:00,64.75736450640362,0.7952136778034111,223.08113322268264,0.0
2023-05-25 16:00:00,65.15677547149245,0.8893087732673468,217.69426759690577,0.0
2023-05-25 17:00:00,61.8181848008102,1.4009658298966474,219.21592026260575,0.0
2023-05-25 18:00:00,62.84895155261619,0.8989441647677119,218.94255673432636,0.0
2023-05-25 19:00:00,61.14624720290009,1.280307727143841,221.17422879414195,0.0
2023-05-25 20:00:00,67.9334466490586,1.1295900687935416,220.3202217812792,0.0
2023-05-25 21:00:00,58.68305917447903,1.0007621508808007,221.51262258137882,0.0
2023-05-25 22:00:00,68.46077102995078,1.2699299514294946,218.98622530026555,0.0
2023-05-25 23:00:00,69.15904819178853,1.2402067007433142,222.7439041013583,0.0
2023-05-26 00:00:00,64.09345823905214,1.6220685304192755,219.8613325837014,0.0
2023-05-26 01:00:00,57.1905887365181,1.0750377590928222,221.38909110391637,0.0
2023-05-26 02:00:00,63.916068314098126,1.4880220240138347,222.39081299784587,0.0
2023-05-26 03:00:00,64.80744751613354,1.270484582876863,222.23024863098993,0.0
2023-05-26 04:00:00,61.96820534021326,1.0677956236914574,220.7216568168036,0.0
2023-05-26 05:00:00,63.45434481857527,1.359849291503449,221.6386938127651,0.0
2023-05-26 06:00:00,69.59058559659006,1.3131477008907901,223.48332132794457,0.0
2023-05-26 07:00:00,66.99478148690523,1.2071686589716097,221.0272024679494,0.0
2023-05-26 08:00:00,62.2263076568657,1.2532590712881246,218.54070719587685,0.0
2023-05-26 09:00:00,60.20720249121371,1.0806025937908936,221.16610146192778,0.0
2023-05-26 10:00:00,64.01894804717068,1.0348425749490986,219.92543756396083,0.0
2023-05-26 11:00:00,64.35962966194869,1.3518884347645166,215.30399773119132,0.0
2023-05-26 12:00:00,66.48859756208995,1.1552121151373451,220.92399604740618,0.0
2023-05-26 13:00:00,63.394049862297024,1.1839834003501815,220.2333013000312,0.0
2023-05-26 14:00:00,66.53449872608559,1.2559643191888554,222.3128355429949,0.0
2023-05-26 15:00:00,70.80546212018069,1.2530576689567616,218.4998126850234,0.0
2023-05-26 16:00:00,67.44650306733278,0.914134705805187,216.9885806752414,0.0
2023-05-26 17:00:00,64.85573447800768,1.4572504172909717,220.33736171882103,0.0
2023-05-26 18:00:00,64.45054858684011,1.2242364303801356,220.76035477521089,0.0
2023-05-26 19:00:00,63.929980597460386,1.1594693474355702,220.18766589077114,0.0
2023-05-26 20:00:00,68.54192273735643,1.2861692010339494,220.0414173673708,0.0
2023-05-26 21:00:00,63.118059662146095,1.2473084387229725,217.86254609158735,0.0
2023-05-26 22:00:00,65.13566812699995,1.3534125378979405,219.72216572605015,0.0
2023-05-26 23:00:00,65.15359370564326,1.3075967344301882,219.30318834099117,0.0
2023-05-27 00:00:00,63.4946474215654,1.3435692457992534,222.14541748153488,0.0
2023-05-27 01:00:00,60.8826033563477,1.4701987811455033,220.75865072806124,0.0
2023-05-27 02:00:00,65.968923510853,1.3767249097941945,219.4440057565096,0.0
2023-05-27 03:00:00,64.81698808443385,1.1679027559342874,223.44776975284555,0.0
2023-05-27 04:00:00,66.50072140830972,0.9754197687846334,219.46218464756998,0.0
2023-05-27 05:00:00,63.3991990806825,1.5335595866009029,221.11557344777233,0.0
2023-05-27 06:00:00,68.66246389643915,1.1524553253305774,219.66615733282143,0.0
2023-05-27 07:00:00,62.369678656364464,1.1053785173278956,223.262305030056,0.0
2023-05-27 08:00:00,70.13612085205368,0.8526546364471121,220.17371955162722,0.0
2023-05-27 09:00:00,59.757090470515216,1.2676946210624223,220.23282845578134,0.0
2023-05-27 10:00:00,66.30431019367067,1.229777320790754,219.72025928245458,0.0
2023-05-27 11:00:00,66.42629204757986,0.8969770127501038,220.39302385200244,0.0
2023-05-27 12:00:00,62.613328796177356,1.2906548084266352,222.39907567729583,0.0
2023-05-27 13:00:00,66.27318181358304,1.100361615859712,221.6916876893694,0.0
2023-05-27 14:00:00,68.83855600928048,1.7380630014577387,220.05615236223235,0.0
2023-05-27 15:00:00,58.34954348193781,1.0861277615818263,223.4026502129133,0.0
2023-05-27 16:00:00,66.50823442247244,1.1129613335604414,221.74597128268513,0.0
2023-05-27 17:00:00,57.52018753900977,1.0250447551491264,219.1236377616053,0.0
2023-05-27 18:00:00,62.103005589430374,1.4555753042083943,217.23930329253213,0.0
2023-05-27 19:00:00,69.88749909470283,1.1254448411070492,219.16997239640685,0.0
2023-05-27 20:00:00,63.254653899823836,1.0550171692469006,220.82669755710052,0.0
2023-05-27 21:00:00,61.47836010677308,1.3413910019841084,221.19440074126285,0.0
2023-05-27 22:00:00,64.40618681304595,0.923929412917363,222.71827536660405,0.0
2023-05-27 23:00:00,71.20371901449066,1.3250221092497894,217.810908049762,0.0
2023-05-28 00:00:00,59.504953258381924,1.5562799433201715,219.12168933210637,0.0
2023-05-28 01:00:00,61.84607026508196,1.3133215665670177,217.64471466025097,0.0
2023-05-28 02:00:00,69.49229504953888,1.327579663251985,217.32240157684112,0.0
2023-05-28 03:00:00,70.5731070306132,1.3740120433814966,218.74436250809336,0.0
2023-05-28 04:00:00,64.68970632712914,1.5419416057351036,220.73322448858804,0.0
2023-05-28 05:00:00,61.28284189242007,1.441978792003821,221.54278886978062,0.0
2023-05-28 06:00:00,71.28753050542748,1.2879339444546047,218.10329178675664,0.0
2023-05-28 07:00:00,69.78332717524759,1.3807782801272002,218.3814481612255,0.0
2023-05-28 08:00:00,67.03684096328669,1.0228130149069778,216.44035364935314,0.0
2023-05-28 09:00:00,62.56279295318774,1.3552587181494644,220.42870441655398,0.0
2023-05-28 10:00:00,64.85291197748589,0.9988888057632505,218.53572219605852,0.0
2023-05-28 11:00:00,64.51891975686551,1.1265955162736747,223.32606275642368,0.0
2023-05-28 12:00:00,65.99255391384673,0.5834875649713525,220.8196175992992,0.0
2023-05-28 13:00:00,69.35300431439401,1.2802859318734923,219.65710851308646,0.0
2023-05-28 14:00:00,67.6382511234122,1.0712255977783294,218.7177751449111,0.0
2023-05-28 15:00:00,61.767871769045726,1.4222290430408924,217.01065955961155,0.0
2023-05-28 16:00:00,69.12948935005862,1.2780385221210806,217.26425644610913,0.0
2023-05-28 17:00:00,65.93939642003947,1.424819178940325,218.75571809085574,0.0
2023-05-28 18:00:00,67.06119738757675,0.9832806910654924,218.6021942359514,0.0
2023-05-28 19:00:00,69.39962257783581,1.4076772074319266,218.001656314308,0.0
2023-05-28 20:00:00,61.66525925145935,1.6211712688726654,220.75418945488468,0.0
2023-05-28 21:00:00,64.8925232638806,1.3528316599863788,221.02853118482972,0.0
2023-05-28 22:00:00,63.40563634592235,1.3580698017384578,219.08273520539655,0.0
2023-05-28 23:00:00,60.296421723903634,1.233919535278987,223.87030453653063,0.0
2023-05-29 00:00:00,66.04012993281476,1.0950662438869272,216.50654126696782,0.0
2023-05-29 01:00:00,72.53466965475327,1.3522384745403018,220.11632779794454,0.0
2023-05-29 02:00:00,59.47976676648274,0.8987834179195863,219.56283959182414,0.0
2023-05-29 03:00:00,64.90315816685158,1.1164489750158366,218.89859823606548,0.0
2023-05-29 04:00:00,66.92162880522432,0.8457886395325636,218.60467430797388,0.0
2023-05-29 05:00:00,65.36923460496854,1.0592687245369834,219.9860802341753,0.0
2023-05-29 06:00:00,64.66061584245278,1.3284090183787123,219.54894434535655,0.0
2023-05-29 07:00:00,61.102350909662526,1.3010786752440926,219.21624694577488,0.0
2023-05-29 08:00:00,65.69836022882049,1.2101827391070945,217.40256073002126,0.0
2023-05-29 09:00:00,62.72970806895222,1.2340801988124022,216.763776364379,0.0
2023-05-29 10:00:00,58.43023488506434,0.8228270764271581,219.42296704960887,0.0
2023-05-29 11:00:00,68.5837766615412,1.125487543885817,219.19580779100693,0.0
2023-05-29 12:00:00,67.87515745952612,1.063729678712958,219.60592627944635,0.0
2023-05-29 13:00:00,65.15498293055325,1.0681880618970918,219.78275640422098,0.0
2023-05-29 14:00:00,65.68722406461711,1.3199157255627507,218.95499531623437,0.0
2023-05-29 15:00:00,68.22295403814668,1.0278985346989378,219.5751851523636,0.0
2023-05-29 16:00:00,65.67301897033425,1.0790638299745177,218.29294338379302,0.0
2023-05-29 17:00:00,67.71205266428395,0.7825861508580967,223.04789161832656,0.0
2023-05-29 18:00:00,64.10755339737845,1.141175363924766,218.40051970370007,0.0
2023-05-29 19:00:00,68.93595121572184,0.982432490457276,219.25803858106931,0.0
2023-05-29 20:00:00,65.96235717779805,1.2158405857379286,218.55242242177223,0.0
2023-05-29 21:00:00,65.58215583081763,1.009778390651507,218.5188369195902,0.0
2023-05-29 22:00:00,61.18981673386391,1.2209084491098432,220.0492831332759,0.0
2023-05-29 23:00:00,65.86086756290513,1.1710628478515313,219.79553158023398,0.0
2023-05-30 00:00:00,62.50413524751664,1.5344083546084641,219.08107921924957,0.0
2023-05-30 01:00:00,63.08515182041452,1.2994435960906388,219.43304801689138,0.0
2023-05-30 02:00:00,62.55387311505164,0.8320724254875393,218.56037289801347,0.0
2023-05-30 03:00:00,61.80129520430233,0.9470222311794583,220.80345127545232,0.0
2023-05-30 04:00:00,71.37431420905088,1.2110416017984666,224.11038548518144,0.0
2023-05-30 05:00:00,68.9940171859652,1.0140304103214697,218.25031744553357,0.0
2023-05-30 06:00:00,70.76110250643278,0.6063263139528295,220.7879264474692,0.0
2023-05-30 07:00:00,61.33131494133331,1.4699092627667487,220.08989791404142,0.0
2023-05-30 08:00:00,65.21376124973268,1.3440448033810815,221.3372595162652,0.0
2023-05-30 09:00:00,61.119477124387714,1.3041953746983543,221.39358592099214,0.0
2023-05-30 10:00:00,62.91291536840881,1.0785353909058168,220.41082539443732,0.0
2023-05-30 11:00:00,62.245619049750275,1.2855353542019858,219.9203588477698,0.0
2023-05-30 12:00:00,68.71875201932468,1.0591279351558236,219.1310996007031,0.0
2023-05-30 13:00:00,63.81131096569472,1.2409714600435382,218.47007929378273,0.0
2023-05-30 14:00:00,68.20513800108205,1.0158833548327044,219.80630867809643,0.0
2023-05-30 15:00:00,66.81236266876556,1.503257690111203,217.43082233716464,0.0
2023-05-30 16:00:00,71.91091625631437,0.885952669183631,218.81228801976505,0.0
2023-05-30 17:00:00,60.56166733058083,1.446456765902166,222.21370724894513,0.0
2023-05-30 18:00:00,68.7776997193604,1.207783165603466,220.19702444215937,0.0
2023-05-30 19:00:00,68.43932261120219,1.1021066009316018,221.7853288378711,0.0
2023-05-30 20:00:00,62.0798634859189,1.2334005843391476,222.93928777331683,0.0
2023-05-30 21:00:00,68.02140000941948,1.346669601435636,219.64594108817036,0.0
2023-05-30 22:00:00,66.00843488907869,1.4733493473388795,220.41465166838728,0.0
2023-05-30 23:00:00,64.31757122013978,1.2626286046267063,219.39630821169447,0.0
2023-05-31 00:00:00,62.528193539084,1.0218607829475446,218.3747884790488,0.0
2023-05-31 01:00:00,62.842671645652445,1.2111260247531577,218.09406348133518,0.0
2023-05-31 02:00:00,71.14943628735777,1.5633586473324745,221.686300745193,0.0
2023-05-31 03:00:00,65.00204845687244,1.4695356171025247,220.4172545609713,0.0
2023-05-31 04:00:00,67.34639000459438,1.3817526956248716,223.6932061441621,0.0
2023-05-31 05:00:00,62.62730185499734,1.3591374040244772,221.9441040258478,0.0
2023-05-31 06:00:00,62.660441161335086,1.3398900181213083,218.53757402092725,0.0
2023-05-31 07:00:00,68.24595442774982,1.431750966901974,221.68068436045354,0.0
2023-05-31 08:00:00,60.951271365345406,1.1086742428556189,219.38984892179548,0.0
2023-05-31 09:00:00,63.754358696284186,0.9289827868449987,222.433719418258,0.0
2023-05-31 10:00:00,65.10208223321669,1.2138007001474123,219.02733224551395,0.0
2023-05-31 11:00:00,65.33411780552015,1.0364836826444617,217.89514807951466,0.0
2023-05-31 12:00:00,64.46272014495153,0.988995848924563,218.40848984587717,0.0
2023-05-31 13:00:00,66.18745934328777,1.0559442846824136,218.51067019517018,0.0
2023-05-31 14:00:00,67.07856726745344,1.6970627849067372,218.31949647076266,0.0
2023-05-31 15:00:00,67.20391263637799,1.2272249268151687,218.8547834487898,0.0
2023-05-31 16:00:00,62.04258857399652,1.2723815672721976,221.71338374065047,0.0
2023-05-31 17:00:00,64.1475347062136,0.9555274385991491,223.59208841653236,0.0
2023-05-31 18:00:00,68.58428858563082,0.831249408241474,217.339620968893,0.0
2023-05-31 19:00:00,67.68394156272161,1.0361894713762387,222.5270260856663,0.0
2023-05-31 20:00:00,60.881421645556806,1.4876391170417496,219.04459256805114,0.0
2023-05-31 21:00:00,66.05443970105661,1.2668550932153042,220.69576506240446,0.0
2023-05-31 22:00:00,59.065324251875566,1.3197190182888785,216.6917079388534,0.0
2023-05-31 23:00:00,65.14080470618111,1.3477132078404122,221.04807003468972,0.0
2023-06-01 00:00:00,70.69330105023793,1.0817301240403445,215.98937520636787,0.0
2023-06-01 01:00:00,62.156321848193045,1.4775931167946734,220.62787014462032,0.0
2023-06-01 02:00:00,62.497030863525254,1.0734384801555634,220.51451209405866,0.0
2023-06-01 03:00:00,67.29208934471858,1.4812464718525105,220.38201526859095,0.0
2023-06-01 04:00:00,60.37159545437106,1.288460431227068,218.53017969873414,0.0
2023-06-01 05:00:00,63.10173491034488,0.8421909691507354,221.0990533488593,0.0
2023-06-01 06:00:00,66.78932341274526,1.050398102679893,220.78216301883344,0.0
2023-06-01 07:00:00,63.09714245693179,0.843012293425579,219.58009443271777,0.0
2023-06-01 08:00:00,64.29209003836708,1.4326564265588417,221.34370061435038,0.0
2023-06-01 09:00:00,67.23255713094511,1.1950529158395198,219.808791706869,0.0
2023-06-01 10:00:00,66.26463825060968,0.7543315120100439,221.05755431781753,0.0
2023-06-01 11:00:00,65.8004551888862,1.2751493763439317,219.74824134521182,0.0
2023-06-01 12:00:00,63.982633162189885,1.092567147522336,220.4334039822191,0.0
2023-06-01 13:00:00,66.11018334580686,0.9032388289933353,221.14944588215053,0.0
2023-06-01 14:00:00,64.62880195970072,1.5355931673937393,219.20417485276394,0.0
2023-06-01 15:00:00,66.37341682977736,1.2214571732193158,217.5323268274916,0.0
2023-06-01 16:00:00,63.509203924646066,1.1413137195373375,220.5521580110963,0.0
2023-06-01 17:00:00,64.45229307686138,1.1201150438027965,222.37878275722585,0.0
2023-06-01 18:00:00,62.03012662234396,0.8973441061684455,220.5983019459149,0.0
2023-06-01 19:00:00,64.89497716998129,0.9390902200831781,220.63628462939275,0.0
2023-06-01 20:00:00,62.56699740911347,1.4569833569750166,219.91564778700672,0.0
2023-06-01 21:00:00,61.65786064951402,1.1052234260428562,221.4782373055464,0.0
2023-06-01 22:00:00,65.77598344356616,1.2044135401873726,219.62812916772413,0.0
2023-06-01 23:00:00,65.63821932757298,0.791133904759785,219.09220243774627,0.0
2023-06-02 00:00:00,67.34862120484571,0.9363815928408987,222.21059650574972,0.0
2023-06-02 01:00:00,63.7066232912747,1.3219625039749505,218.93892336341463,0.0
2023-06-02 02:00:00,66.22415854051027,1.2755423520227667,221.7789418929035,0.0
2023-06-02 03:00:00,66.65239271682098,1.550675039744863,222.21187092391543,0.0
2023-06-02 04:00:00,66.33432142349479,1.4685912663262453,221.13363386412414,0.0
2023-06-02 05:00:00,62.52303895159358,1.1538578055030353,217.50152896085473,0.0
2023-06-02 06:00:00,65.44809044681357,1.2945907129426542,220.054309818445,0.0
2023-06-02 07:00:00,66.09242088816399,1.1366793114193852,219.59600000588276,0.0
2023-06-02 08:00:00,65.02153540072382,1.6109619637277297,219.00800148932936,0.0
2023-06-02 09:00:00,58.740567024886744,1.4298029392104799,220.28550317469285,0.0
2023-06-02 10:00:00,65.48146887192044,1.23393701817155,221.5384126949951,0.0
2023-06-02 11:00:00,71.63759311819173,1.2400789569752702,219.0828946797376,0.0
2023-06-02 12:00:00,63.91988219372905,1.4889700574519615,219.65723465145265,0.0
2023-06-02 13:00:00,62.815768706434035,1.3159155694227693,219.517882132336,0.0
2023-06-02 14:00:00,66.1200456791342,1.5117256034140172,222.32774209108862,0.0
2023-06-02 15:00:00,65.93713463139972,0.7612704147482252,219.4857987643788,0.0
2023-06-02 16:00:00,68.57820549624924,1.2922456522997596,217.53118868447652,0.0
2023-06-02 17:00:00,61.22639553227334,1.096913027063723,216.85313032201898,0.0
2023-06-02 18:00:00,67.19414075772498,1.5512755975255985,220.72545913313195,0.0
2023-06-02 19:00:00,66.77126618375439,1.5092797374379658,218.4786365202282,0.0
2023-06-02 20:00:00,64.57356038917837,1.2065671618202614,221.33744901054496,0.0
2023-06-02 21:00:00,66.01606195376507,1.5071261957622064,217.33756002298574,0.0
2023-06-02 22:00:00,68.08837244479507,1.5566229039985011,218.9221756667788,0.0
2023-06-02 23:00:00,67.61694614008535,1.2148813343852294,217.3388623009597,0.0
2023-06-03 00:00:00,61.570942063778816,1.6943867544863715,220.86922143109786,0.0
2023-06-03 01:00:00,67.46047456026645,1.1937317694660554,221.2976950812493,0.0
2023-06-03 02:00:00,64.80593418490244,1.1570958099328181,220.6772503152732,0.0
2023-06-03 03:00:00,65.21862229404654,1.3731745177168686,217.8281273591923,0.0
2023-06-03 04:00:00,65.21959097300508,1.1292418537715372,218.50847251177868,0.0
2023-06-03 05:00:00,64.54927103360522,1.2170679551589787,220.46862797722312,0.0
2023-06-03 06:00:00,68.5751224913212,1.4818868848101818,216.62451718375127,0.0
2023-06-03 07:00:00,64.74884612045237,1.203843770443454,219.51773011122418,0.0
2023-06-03 08:00:00,61.641361614850496,0.8609964414049385,223.03381070667177,0.0
2023-06-03 09:00:00,63.81941043209081,1.2734638775698393,219.64008890163925,0.0
2023-06-03 10:00:00,65.53608415043142,1.060741284189521,217.02291072193609,0.0
2023-06-03 11:00:00,68.68764435289116,1.3730542314589091,218.78518150464774,0.0
2023-06-03 12:00:00,66.8092840548465,1.339237943165249,218.73861534864486,0.0
2023-06-03 13:00:00,62.44839416375887,1.4942800696333043,224.28061755967312,0.0
2023-06-03 14:00:00,72.45556975003667,1.3815064601585394,223.3313581610278,0.0
2023-06-03 15:00:00,65.79432593293394,1.418048856731613,221.46187086820316,0.0
2023-06-03 16:00:00,68.82617221399704,1.0661806479724574,219.31384813851722,0.0
2023-06-03 17:00:00,64.54485669926831,1.3607972991781006,222.40125932195946,0.0
2023-06-03 18:00:00,66.60007773411635,1.593690257872058,217.73308072189909,0.0
2023-06-03 19:00:00,67.51840551355521,1.0622700182726466,222.1531506304885,0.0
2023-06-03 20:00:00,68.65458413526277,1.5599476583454197,221.8559470748401,0.0
2023-06-03 21:00:00,68.17210491613467,1.0901299817597339,219.69730853070143,0.0
2023-06-03 22:00:00,67.61659100021893,1.0296057509900052,222.27837262670155,0.0
2023-06-03 23:00:00,64.05473980641767,1.2592400886709676,219.1055577410723,0.0
2023-06-04 00:00:00,63.28476187413182,1.343182083225762,217.46982880380352,0.0
2023-06-04 01:00:00,65.9978225309726,1.382350024794453,221.95593002599983,0.0
2023-06-04 02:00:00,67.7993842170232,1.0076475158453595,219.8295141417211,0.0
2023-06-04 03:00:00,64.33183789767018,1.286908019450858,221.20356120659733,0.0
2023-06-04 04:00:00,68.19551589714315,1.0628890857032989,223.6417731831188,0.0
2023-06-04 05:00:00,69.35785023645853,0.9022155487858846,218.5554918552074,0.0
2023-06-04 06:00:00,62.25103724277974,1.014252736893443,219.71324099032006,0.0
2023-06-04 07:00:00,62.48923788861116,1.0498199268088362,223.13926900915544,0.0
2023-06-04 08:00:00,64.578874823284,1.3043190320705014,221.33746346171057,0.0
2023-06-04 09:00:00,65.9228380045676,1.4304427326137337,218.6004345115908,0.0
2023-06-04 10:00:00,63.426298958698844,0.9053586740249466,218.08996459292104,0.0
2023-06-04 11:00:00,69.05660803660143,1.2703922148416111,218.94383871979332,0.0
2023-06-04 12:00:00,66.27220058455535,0.9646603628458187,218.52317059039424,0.0
2023-06-04 13:00:00,65.11834114472222,1.3258170818028001,220.47469623897905,0.0
2023-06-04 14:00:00,60.69227142839442,1.0754538837992504,220.1568690143952,0.0
2023-06-04 15:00:00,61.05255255071748,0.9897341963953442,220.5584755085507,0.0
2023-06-04 16:00:00,65.84302775084542,1.3599329030695149,218.31837439688044,0.0
2023-06-04 17:00:00,58.60221312153549,1.082615478910981,219.8583321849495,0.0
2023-06-04 18:00:00,68.03791222893221,1.1368072097294604,215.88860045208756,0.0
2023-06-04 19:00:00,64.52553846688303,0.7560021824887246,220.29001263472273,0.0
2023-06-04 20:00:00,74.7292789087842,1.3893102722846948,222.35088128991174,0.0
2023-06-04 21:00:00,71.92374875184834,1.3641817042338213,217.15050818130763,0.0
2023-06-04 22:00:00,64.45565279225745,1.2010915688562627,220.96685646129492,0.0
2023-06-04 23:00:00,64.68098899240606,0.894483811728848,218.77797129647888,0.0
2023-06-05 00:00:00,67.9867445420061,1.4418738356669527,221.60500230738674,0.0
2023-06-05 01:00:00,70.10951782975411,1.0667473227278417,220.31729490242455,0.0
2023-06-05 02:00:00,60.08591282769195,1.1093293099798822,220.80940822532088,0.0
2023-06-05 03:00:00,59.640873603935944,1.6624088112719062,220.12964779751087,0.0
2023-06-05 04:00:00,63.13389558333686,1.0592727111781541,222.6566636127687,0.0
2023-06-05 05:00:00,66.7482127495216,1.3484419924853,220.6948209553902,0.0
2023-06-05 06:00:00,66.49062077152279,1.3124184524165234,218.5891525719951,0.0
2023-06-05 07:00:00,68.20931436495155,1.278034438576017,220.197430104642,0.0
2023-06-05 08:00:00,61.400907414904076,1.2564001085109022,219.2622379140679,0.0
2023-06-05 09:00:00,58.05156841109337,1.2752777123778398,220.3247998130392,0.0
2023-06-05 10:00:00,67.57404258590644,1.254388118188108,219.16046057526637,0.0
2023-06-05 11:00:00,62.5154111811043,1.1896163282447878,218.64637852890738,0.0
2023-06-05 12:00:00,58.94453640683409,1.5022566248221485,220.39854442549688,0.0
2023-06-05 13:00:00,65.43519123787814,0.9374678878401443,220.1115792572331,0.0
2023-06-05 14:00:00,67.37952706465603,1.4042916208030753,222.1279116900917,0.0
2023-06-05 15:00:00,64.63382860363618,1.3644684597375103,219.17008824173436,0.0
2023-06-05 16:00:00,63.626454841452535,1.3396798242658803,216.03829230500938,0.0
2023-06-05 17:00:00,64.52191330356229,1.4233958855280258,219.27225840307338,0.0
2023-06-05 18:00:00,63.888251712797654,1.1814801209463213,216.74713848216683,0.0
2023-06-05 19:00:00,60.9558586641795,0.8262051848346246,220.83134394819317,0.0
2023-06-05 20:00:00,62.85595796902871,1.1855414680571028,216.6522041433024,0.0
2023-06-05 21:00:00,66.56383971504144,1.001761156475089,218.0232578751718,0.0
2023-06-05 22:00:00,65.9650356241295,1.0536281580283873,219.27533108345028,0.0
2023-06-05 23:00:00,65.50417941790046,0.9515160652335176,223.0879012095223,0.0
2023-06-06 00:00:00,62.01455455443986,1.104531028311233,217.85421976857018,0.0
2023-06-06 01:00:00,64.45549051359299,1.0806752612033101,220.02480996629316,0.0
2023-06-06 02:00:00,58.46880486067143,0.7244860340145794,221.15995315391453,0.0
2023-06-06 03:00:00,65.53542999165617,1.3400443822564578,222.9681211064414,0.0
2023-06-06 04:00:00,69.2865731234407,1.6440643716009764,221.55558950344283,0.0
2023-06-06 05:00:00,60.57760360387368,1.3212474386992576,222.18781390326492,0.0
2023-06-06 06:00:00,63.242216980046734,1.1594152086931544,221.72861411770307,0.0
2023-06-06 07:00:00,65.9873203361304,1.189050720864757,217.58175405720772,0.0
2023-06-06 08:00:00,68.75852790328246,1.1158028263973647,220.7193842086341,0.0
2023-06-06 09:00:00,63.65532615109955,1.2180083167733917,221.69732190434445,0.0
2023-06-06 10:00:00,62.92324901220231,1.1925983811853533,218.08699942065195,0.0
2023-06-06 11:00:00,59.09323057275175,1.031790313920341,218.84048024655195,0.0
2023-06-06 12:00:00,65.31031438792432,1.5365776777895663,218.39361540974588,0.0
2023-06-06 13:00:00,71.12622812043124,0.9025691528580457,221.54524597193605,0.0
2023-06-06 14:00:00,65.83207538589403,1.3436663086388492,219.86143775934173,0.0
2023-06-06 15:00:00,64.93316306244886,1.1797604745364936,219.3583082113298,0.0
2023-06-06 16:00:00,65.96624693230096,1.580166363013149,217.43666016669403,0.0
2023-06-06 17:00:00,64.9667239881542,1.2681729198496443,219.8652114936124,0.0
2023-06-06 18:00:00,62.56095688321961,1.1280188925633503,218.8648232900305,0.0
2023-06-06 19:00:00,67.46983974703312,1.1504585603131006,220.48667913052833,0.0
2023-06-06 20:00:00,65.67728456933526,1.2079813389039522,217.7140656027091,0.0
2023-06-06 21:00:00,65.05283975580097,0.9714418610007198,220.3558125190124,0.0
2023-06-06 22:00:00,62.07390191816525,1.0466260949764177,219.12209845900236,0.0
2023-06-06 23:00:00,68.91052379580428,0.8430112061616284,217.5014061485297,0.0
2023-06-07 00:00:00,66.99410823599933,1.0154046203251812,217.3454319242437,0.0
2023-06-07 01:00:00,63.34123748789809,1.2187812963320899,217.6459592239546,0.0
2023-06-07 02:00:00,68.00547456104582,1.2600350098569042,219.58720188511893,0.0
2023-06-07 03:00:00,63.507287484844376,0.8041340610007195,220.241990868727,0.0
2023-06-07 04:00:00,62.65398952246689,1.17255765939116,220.53964726475436,0.0
2023-06-07 05:00:00,62.72089064755914,1.3126819901644264,220.6151058354569,0.0
2023-06-07 06:00:00,59.68679434073573,1.1674175613247528,218.4829534780416,0.0
2023-06-07 07:00:00,66.41462714125461,1.0732422708444398,222.11680581619035,0.0
2023-06-07 08:00:00,59.50656536498495,1.117567770990357,219.11554894798368,0.0
2023-06-07 09:00:00,61.314668506202715,1.0918473290045556,220.90029952011946,0.0
2023-06-07 10:00:00,58.7732359727644,1.0726538881783885,219.67168913301236,0.0
2023-06-07 11:00:00,64.74179092162733,1.2347647050489696,220.75124246340607,0.0
2023-06-07 12:00:00,64.54903861918439,1.6615376455470903,219.57134386771017,0.0
2023-06-07 13:00:00,64.01991136044091,1.0512600166189632,220.78726975314913,0.0
2023-06-07 14:00:00,61.87226691598827,1.1363714734677146,219.98522226023934,0.0
2023-06-07 15:00:00,61.48329873969008,1.1896604121249537,221.62768114130137,0.0
2023-06-07 16:00:00,66.39310959063972,1.0625291131283412,218.3626299135776,0.0
2023-06-07 17:00:00,63.348344204874536,1.4196471607046852,216.46021732821885,0.0
2023-06-07 18:00:00,65.94907496460843,0.7258229253387123,218.0532851611318,0.0
2023-06-07 19:00:00,62.34425394162733,1.0937881659242648,222.13783683047606,0.0
2023-06-07 20:00:00,65.54318822831324,1.3636627472639924,219.69088236022452,0.0
2023-06-07 21:00:00,68.90983411194819,1.1411811383222732,220.18412459109314,0.0
2023-06-07 22:00:00,66.75849740117835,1.0358322082299416,217.89272677190723,0.0
2023-06-07 23:00:00,63.76275854535056,1.2881513508877527,220.13110745030056,0.0
2023-06-08 00:00:00,65.77159691106779,1.3812686470794304,217.9543747118546,0.0
2023-06-08 01:00:00,64.27800447640936,1.2421270890430116,218.24843744989448,0.0
2023-06-08 02:00:00,65.02364055408418,1.0397559280374233,219.19503263435223,0.0
2023-06-08 03:00:00,64.02316684355449,1.2912406638303486,220.8901945156843,0.0
2023-06-08 04:00:00,64.50699438234382,1.1195901399450419,221.10369516128503,0.0
2023-06-08 05:00:00,65.63628005922253,1.3490373763787655,221.15808979587567,0.0
2023-06-08 06:00:00,62.019923901254145,1.4966517769713181,216.82383176991127,0.0
2023-06-08 07:00:00,61.952363519030065,0.6788846488622934,219.98667099921948,0.0
2023-06-08 08:00:00,60.83437233850637,1.2222134946391265,219.60643633323454,0.0
2023-06-08 09:00:00,60.19918668648887,0.8528532126104744,216.9356351678371,0.0
2023-06-08 10:00:00,61.34815192333856,1.688357717065954,220.0319675334444,0.0
2023-06-08 11:00:00,65.47838752041238,1.1063750932407619,219.49914556512647,0.0
2023-06-08 12:00:00,62.321637453524346,1.3492746483650744,221.02305134423577,0.0
2023-06-08 13:00:00,66.54084339269329,1.1929366280810207,220.1624941524796,0.0
2023-06-08 14:00:00,65.10414124625768,1.0393830838561882,218.9013589394335,0.0
2023-06-08 15:00:00,59.09448735968584,1.0155893905645146,221.85152490091394,0.0
2023-06-08 16:00:00,66.96492675266506,1.5171358346201518,215.55753299844974,0.0
2023-06-08 17:00:00,67.43239593677512,1.391187612035662,219.87146974314078,0.0
2023-06-08 18:00:00,62.01841197549544,1.5887168174755126,216.47349813601613,0.0
2023-06-08 19:00:00,66.26057462868498,1.2110906670315398,218.17561345758776,0.0
2023-06-08 20:00:00,62.430505287772405,1.2575839242492,221.0496274060187,0.0
2023-06-08 21:00:00,65.293011130245,1.1465616868689423,217.4516050391184,0.0
2023-06-08 22:00:00,61.2065047791351,1.1425835593769982,217.15256436259213,0.0
2023-06-08 23:00:00,59.620680642396266,0.9916226135045263,224.76388996683124,0.0
2023-06-09 00:00:00,63.85154843116109,1.2168020381848703,217.28142189715967,0.0
2023-06-09 01:00:00,64.62881316117549,1.0421506810227605,223.30104180617596,0.0
2023-06-09 02:00:00,63.80696091915619,1.2883817844328405,219.65559567084148,0.0
2023-06-09 03:00:00,61.44790832533232,1.234002043796042,218.95034175712206,0.0
2023-06-09 04:00:00,63.80030281360659,1.2575364087351444,221.1335727811764,0.0
2023-06-09 05:00:00,65.8078842577422,1.5350259879380452,222.673188151089,0.0
2023-06-09 06:00:00,64.86532090963239,1.1924564100468817,217.70786411578334,0.0
2023-06-09 07:00:00,65.54750309179764,1.3513454005706855,218.97950042054293,0.0
2023-06-09 08:00:00,62.9896543986373,1.6103018928171162,221.6937394693685,0.0
2023-06-09 09:00:00,68.51515374414848,1.4613234138590094,220.575988624854,0.0
2023-06-09 10:00:00,61.47147999033566,1.4306339396909689,222.20383566128277,0.0
2023-06-09 11:00:00,66.46268089126015,1.1386623568959,221.03022390886355,0.0
2023-06-09 12:00:00,68.54567327887989,1.2459286111135592,223.61644801829829,0.0
2023-06-09 13:00:00,66.44272427824669,0.9363447415940116,220.3571771976673,0.0
2023-06-09 14:00:00,64.39242731880552,1.2997828801928828,220.4436222966619,0.0
2023-06-09 15:00:00,63.41510886001106,1.2548920355227682,220.6434427440316,0.0
2023-06-09 16:00:00,68.10826295313876,1.2046770250312362,219.7150222965469,0.0
2023-06-09 17:00:00,60.73107522421498,1.405438957648572,221.69617431760184,0.0
2023-06-09 18:00:00,62.08962721886107,0.9584450355151206,220.47408244772606,0.0
2023-06-09 19:00:00,63.807326703524836,1.5269725702320693,221.5763600182903,0.0
2023-06-09 20:00:00,68.71296127253599,1.3803529375880568,221.88899970724833,0.0
2023-06-09 21:00:00,66.13930290812269,1.1858732040696052,220.85690936312065,0.0
2023-06-09 22:00:00,62.095862724469264,1.1702540824365213,221.0034326484684,0.0
2023-06-09 23:00:00,64.06907688384528,1.2961222430497188,217.97934042480694,0.0
2023-06-10 00:00:00,63.15703056771112,1.5041702464127558,218.89929282436034,0.0
2023-06-10 01:00:00,62.8706330232994,1.2203215437380022,221.68676690598147,0.0
2023-06-10 02:00:00,67.93666867567033,1.2288061803958452,222.84726236363701,0.0
2023-06-10 03:00:00,60.88477061220948,1.2036236955251742,216.11913954898327,0.0
2023-06-10 04:00:00,69.82634256720311,1.5564048225402944,218.86427370549717,0.0
2023-06-10 05:00:00,67.48468907055387,1.126223379412595,220.0472412048293,0.0
2023-06-10 06:00:00,68.27258501181109,1.1940984802761856,218.24145107583865,0.0
2023-06-10 07:00:00,63.611181463924225,1.492687130852199,218.35496071163664,0.0
2023-06-10 08:00:00,64.55017784276268,1.2294021667225727,220.94983974758762,0.0
2023-06-10 09:00:00,60.70054455642587,1.4274117720091044,223.16275193834286,0.0
2023-06-10 10:00:00,63.42601277879959,1.0177439886194082,215.93635288735572,0.0
2023-06-10 11:00:00,66.48096454292946,1.1589414956742972,219.65904770203662,0.0
2023-06-10 12:00:00,68.88818918534419,1.4968868076880457,220.9265606835808,0.0
2023-06-10 13:00:00,61.678529549592646,1.0647320568472909,221.5604279444005,0.0
2023-06-10 14:00:00,63.903482189044205,1.1697401920460584,220.63825468613808,0.0
2023-06-10 15:00:00,64.54610233930244,1.2513370461782958,223.52280509987224,0.0
2023-06-10 16:00:00,60.81263239342255,1.0021690964014027,220.0578131866516,0.0
2023-06-10 17:00:00,66.7740477252752,1.1172379762756206,222.6239855807842,0.0
2023-06-10 18:00:00,62.828029004772176,1.2225273363651281,218.70726465930807,0.0
2023-06-10 19:00:00,64.41382894646893,1.209336346832392,220.1159658931777,0.0
2023-06-10 20:00:00,63.64415188426437,1.456070404167427,217.5745698484023,0.0
2023-06-10 21:00:00,62.63198448284098,1.5082914389664506,221.801728881098,0.0
2023-06-10 22:00:00,64.97886504355833,1.0287830255998176,219.75911427471766,0.0
2023-06-10 23:00:00,64.35317126429594,1.2222537038334977,220.7156421250398,0.0
2023-06-11 00:00:00,63.884426353164,1.334849661684953,219.37326273742985,0.0
2023-06-11 01:00:00,62.81461513495897,1.5032694931598394,221.17285700331803,0.0
2023-06-11 02:00:00,65.95857401234886,1.3436980594634258,220.7948679477115,0.0
2023-06-11 03:00:00,69.96085180547685,1.2581826803184664,218.01069714005757,0.0
2023-06-11 04:00:00,65.41966169851739,1.3333085063965262,218.12646513483398,0.0
2023-06-11 05:00:00,67.98835464473339,1.334753766867252,219.9444625393173,0.0
2023-06-11 06:00:00,60.829334224539615,1.0144571415431263,221.31914791481333,0.0
2023-06-11 07:00:00,65.47328431788131,1.2385597585012538,223.7257911062277,0.0
2023-06-11 08:00:00,61.7078950430868,1.4918321988377383,220.60598171333146,0.0
2023-06-11 09:00:00,60.569225217404295,1.158528646261199,222.01506280497708,0.0
2023-06-11 10:00:00,62.78188577762289,1.2258893285094887,216.77429813047166,0.0
2023-06-11 11:00:00,68.57569800324072,1.1514967100947955,224.02591169886796,0.0
2023-06-11 12:00:00,67.85004748600893,0.737228100878625,221.2113724222584,0.0
2023-06-11 13:00:00,65.7290141661632,1.2041180354469359,219.90079097768245,0.0
2023-06-11 14:00:00,60.401898320330204,1.2603583861305745,219.67060790508415,0.0
2023-06-11 15:00:00,64.41115804583619,1.0975013218238197,217.785600404282,0.0
2023-06-11 16:00:00,65.90510002670521,0.9690726102230544,218.35742640855966,0.0
2023-06-11 17:00:00,65.52660868873579,1.0238787080436702,223.82087126426683,0.0
2023-06-11 18:00:00,59.46861924955776,1.3528375232271128,218.02199112342797,0.0
2023-06-11 19:00:00,62.329046455940386,1.594504954609381,217.9834644842673,0.0
2023-06-11 20:00:00,64.80776670755385,1.4764866681810864,218.59555902784885,0.0
2023-06-11 21:00:00,66.60887272855157,0.9311307990338895,217.60363849407744,0.0
2023-06-11 22:00:00,58.41161653670016,1.3709254621101405,220.03061314969102,0.0
2023-06-11 23:00:00,64.51362807356043,1.067367524838142,222.17782102533047,0.0
2023-06-12 00:00:00,65.42914630963686,1.0835465874982446,218.77901534745592,0.0
2023-06-12 01:00:00,67.54883596554863,1.1076048804057432,217.25335144047835,0.0
2023-06-12 02:00:00,67.0785727527123,1.341213389971086,220.5837226260293,0.0
2023-06-12 03:00:00,66.74771395642641,1.3918506752898077,219.88845132464039,0.0
2023-06-12 04:00:00,62.6001784798942,1.1803937857440423,222.00544910016325,0.0
2023-06-12 05:00:00,59.27599358863008,1.183785851798395,219.09098340139545,0.0
2023-06-12 06:00:00,63.8208417288158,1.2928527486471586,219.47968644074666,0.0
2023-06-12 07:00:00,68.00489547562569,1.3135989079048482,219.70093927091347,0.0
2023-06-12 08:00:00,69.18036358257329,1.4352451413517058,220.17800822110698,0.0
2023-06-12 09:00:00,67.13164730689336,0.9431256048981602,219.21487664528482,0.0
2023-06-12 10:00:00,66.2880224684052,1.2040054679608059,218.890711783908,0.0
2023-06-12 11:00:00,66.1389189451579,0.9863951248217644,216.29924463023633,0.0
2023-06-12 12:00:00,63.33164375971766,1.1898115441873194,218.86922558175976,0.0
2023-06-12 13:00:00,64.60981911933914,1.1547649424638478,221.43044653616352,0.0
2023-06-12 14:00:00,70.00720857747899,1.1906501092194595,221.70049103873777,0.0
2023-06-12 15:00:00,62.17232598262437,1.0400514223778936,219.0577739528174,0.0
2023-06-12 16:00:00,69.84433637212956,0.9025420413585141,222.59897199636353,0.0
2023-06-12 17:00:00,64.03391553652382,0.7811124946570194,219.94259185659928,0.0
2023-06-12 18:00:00,68.97629632728524,1.1737639691470318,217.32430725636812,0.0
2023-06-12 19:00:00,60.77955497150739,1.1137997788334122,216.6952318870915,0.0
2023-06-12 20:00:00,66.75771260349394,1.0648124670392345,222.43651584523946,0.0
2023-06-12 21:00:00,62.78968959215713,1.4645096925663321,219.25399254947786,0.0
2023-06-12 22:00:00,60.75419842422744,1.0281123626409379,217.57187095385484,0.0
2023-06-12 23:00:00,65.65560212723284,1.4833668164277605,215.48144765712894,0.0
2023-06-13 00:00:00,68.02841536578791,1.5247687488538513,219.20856777824972,0.0
2023-06-13 01:00:00,62.46517568421951,0.8098199066421237,220.80950171799273,0.0
2023-06-13 02:00:00,60.5029521186248,1.218476291799794,218.6046177119076,0.0
2023-06-13 03:00:00,64.72446570699513,1.1200607018328017,217.89350967973226,0.0
2023-06-13 04:00:00,64.73769401366846,0.6176392110565468,218.90124846278655,0.0
2023-06-13 05:00:00,66.6449588826635,0.9110717493863171,222.4863840382897,0.0
2023-06-13 06:00:00,67.84878371409346,1.3549872214216947,217.21403676464962,0.0
2023-06-13 07:00:00,64.82175445618252,1.6038398505422529,218.71659793915498,0.0
2023-06-13 08:00:00,70.56650994438279,1.3805356285398496,222.42151547923518,0.0
2023-06-13 09:00:00,65.67270423360587,1.2647264945025956,220.9883525788475,0.0
2023-06-13 10:00:00,63.9607204819793,1.1957335236737825,220.35825562755792,0.0
2023-06-13 11:00:00,60.165297922691515,1.5365325829296228,218.7031077291675,0.0
2023-06-13 12:00:00,64.2120214390515,1.6296478403915282,220.06100962900086,0.0
2023-06-13 13:00:00,63.990839163766594,1.0826314640951626,218.9243418630934,0.0
2023-06-13 14:00:00,67.88091438884442,0.8000026879379417,218.2812277378585,0.0
2023-06-13 15:00:00,66.38745087220056,0.7803625073457596,217.8398850493965,0.0
2023-06-13 16:00:00,61.461892635102146,1.4643761984319603,221.568191192745,0.0
2023-06-13 17:00:00,65.51676315923311,1.1905882918451227,219.87918773556774,0.0
2023-06-13 18:00:00,67.01459351518716,1.2366483820917438,220.62902748760538,0.0
2023-06-13 19:00:00,69.5840940781635,0.8418698014086573,220.3033463716028,0.0
2023-06-13 20:00:00,67.66251190224217,1.0493622174423067,220.88183765561672,0.0
2023-06-13 21:00:00,67.28253996293444,1.1409038372198435,219.49056242002823,0.0
2023-06-13 22:00:00,65.1802579838455,1.241567676672814,219.03668509789085,0.0
2023-06-13 23:00:00,66.16493601627035,1.1202815922172482,218.36943934121774,0.0
2023-06-14 00:00:00,68.74851470211847,0.9925347603397314,217.17206173318579,0.0
2023-06-14 01:00:00,61.00166780756105,1.0430866014794953,217.75593365875417,0.0
2023-06-14 02:00:00,63.95168201834913,1.4416646571894465,219.26916455779957,0.0
2023-06-14 03:00:00,62.68229375373128,1.2489569239207,216.79392103112903,0.0
2023-06-14 04:00:00,66.13745935617837,1.3224313613911103,217.23542819172795,0.0
2023-06-14 05:00:00,68.69066652695236,1.020225237824534,222.08427978527035,0.0
2023-06-14 06:00:00,63.20907713983678,0.609235302919875,220.44835896970758,0.0
2023-06-14 07:00:00,57.82908689759169,1.0953791386231007,219.09632654359297,0.0
2023-06-14 08:00:00,63.76333776492659,1.0266858891149007,224.54314891780913,0.0
2023-06-14 09:00:00,67.74042119605222,1.2698024537256158,216.70350056257394,0.0
2023-06-14 10:00:00,66.61288970884964,1.8571447427363683,221.95122255292364,0.0
2023-06-14 11:00:00,66.28455874343173,1.3390332035236512,219.77706783444117,0.0
2023-06-14 12:00:00,64.16002009437656,1.7471920318766978,221.5700940458256,0.0
2023-06-14 13:00:00,61.16290779134064,1.3137539390678896,220.21790743454162,0.0
2023-06-14 14:00:00,66.5458829648734,1.0740227524854569,216.2555098755095,0.0
2023-06-14 15:00:00,62.497154569896125,1.2695832156241766,220.19092093511765,0.0
2023-06-14 16:00:00,71.55229020014137,1.5561277198955417,220.6711117092792,0.0
2023-06-14 17:00:00,66.71152162506355,1.5659125192642478,215.61602940295117,0.0
2023-06-14 18:00:00,63.25805509233815,1.084932526391384,223.8880965876038,0.0
2023-06-14 19:00:00,63.16584425783412,1.2506367391398598,220.62241518834554,0.0
2023-06-14 20:00:00,64.72116738015923,0.914146624065771,221.343975480273,0.0
2023-06-14 21:00:00,64.28149423393475,1.364933724938286,217.6689412208474,0.0
2023-06-14 22:00:00,68.35050132658986,1.5106709398111788,221.38123504429123,0.0
2023-06-14 23:00:00,65.55924850923213,1.2079598908232032,222.17900891912612,0.0
2023-06-15 00:00:00,62.805104783274416,1.0665231891279743,220.5071364562757,0.0
2023-06-15 01:00:00,70.67132205546734,1.2720261902555126,219.98125688295846,0.0
2023-06-15 02:00:00,65.14792499456067,1.2834918062726333,218.21282375020317,0.0
2023-06-15 03:00:00,67.30651902790669,1.216228766369924,219.56758616443335,0.0
2023-06-15 04:00:00,63.17532047766572,1.2357430248671906,218.97594097148144,0.0
2023-06-15 05:00:00,66.08934688323357,1.1652370299061259,221.14399127478538,0.0
2023-06-15 06:00:00,65.93332997342958,1.399190985645281,218.3002481497652,0.0
2023-06-15 07:00:00,59.331052123711544,1.3472454890330254,221.1293014430071,0.0
2023-06-15 08:00:00,71.04582533138192,1.00337937057117,218.32202887454068,0.0
2023-06-15 09:00:00,68.87193338276764,0.997881879368281,219.47529489167997,0.0
2023-06-15 10:00:00,63.80841405156204,1.1491251165946876,221.23208879402563,0.0
2023-06-15 11:00:00,61.693190778632435,1.3473674248210359,218.5924065600279,0.0
2023-06-15 12:00:00,66.04268484141066,1.2296114827781628,221.30107297795522,0.0
2023-06-15 13:00:00,65.26009309824319,1.071369917975469,221.10598831534273,0.0
2023-06-15 14:00:00,66.06700684568969,1.252303719345166,219.4580986532461,0.0
2023-06-15 15:00:00,65.57473218858227,1.1338378960955455,222.32356640271158,0.0
2023-06-15 16:00:00,66.51872296791778,1.3760972920448262,220.15556868395421,0.0
2023-06-15 17:00:00,69.34191709817541,1.2666116870134094,222.2045530531707,0.0
2023-06-15 18:00:00,66.70430961538594,1.1369443625095712,223.58692984975437,0.0
2023-06-15 19:00:00,61.85103350327017,1.2463037544092923,219.51739795659736,0.0
2023-06-15 20:00:00,69.08768855813736,1.4630096119048404,221.2899099680548,0.0
2023-06-15 21:00:00,69.92184369046487,1.0860739846907244,218.72486414935426,0.0
2023-06-15 22:00:00,74.45617020353626,1.2805313963294322,217.9343711809836,0.0
2023-06-15 23:00:00,61.62951790028121,1.1859079319068009,219.60908068522716,0.0
2023-06-16 00:00:00,65.72864603945082,1.28539673677242,217.27479944050108,0.0
2023-06-16 01:00:00,58.75370389043304,1.069087011680854,218.12478444070538,0.0
2023-06-16 02:00:00,66.65944746913763,1.222067086631875,221.18286519864213,0.0
2023-06-16 03:00:00,63.355399105499686,1.4215646564833602,218.97270196910233,0.0
2023-06-16 04:00:00,70.77033738447486,1.0125986037507784,221.42102817424373,0.0
2023-06-16 05:00:00,62.67615508994425,0.9341189793349836,220.59882387603497,0.0
2023-06-16 06:00:00,59.932450886098216,0.9417088871026071,223.70230812403824,0.0
2023-06-16 07:00:00,63.58620877789244,0.9658674939599622,221.0486745711521,0.0
2023-06-16 08:00:00,59.07353668634859,1.3190646575785328,222.22843614055864,0.0
2023-06-16 09:00:00,67.25329836352194,0.9188280628269068,220.8037693262551,0.0
2023-06-16 10:00:00,58.80475086123104,1.1404209310512938,220.62278700215614,0.0
2023-06-16 11:00:00,65.08537274354947,1.3236578606621416,222.32946608422662,0.0
2023-06-16 12:00:00,58.76656454043141,1.2833318121097186,221.33759493173054,0.0
2023-06-16 13:00:00,64.03910658639008,1.122888204007503,220.42012722591485,0.0
2023-06-16 14:00:00,69.93013446741361,1.2381847463510212,220.41130933185943,0.0
2023-06-16 15:00:00,66.08194367430738,1.2214290659475135,221.07645862366084,0.0
2023-06-16 16:00:00,62.4095191851052,1.1551518088903627,218.65725296108022,0.0
2023-06-16 17:00:00,64.90638953318275,1.157833056269084,218.5724010677226,0.0
2023-06-16 18:00:00,65.05405061613334,1.6470854869513922,222.85081186474588,0.0
2023-06-16 19:00:00,66.41789103753021,1.36186218078626,223.72882732771998,0.0
2023-06-16 20:00:00,60.89942491015752,1.6961301835024285,218.14223508317966,0.0
2023-06-16 21:00:00,66.777701821542,1.1006073734158996,218.6620111351206,0.0
2023-06-16 22:00:00,56.886825105191676,1.1830066806223705,222.2850456390083,0.0
2023-06-16 23:00:00,63.11034634290857,0.9335748469446705,221.06703998628478,0.0
2023-06-17 00:00:00,63.53517847264536,1.0380866395820854,221.35285621064185,0.0
2023-06-17 01:00:00,66.89998047821372,1.5803826297325,221.7932025897061,0.0
2023-06-17 02:00:00,65.06789255803061,1.0955931420316487,219.51853567651185,0.0
2023-06-17 03:00:00,60.78331083843114,1.583856260028892,220.65993984998036,0.0
2023-06-17 04:00:00,62.045020622548954,0.9513275478640218,220.5043843013962,0.0
2023-06-17 05:00:00,65.59604002864222,0.9893061931853446,218.28301679950908,0.0
2023-06-17 06:00:00,64.76279797440633,1.1317537557953157,220.63018188643142,0.0
2023-06-17 07:00:00,63.26262767109276,1.1872500156641643,222.47542139229932,0.0
2023-06-17 08:00:00,63.557498631464064,1.384617458490026,219.33173352231327,0.0
2023-06-17 09:00:00,67.08850399147786,1.2901540834372531,220.30513849748186,0.0
2023-06-17 10:00:00,63.446922281392354,1.1167369485311944,220.4134178320217,0.0
2023-06-17 11:00:00,64.73572626791278,1.1733368386963787,219.43067089912947,0.0
2023-06-17 12:00:00,71.50980976424162,1.1361874160430598,221.3538024753887,0.0
2023-06-17 13:00:00,60.72895208934823,1.017069252934854,218.63986873749002,0.0
2023-06-17 14:00:00,59.444471805276024,1.0224074126796756,222.66529103739188,0.0
2023-06-17 15:00:00,67.35076899439582,1.405576778286682,221.2524111232645,0.0
2023-06-17 16:00:00,62.96407081611769,0.834367014414572,218.12646279865422,0.0
2023-06-17 17:00:00,64.04528741677214,1.523471739489011,223.39601936977252,0.0
2023-06-17 18:00:00,62.656530865606655,1.1314011548795535,220.3362029225232,0.0
2023-06-17 19:00:00,64.22059957769746,1.0454982787215679,218.5541049655299,0.0
2023-06-17 20:00:00,69.79561433628902,1.3479518581394538,222.20910904998237,0.0
2023-06-17 21:00:00,67.40638537585436,1.4970433168294235,220.98934303889604,0.0
2023-06-17 22:00:00,67.58667053566093,1.4235264883207914,216.45608059153193,0.0
2023-06-17 23:00:00,60.75131883262206,1.3003704098719782,218.9486793655123,0.0
2023-06-18 00:00:00,61.546538790341394,1.417372697944367,220.5581946744431,0.0
2023-06-18 01:00:00,56.482764021543716,0.8567004845712267,215.68086664471468,0.0
2023-06-18 02:00:00,62.571857536751736,1.0956338917023702,220.1701401707748,0.0
2023-06-18 03:00:00,67.87010955915697,1.017765987995031,220.3159587454105,0.0
2023-06-18 04:00:00,66.55083954724512,1.444927746243035,217.63301623524836,0.0
2023-06-18 05:00:00,64.33546021114363,1.1233043962152225,220.54128977251992,0.0
2023-06-18 06:00:00,64.93309914884584,1.369081311356411,220.01492767825007,0.0
2023-06-18 07:00:00,62.93334337227378,1.3071713884977276,217.61741178822996,0.0
2023-06-18 08:00:00,65.61427664720536,1.0275386127672637,221.83912109372565,0.0
2023-06-18 09:00:00,67.29763483844184,1.082608358004743,221.67570758953562,0.0
2023-06-18 10:00:00,60.152339637768584,1.4587635381629451,219.4205258262953,0.0
2023-06-18 11:00:00,65.89894306351205,1.0449034702631173,219.60283735321636,0.0
2023-06-18 12:00:00,67.797304612864,1.2249735220390958,221.4525278751907,0.0
2023-06-18 13:00:00,63.75469913310989,1.043491742734711,219.59867371377638,0.0
2023-06-18 14:00:00,67.10210183636175,1.1372095626168277,216.1381835989597,0.0
2023-06-18 15:00:00,73.44396333341766,1.1907676112060055,220.97387311479986,0.0
2023-06-18 16:00:00,64.68697162103932,1.0434266979405016,218.37348135852298,0.0
2023-06-18 17:00:00,66.17992115001597,1.0079106092032237,219.2203138911648,0.0
2023-06-18 18:00:00,62.78582874901583,1.2572546673554885,222.91574113590295,0.0
2023-06-18 19:00:00,65.54375348780616,1.0310525182417647,219.7320430519824,0.0
2023-06-18 20:00:00,66.3808148749469,1.0378684888602654,220.00346987174774,0.0
2023-06-18 21:00:00,65.58452702081041,1.0121893712596057,221.0193345509272,0.0
2023-06-18 22:00:00,61.94091404087343,1.1844183907337362,221.01066788774807,0.0
2023-06-18 23:00:00,65.61908531397636,1.3887403268799683,218.16160446524444,0.0
2023-06-19 00:00:00,69.38658781615291,1.5013057272624533,219.87940296893126,0.0
2023-06-19 01:00:00,66.34590729354358,1.0548163828012442,220.07230505585164,0.0
2023-06-19 02:00:00,67.88596156721552,1.6300621586662423,220.54405379325766,0.0
2023-06-19 03:00:00,64.28896408996212,0.9990590278586408,220.57844388183324,0.0
2023-06-19 04:00:00,67.24970071827113,1.4167097046655739,225.17488245755493,0.0
2023-06-19 05:00:00,65.83780351464958,1.0556607091969115,217.64828045882552,0.0
2023-06-19 06:00:00,62.1472678109383,1.0258153460259978,221.9601832403959,0.0
2023-06-19 07:00:00,65.95556301439662,1.0510487686431222,222.36675161166613,0.0
2023-06-19 08:00:00,62.02491000967907,1.189510460070176,220.98556794784704,0.0
2023-06-19 09:00:00,63.10135917534562,1.315994434206722,218.69936921025385,0.0
2023-06-19 10:00:00,65.56798492187713,1.3339736075809643,223.32933606053524,0.0
2023-06-19 11:00:00,65.89173282014038,1.0112029969304224,215.6160342705196,0.0
2023-06-19 12:00:00,61.432302604768616,1.0020681424977462,218.63346660556434,0.0
2023-06-19 13:00:00,68.16195731354863,1.0166722613272905,222.34336439444562,0.0
2023-06-19 14:00:00,66.71601883490142,1.1777291195228976,219.25977679315497,0.0
2023-06-19 15:00:00,62.88581469316735,1.157968879161825,223.19292904960037,0.0
2023-06-19 16:00:00,60.38724561065247,1.009964907586041,216.9763905106432,0.0
2023-06-19 17:00:00,64.5652862627557,1.2539207388126488,217.77579621210398,0.0
2023-06-19 18:00:00,63.66216885841652,1.6525137616670635,218.93672365974604,0.0
2023-06-19 19:00:00,65.33942137115906,1.0990569076329697,220.83479855507306,0.0
2023-06-19 20:00:00,63.9106500165333,1.1132976357592932,219.55595969923996,0.0
2023-06-19 21:00:00,58.97762941776497,1.3119323140648738,219.01920149487515,0.0
2023-06-19 22:00:00,63.83495918509652,1.088236741652641,222.84079286219705,0.0
2023-06-19 23:00:00,64.08314266679506,1.3337928963436365,223.0268899507783,0.0
2023-06-20 00:00:00,66.90098307432217,1.0562914586441918,219.1712404685849,0.0
2023-06-20 01:00:00,62.90540097616685,1.5664239215154603,216.58046438534066,0.0
2023-06-20 02:00:00,70.0360240201177,1.2689549945184588,215.68503234162523,0.0
2023-06-20 03:00:00,59.26507834804473,1.0759954101846576,220.47858022956072,0.0
2023-06-20 04:00:00,68.93350249340787,1.0822616601061452,221.3119112444376,0.0
2023-06-20 05:00:00,64.32704308736568,1.097240049458393,220.1259955711571,0.0
2023-06-20 06:00:00,67.57875461703067,1.4745499332497747,219.8581837858385,0.0
2023-06-20 07:00:00,65.2394044521762,0.9462497984797433,218.39091477061183,0.0
2023-06-20 08:00:00,68.4186666080764,1.066411665908099,221.30995958782768,0.0
2023-06-20 09:00:00,63.837914106341564,1.0876678886149147,223.35637075779783,0.0
2023-06-20 10:00:00,61.70413872446656,1.1968624066486124,215.56624464532888,0.0
2023-06-20 11:00:00,69.26151286181319,1.145778061470641,219.84499762242456,0.0
2023-06-20 12:00:00,64.65955806235358,0.9017544337219074,218.0593033011728,0.0
2023-06-20 13:00:00,65.66467542087263,1.1200354632809064,217.0190680118923,0.0
2023-06-20 14:00:00,68.70425574213438,1.1800898633630064,217.74004825843116,0.0
2023-06-20 15:00:00,62.25624694977303,1.1307184611530574,220.7593457113688,0.0
2023-06-20 16:00:00,67.49069804503044,1.4500311541475612,220.80992439518232,0.0
2023-06-20 17:00:00,64.28665375878035,1.5528957702577717,222.9205755223496,0.0
2023-06-20 18:00:00,66.01194263729224,1.4096747727301777,220.01756309429092,0.0
2023-06-20 19:00:00,66.97740027643457,1.5277984582152162,216.48355674026084,0.0
2023-06-20 20:00:00,62.61201047199722,1.1058169695442301,219.52366091524806,0.0
2023-06-20 21:00:00,65.12827760393306,1.5101456427507323,217.22724185556842,0.0
2023-06-20 22:00:00,71.87012008569012,1.8516685637036951,217.586408227156,0.0
2023-06-20 23:00:00,70.82758765026142,1.6223549368852712,221.161118116813,0.0
2023-06-21 00:00:00,68.33320802858167,1.6159279464117486,220.38836181118884,0.0
2023-06-21 01:00:00,69.60260981215839,2.275256095065341,221.17513119087067,0.0
2023-06-21 02:00:00,68.3426245957667,2.23987177606733,219.28501430545654,0.0
2023-06-21 03:00:00,73.64721494621635,2.0259093486936144,221.5810591268507,0.0
2023-06-21 04:00:00,69.32851973140625,2.2165145166622064,219.17319420341977,0.0
2023-06-21 05:00:00,70.97721641724962,1.5998833389435956,222.23336566548448,0.0
2023-06-21 06:00:00,74.0718932493276,1.943898162578484,220.68927787894307,0.0
2023-06-21 07:00:00,68.65380103842003,2.063754904238609,219.58600625903077,0.0
2023-06-21 08:00:00,76.01439572250476,2.1668884872688645,220.4241860883522,0.0
2023-06-21 09:00:00,67.09875661584029,2.172433731016475,219.96427859805016,0.0
2023-06-21 10:00:00,76.93117991446516,1.8167553050770122,223.19221303062585,0.0
2023-06-21 11:00:00,71.27633944532718,2.4603035152910078,220.49087524515758,0.0
2023-06-21 12:00:00,72.0183826297636,2.5481674453744314,219.99677465521097,0.0
2023-06-21 13:00:00,67.42856103574694,2.81615440620532,219.5230182858984,0.0
2023-06-21 14:00:00,72.08632007321904,2.3944508231013453,221.68636843849004,0.0
2023-06-21 15:00:00,70.6833973083278,2.434418072669372,221.415826678107,0.0
2023-06-21 16:00:00,72.33199054134437,2.1287918352014725,219.45231673937474,0.0
2023-06-21 17:00:00,74.09510935615448,2.662413393245203,217.68871697075437,0.0
2023-06-21 18:00:00,77.73252977299617,2.9576871449448285,218.1960637232433,0.0
2023-06-21 19:00:00,75.83407765983569,2.7114492444628646,219.6316749209156,0.0
2023-06-21 20:00:00,76.48641024189348,3.318829808779152,222.69785501223816,0.0
2023-06-21 21:00:00,72.62893479120979,2.895159906081532,219.49964674150618,0.0
2023-06-21 22:00:00,73.62534336499462,3.0322153582661615,218.81175278006887,0.0
2023-06-21 23:00:00,82.01589336491308,2.786534313461146,216.4785613735027,0.0
2023-06-22 00:00:00,74.76622788162575,3.172937026781535,223.02708287120458,0.0
2023-06-22 01:00:00,82.29256841814372,2.775967026944954,221.13805629196293,0.0
2023-06-22 02:00:00,76.94687274138556,3.366908605087136,221.5920199400117,0.0
2023-06-22 03:00:00,78.03503282251502,3.429392677500603,221.92337610385874,0.0
2023-06-22 04:00:00,81.59137717083064,3.6127033552898373,219.67053954248206,0.0
2023-06-22 05:00:00,82.54807163201315,3.1931893548380117,220.16918126749508,0.0
2023-06-22 06:00:00,78.75206936141626,3.4856335504200473,222.977203883904,0.0
2023-06-22 07:00:00,78.27189055774524,3.6226224668068783,220.35916177863828,0.0
2023-06-22 08:00:00,79.62097104879955,3.6546535107646534,221.175050580128,0.0
2023-06-22 09:00:00,81.15471765511889,3.4494753562406353,221.74110143440103,0.0
2023-06-22 10:00:00,83.16686880708815,3.2004768615253916,221.2858626648453,0.0
2023-06-22 11:00:00,80.85775999951767,3.80460332698253,219.74366165946702,0.0
2023-06-22 12:00:00,83.053841992661,3.761049360112664,219.93223231437216,0.0
2023-06-22 13:00:00,86.46437497146071,3.734553205351374,221.5552808759519,0.0
2023-06-22 14:00:00,83.04533728749858,4.057014424855769,221.55200571986944,0.0
2023-06-22 15:00:00,83.1884796947749,3.9515794726508036,222.33646519803892,0.0
2023-06-22 16:00:00,78.0489013275467,3.7530623978971445,221.10219396661967,0.0
2023-06-22 17:00:00,75.06555606838606,3.686948978800474,221.19321122718412,0.0
2023-06-22 18:00:00,84.47498634262007,3.9037848117620992,219.10753326643112,0.0
2023-06-22 19:00:00,83.3774991371433,4.664517951911104,218.8377009778562,0.0
2023-06-22 20:00:00,82.46973648229803,4.3868088759133155,221.561261348703,0.0
2023-06-22 21:00:00,85.09678779565762,4.336314017690777,218.85162986396725,0.0
2023-06-22 22:00:00,84.53709867156421,4.318597392027628,219.9585979937663,0.0
2023-06-22 23:00:00,88.45376328711296,4.361789017644316,222.75804648194259,0.0
2023-06-23 00:00:00,85.68086781604454,4.701044830474636,222.44114058469017,0.0
2023-06-23 01:00:00,83.53387803211345,4.425824513591145,220.60357766159436,0.0
2023-06-23 02:00:00,89.09725928025816,4.695665772277703,210.2088191875216,0.0
2023-06-23 03:00:00,85.827480014598,4.56693412825154,212.86190905655374,0.0
2023-06-23 04:00:00,88.41059596650989,5.080989072845886,209.1474368605866,0.0
2023-06-23 05:00:00,85.7508664729709,4.897753476163548,208.23963860375537,0.0
2023-06-23 06:00:00,85.58573061111332,5.054745165753626,210.62516547014897,0.0
2023-06-23 07:00:00,88.13982863421906,4.745089876048268,216.9737168611826,0.0
2023-06-23 08:00:00,88.27792255034936,5.129937081668414,213.5387640398234,0.0
2023-06-23 09:00:00,90.03103040187514,4.912132402245006,206.9286949318854,0.0
2023-06-23 10:00:00,88.13772471190177,5.052992880279528,206.0562314444955,0.0
2023-06-23 11:00:00,83.78669529657613,5.414333477785863,213.6778327753892,0.0
2023-06-23 12:00:00,88.34956567317849,4.935106960479702,204.96469100077053,0.0
2023-06-23 13:00:00,92.38145540143145,5.24064954626108,205.92812725730656,0.0
2023-06-23 14:00:00,64.10787176227068,1.2876010517037453,219.50663326482317,1.0
2023-06-23 15:00:00,64.26084979245636,1.304000876160162,220.90457433156695,0.0
2023-06-23 16:00:00,67.95912951771781,1.1098431013813068,221.26401664571972,0.0
2023-06-23 17:00:00,62.86408031822323,1.6172528201616163,218.89705217744103,0.0
2023-06-23 18:00:00,60.3715903452713,0.9410136229319479,217.01449764818796,0.0
2023-06-23 19:00:00,64.51810664142351,1.4917770777264938,222.06359750919881,0.0
2023-06-23 20:00:00,63.54747814625379,1.4430131211183277,217.76010945884556,0.0
2023-06-23 21:00:00,62.10126104074024,1.580177757920737,220.54236841008776,0.0
2023-06-23 22:00:00,64.47386463230393,0.8823545802584358,219.73603820253862,0.0
2023-06-23 23:00:00,66.47451694174035,1.0262337024220578,220.32488781040814,0.0
2023-06-24 00:00:00,64.97213431529656,1.4983886118323282,223.30246794341372,0.0
2023-06-24 01:00:00,65.92094321805871,0.8245921690739382,226.07656322724367,0.0
2023-06-24 02:00:00,70.44022309554627,0.8787082197919172,216.7331251772028,0.0
2023-06-24 03:00:00,63.97136341532731,1.1023384426577016,221.96781231066583,0.0
2023-06-24 04:00:00,65.835045903934,1.2383987577244535,219.6875044546447,0.0
2023-06-24 05:00:00,63.4723599122026,1.518445014729755,222.0957090274251,0.0
2023-06-24 06:00:00,62.46092084033908,1.1629468170139283,221.91452615235832,0.0
2023-06-24 07:00:00,63.24527703974669,1.0783521703870922,222.81948961439633,0.0
2023-06-24 08:00:00,63.56372428543494,1.2622779875392853,220.5699298303254,0.0
2023-06-24 09:00:00,66.07842739264137,1.2939192966588802,218.22084703008994,0.0
2023-06-24 10:00:00,72.04722736010227,1.288247964434054,221.85529897741924,0.0
2023-06-24 11:00:00,62.85186969117248,1.164402758409731,220.23599515228813,0.0
2023-06-24 12:00:00,63.750124083153615,0.80898277721637,219.53231356973174,0.0
2023-06-24 13:00:00,64.81063096066626,1.0164768021787336,219.04755223859007,0.0
2023-06-24 14:00:00,66.18739654612924,1.4840542170534925,222.01267113821027,0.0
2023-06-24 15:00:00,65.79065243586436,1.23741378759532,223.20673898401475,0.0
2023-06-24 16:00:00,68.85228738184435,1.1354955761785885,217.60929488260072,0.0
2023-06-24 17:00:00,57.72082378839438,1.4236337096747949,221.24390448495785,0.0
2023-06-24 18:00:00,57.83921038941298,0.9739766735262103,219.25522562915472,0.0
2023-06-24 19:00:00,63.51236548396955,1.1549303732573983,217.06545520361578,0.0
2023-06-24 20:00:00,68.29190056263113,1.2275516810348075,220.29541164152602,0.0
2023-06-24 21:00:00,60.303055905183214,1.1117244993410742,218.33372443962088,0.0
2023-06-24 22:00:00,55.97710298091873,1.2201525645803197,216.8444935443996,0.0
2023-06-24 23:00:00,66.71353821865763,1.162461213715647,218.43651905555092,0.0
2023-06-25 00:00:00,65.73097167110814,0.920131390442825,217.9444521641723,0.0
2023-06-25 01:00:00,61.72937477960171,1.2362955763758112,218.70662629387323,0.0
2023-06-25 02:00:00,62.04338119783721,0.9343296416974265,217.34823184609263,0.0
2023-06-25 03:00:00,62.09076884109598,1.2331230250193443,219.20971978274758,0.0
2023-06-25 04:00:00,65.33160595242182,1.474827164830022,218.57350174383205,0.0
2023-06-25 05:00:00,63.12105417145098,1.143795360544789,220.7512277542913,0.0
2023-06-25 06:00:00,66.48219175692655,0.9657033740058028,221.18707797279663,0.0
2023-06-25 07:00:00,56.436120011286825,1.1746024373590038,220.5202971535569,0.0
2023-06-25 08:00:00,62.4294444046166,1.0336057783842936,219.52911108425297,0.0
2023-06-25 09:00:00,61.62183811726685,1.3189018005262938,219.47514480861537,0.0
2023-06-25 10:00:00,64.23097796488253,1.1704022504954292,218.32585002517726,0.0
2023-06-25 11:00:00,63.38585672452958,1.5419526503329146,218.37401068118012,0.0
2023-06-25 12:00:00,67.3935313396873,1.4325979191354676,221.40720773615746,0.0
2023-06-25 13:00:00,59.421989685019824,1.1693838991037193,216.48059480269907,0.0
2023-06-25 14:00:00,65.13647442899226,1.3431218135946181,219.83855012337412,0.0
2023-06-25 15:00:00,66.67500926963511,1.1213527181674308,219.3529418768776,0.0
2023-06-25 16:00:00,70.56994230968587,1.2067913770330336,221.19826420274978,0.0
2023-06-25 17:00:00,63.55470208671957,1.1277131607299375,217.1499760331553,0.0
2023-06-25 18:00:00,65.97337581305756,1.3532911919699417,220.02496141097188,0.0
2023-06-25 19:00:00,59.588411622312904,1.4865976553419156,220.68596868271823,0.0
2023-06-25 20:00:00,57.82413138706093,1.3597296414382287,216.190537562752,0.0
2023-06-25 21:00:00,67.5343231273451,1.3843873202570711,217.85134405427652,0.0
2023-06-25 22:00:00,64.98331911905579,1.3846066874471459,219.81642030637443,0.0
2023-06-25 23:00:00,68.53553806939527,1.310251184466942,221.0282938152686,0.0
2023-06-26 00:00:00,60.87979133309075,0.9721427681579464,220.3649986222254,0.0
2023-06-26 01:00:00,66.55970641858626,1.5401943038833,221.12090850589962,0.0
2023-06-26 02:00:00,70.60645352163156,1.560882165339685,217.84125497471868,0.0
2023-06-26 03:00:00,66.2591168250718,1.1532240793373263,216.82249930054394,0.0
2023-06-26 04:00:00,65.82974451677315,1.1258604169567636,220.16901161151358,0.0
2023-06-26 05:00:00,65.02566824247305,1.322482330583075,217.54129352357177,0.0
2023-06-26 06:00:00,60.287355628622265,1.310162567036701,218.2693553479044,0.0
2023-06-26 07:00:00,69.06671880713104,1.1596107862493963,221.86455670965276,0.0
2023-06-26 08:00:00,63.1674270805848,0.9499948688824791,220.3781991135337,0.0
2023-06-26 09:00:00,66.51344976914905,1.2611402381499555,218.86371018948918,0.0
2023-06-26 10:00:00,60.31089708028624,1.310287307635109,218.60393699071807,0.0
2023-06-26 11:00:00,61.46162100647666,1.3451642296077595,221.24184311377832,0.0
2023-06-26 12:00:00,69.3052621976667,1.2698585544708414,220.42394187129997,0.0
2023-06-26 13:00:00,63.95809313312647,1.1457769703276182,217.57088671535462,0.0
2023-06-26 14:00:00,69.35982642812763,1.3988004079012555,216.1043525337981,0.0
2023-06-26 15:00:00,64.76530802282444,1.2131696995131835,223.7636036652803,0.0
2023-06-26 16:00:00,59.47430668112643,1.1070153971270558,217.5550415493649,0.0
2023-06-26 17:00:00,67.67620279919517,1.1638693235908557,221.05539300660024,0.0
2023-06-26 18:00:00,63.230323046733176,0.8508061935050035,223.02138586467635,0.0
2023-06-26 19:00:00,67.09606644055113,1.1635516351642923,220.2951951376663,0.0
2023-06-26 20:00:00,65.07563260262025,1.3376873039749337,218.79912664706558,0.0
2023-06-26 21:00:00,60.37064531617139,1.267956604427846,217.1479019166086,0.0
2023-06-26 22:00:00,65.49288429611171,1.5041328345962373,217.11997892735994,0.0
2023-06-26 23:00:00,71.5886694264584,1.147405017196859,220.75338969735276,0.0
2023-06-27 00:00:00,66.47895937554338,1.297462632610663,222.90195264589997,0.0
2023-06-27 01:00:00,64.82744674098362,1.3585480352611543,219.20908180659094,0.0
2023-06-27 02:00:00,68.2260302058707,1.6685714016574815,218.88855907570127,0.0
2023-06-27 03:00:00,65.63200539560933,1.228953098223528,221.39496218162236,0.0
2023-06-27 04:00:00,65.62860269078838,0.9911625642271953,218.6281054921905,0.0
2023-06-27 05:00:00,61.72512448352269,1.3695857506710563,220.54896581525685,0.0
2023-06-27 06:00:00,65.7015440773688,1.5731454711936914,220.08360290017103,0.0
2023-06-27 07:00:00,68.10633024925083,1.1354902579546757,219.1810638828439,0.0
2023-06-27 08:00:00,62.49181354369993,1.368216307721283,219.96892368252696,0.0
2023-06-27 09:00:00,69.27348746374085,1.445745611045784,223.52630422929997,0.0
2023-06-27 10:00:00,64.72488192756462,1.4034131087940307,221.2090658882019,0.0
2023-06-27 11:00:00,62.336691465384376,1.2251117044947155,222.18500160851195,0.0
2023-06-27 12:00:00,67.99289623076073,1.0603052483573707,218.1626112781599,0.0
2023-06-27 13:00:00,64.13961729278519,1.183744090397283,222.19187229521515,0.0
2023-06-27 14:00:00,67.27854466245833,1.2917200907755262,221.27804095093796,0.0
2023-06-27 15:00:00,64.1247241032244,1.3816445048183459,217.00080780688126,0.0
2023-06-27 16:00:00,64.82052156941029,1.2667890095998078,221.0795814667422,0.0
2023-06-27 17:00:00,66.48068061300287,1.1240184066918846,218.97345172641064,0.0
2023-06-27 18:00:00,65.87269117277002,1.3110759312299538,216.90839264734876,0.0
2023-06-27 19:00:00,59.01340465864479,1.372017013548564,220.25955146465523,0.0
2023-06-27 20:00:00,61.63626877971682,1.275922011282896,221.07808518212522,0.0
2023-06-27 21:00:00,67.78822995437244,1.032762577092335,220.30321613728913,0.0
2023-06-27 22:00:00,64.60359023329536,1.163718793056562,219.7817228303085,0.0
2023-06-27 23:00:00,63.428806091685736,1.3895641552824933,219.33882932308333,0.0
2023-06-28 00:00:00,60.92427795422758,0.9233964382511052,224.9331760186831,0.0
2023-06-28 01:00:00,61.760791036172456,0.7813643955217682,217.6348612229427,0.0
2023-06-28 02:00:00,58.934604080114156,1.501616570028804,221.7458439647144,0.0
2023-06-28 03:00:00,64.6961578438954,1.302283051004376,220.03084594177795,0.0
2023-06-28 04:00:00,63.20468725825686,1.3213460005040212,218.29106698746594,0.0
2023-06-28 05:00:00,62.10023632704406,0.9846366052745887,219.90320189874285,0.0
2023-06-28 06:00:00,64.79562972449614,1.3475056126933076,217.21413472482277,0.0
2023-06-28 07:00:00,66.09191189255822,1.2550497375136729,218.80901918638628,0.0
2023-06-28 08:00:00,71.27959379662984,0.8831344844303205,219.90613134832878,0.0
2023-06-28 09:00:00,60.46434974131036,1.4848566828547716,216.89776588280174,0.0
2023-06-28 10:00:00,68.47814312990157,1.2317366647237458,221.0127650769761,0.0
2023-06-28 11:00:00,67.91930468304521,1.1207832067841461,218.07247791817693,0.0
2023-06-28 12:00:00,62.6627217818699,1.1244020508029564,217.0965580839729,0.0
2023-06-28 13:00:00,65.60970786375809,0.7969556189135246,217.83916452834325,0.0
2023-06-28 14:00:00,63.62710025198715,1.3186673199262726,224.35190832367098,0.0
2023-06-28 15:00:00,65.55706574125621,1.252371441449145,216.04387171626232,0.0
2023-06-28 16:00:00,69.52739304021365,1.1611839735333809,220.87224617753958,0.0
2023-06-28 17:00:00,66.81681869789394,1.4556970414903345,218.4967274579614,0.0
2023-06-28 18:00:00,66.52582511970033,0.9232281962008309,219.29974365696486,0.0
2023-06-28 19:00:00,63.70907204013607,1.080645504726477,221.20786185736065,0.0
2023-06-28 20:00:00,60.54783000522699,1.0299983490479228,221.10963742967783,0.0
2023-06-28 21:00:00,64.37459536837878,1.1442410040456894,218.63860716167642,0.0
2023-06-28 22:00:00,68.61982446459174,1.2134940050514444,217.2843519867334,0.0
2023-06-28 23:00:00,60.41849643023106,1.2860027047622709,221.24428194740128,0.0
2023-06-29 00:00:00,61.834731895469915,1.1306053093789765,221.1047543860187,0.0
2023-06-29 01:00:00,65.37880320870221,1.0245288529690213,219.4300609824236,0.0
2023-06-29 02:00:00,62.04603564545821,1.5372013899540888,220.88388876761675,0.0
2023-06-29 03:00:00,62.62242965865436,1.6823280383577137,219.10834103804893,0.0
2023-06-29 04:00:00,63.72920425481547,1.2286573343764051,218.34592486993043,0.0
2023-06-29 05:00:00,60.90314778742955,1.0486439265958265,220.00792436224216,0.0
2023-06-29 06:00:00,62.0776344613509,1.4950908262084588,221.03806548218304,0.0
2023-06-29 07:00:00,67.11028375036193,0.9106485787343068,220.61850053910487,0.0
2023-06-29 08:00:00,61.07789065330711,1.1330453350590344,221.01832536015334,0.0
2023-06-29 09:00:00,60.20638359651549,1.0607765897307395,218.47884225342176,0.0
2023-06-29 10:00:00,63.109925061398314,0.9680928899099022,223.1637622495165,0.0
2023-06-29 11:00:00,67.19586650752953,1.143995153415646,219.31523828932276,0.0
2023-06-29 12:00:00,64.40923457600933,1.027165584165207,219.7621686970468,0.0
2023-06-29 13:00:00,63.60625676565314,1.202530892829731,217.36268818156427,0.0
2023-06-29 14:00:00,65.13307639254683,1.2054354335344928,219.61228968740542,0.0
2023-06-29 15:00:00,59.76287770142105,1.075733655295604,221.06447547370303,0.0
2023-06-29 16:00:00,66.4841169613251,1.125897328681226,221.52502122538533,0.0
2023-06-29 17:00:00,66.15030509421094,1.1538302064192578,223.12388147437358,0.0
2023-06-29 18:00:00,63.772074577712836,1.3619692122238853,221.04046979165093,0.0
2023-06-29 19:00:00,68.01777353538925,1.170314119787163,220.55382639159942,0.0
2023-06-29 20:00:00,61.617511703140885,1.3649403481572193,219.10740977697137,0.0
2023-06-29 21:00:00,68.38372697976071,1.317162596710931,218.676519183534,0.0
2023-06-29 22:00:00,65.46348099678575,1.3143061393801483,221.9404970293363,0.0
2023-06-29 23:00:00,63.99034223036548,1.4775691940691946,221.9021407034778,0.0
2023-06-30 00:00:00,64.94037909389506,0.976121824050818,217.84597459830246,0.0
2023-06-30 01:00:00,64.67820570256717,1.1053633787385773,221.44619177430695,0.0
2023-06-30 02:00:00,68.66084868925316,1.552659760059914,221.3007673827917,0.0
2023-06-30 03:00:00,61.76996261758696,1.1485366998821465,217.7723822299716,0.0
2023-06-30 04:00:00,62.712442282560204,0.63697526201883,221.08091360957835,0.0
2023-06-30 05:00:00,68.10890867621744,1.1594063313704228,217.9009070810364,0.0
2023-06-30 06:00:00,63.213395194448424,1.2269879060326498,215.14141406465302,0.0
2023-06-30 07:00:00,67.70159923199478,0.6765773765137578,219.6797951726159,0.0
2023-06-30 08:00:00,70.09830794902612,1.4667871279775897,220.51562941050997,0.0
2023-06-30 09:00:00,63.794614919175096,1.0572575072268795,219.76985839023376,0.0
2023-06-30 10:00:00,67.04408697972592,1.265712623037503,225.73421363437595,0.0
2023-06-30 11:00:00,61.53892315598043,1.1548036909311874,220.75770245846994,0.0
2023-06-30 12:00:00,67.26419989420343,0.9423297161591917,220.2942836385974,0.0
2023-06-30 13:00:00,65.5982719579603,0.985898373072916,220.8591826066282,0.0
2023-06-30 14:00:00,66.41911484648064,1.0129834327144907,219.1173619911998,0.0
2023-06-30 15:00:00,63.063283783893816,1.4171343818367275,221.85895812418707,0.0
2023-06-30 16:00:00,60.016749753298484,1.1704923623799697,220.7220038923542,0.0
2023-06-30 17:00:00,66.50975619424851,1.0956268966896507,220.63034340778498,0.0
2023-06-30 18:00:00,58.809790542561636,1.0130782174819537,218.75175955426613,0.0
2023-06-30 19:00:00,64.0479485232724,1.4392300443052253,216.8713393471018,0.0
2023-06-30 20:00:00,67.82354559925992,1.4928402545047175,218.99722782184543,0.0
2023-06-30 21:00:00,65.57569320761911,1.436948779741336,220.56526771251978,0.0
2023-06-30 22:00:00,70.84502793436944,1.2984874678308334,219.11060104051012,0.0
2023-06-30 23:00:00,68.07532745774532,1.2579660083741422,220.58345433413473,0.0
2023-07-01 00:00:00,63.03830483502327,0.9568124364048196,219.5352762462874,0.0
2023-07-01 01:00:00,65.08194013955432,1.1508361746577884,220.86115896925304,0.0
2023-07-01 02:00:00,64.85788789236669,1.0632279593307126,218.04635174824938,0.0
2023-07-01 03:00:00,60.25346970996162,0.834897578203058,220.38578002377017,0.0
2023-07-01 04:00:00,62.17880325054694,1.411408683833073,218.71809170729722,0.0
2023-07-01 05:00:00,63.31771727906042,1.0608340107215448,216.92343411573873,0.0
2023-07-01 06:00:00,58.891338491432194,1.4391883814870614,219.66969175394325,0.0
2023-07-01 07:00:00,65.14248040475493,1.3763492801520023,223.0726351476361,0.0
2023-07-01 08:00:00,64.25278446604088,1.3113435953266837,217.08284718430804,0.0
2023-07-01 09:00:00,59.981318296065275,1.3225768143526366,220.2387845007884,0.0
2023-07-01 10:00:00,66.21263859583199,1.0769372235852583,221.59515412652846,0.0
2023-07-01 11:00:00,67.14761823407288,1.571570030258133,224.6000613702889,0.0
2023-07-01 12:00:00,65.68110343659467,1.2086250861906098,219.01413403510662,0.0
2023-07-01 13:00:00,64.0277954743731,1.2603863370237407,218.73599879079137,0.0
2023-07-01 14:00:00,66.77432645525556,1.070184733286672,217.66661560812148,0.0
2023-07-01 15:00:00,67.04066108143007,1.013766947844608,222.28103266969245,0.0
2023-07-01 16:00:00,65.92221070915906,1.2954592017618847,218.26517134152186,0.0
2023-07-01 17:00:00,62.52616324869572,1.2435026991877571,219.2588071364493,0.0
2023-07-01 18:00:00,65.82980229653354,1.0421295268194846,216.3021242452575,0.0
2023-07-01 19:00:00,68.58644195247643,0.9123146562449191,221.76794368535704,0.0
2023-07-01 20:00:00,63.21011282416481,0.9460153825344906,222.31651656155606,0.0
2023-07-01 21:00:00,71.2938180173973,1.4392267434182213,221.69155012716874,0.0
2023-07-01 22:00:00,63.423107198043844,1.0773492370699858,216.78934943729257,0.0
2023-07-01 23:00:00,65.09722104002041,1.1322182908648333,221.2143020815586,0.0
2023-07-02 00:00:00,62.98254321198099,1.4900680517518123,216.654659230552,0.0
2023-07-02 01:00:00,65.66981250776078,0.975569887702717,220.11608060412848,0.0
2023-07-02 02:00:00,59.77333492209417,1.0546010348565886,220.4101551599676,0.0
2023-07-02 03:00:00,63.361874603549836,1.0462466342878614,220.62036643621653,0.0
2023-07-02 04:00:00,61.7236363989543,1.5236136962332079,221.06927306527493,0.0
2023-07-02 05:00:00,65.40601504367687,1.5986767001164828,219.98393279288146,0.0
2023-07-02 06:00:00,67.98334212652672,1.3503126450804341,216.0751409745429,0.0
2023-07-02 07:00:00,66.93801856134365,1.356676944830848,221.07024201759907,0.0
2023-07-02 08:00:00,57.88502191742332,1.0839289994294536,220.1952162822555,0.0
2023-07-02 09:00:00,71.12620895878364,1.5894656973808565,218.19476041725753,0.0
2023-07-02 10:00:00,65.8858398218626,1.2535392508717322,216.86120515772677,0.0
2023-07-02 11:00:00,62.670502578520995,1.370622052889948,223.08004437184871,0.0
2023-07-02 12:00:00,65.47138375697283,1.178895012245809,222.46260107658136,0.0
2023-07-02 13:00:00,65.52856946750808,1.146393482534478,221.4119148146149,0.0
2023-07-02 14:00:00,62.99945384914531,1.5326084519192236,218.64740017753059,0.0
2023-07-02 15:00:00,65.59375000202623,1.3079447359476615,214.96600889557698,0.0
2023-07-02 16:00:00,63.17758313713908,1.4902750922140764,221.52935835087047,0.0
2023-07-02 17:00:00,63.78691402192993,1.2510656343490087,220.73337354771016,0.0
2023-07-02 18:00:00,62.94116259273475,1.0303266927153818,219.25067538185564,0.0
2023-07-02 19:00:00,60.701986130781044,1.0833314134243024,222.24961261339575,0.0
2023-07-02 20:00:00,65.43750941064616,1.2205930484929222,221.6959950679257,0.0
2023-07-02 21:00:00,66.75589830954901,1.0746999567913347,220.35219097646169,0.0
2023-07-02 22:00:00,66.54465078822912,0.9785077182744618,220.07011683574223,0.0
2023-07-02 23:00:00,67.4597757579057,1.440283406357405,220.10193543519935,0.0
2023-07-03 00:00:00,65.9730206300446,1.0910259858352975,221.3598797456695,0.0
2023-07-03 01:00:00,63.40182350534929,1.227638549558264,218.285047306914,0.0
2023-07-03 02:00:00,67.51899159329356,1.2592267179771208,220.85196624357008,0.0
2023-07-03 03:00:00,60.92744738047419,1.0823693749358863,218.1588181110608,0.0
2023-07-03 04:00:00,62.29798585246256,1.490159893261748,222.67311034350448,0.0
2023-07-03 05:00:00,62.107399785730266,0.9765716477590773,221.06425714315046,0.0
2023-07-03 06:00:00,68.24016817741793,1.252325052716154,218.62354347672215,0.0
2023-07-03 07:00:00,67.82836554242023,1.2492235412753168,220.16119164805949,0.0
2023-07-03 08:00:00,66.46191571113498,1.1891490794271704,218.29242723994392,0.0
2023-07-03 09:00:00,68.21578959563539,0.9406174773456034,223.0082256754016,0.0
2023-07-03 10:00:00,62.362151652764034,1.3741635103726928,223.24575196894241,0.0
2023-07-03 11:00:00,66.04578535958294,1.3487021340669192,221.3924473651257,0.0
2023-07-03 12:00:00,64.6244767148505,1.0648862942817567,223.11331313530914,0.0
2023-07-03 13:00:00,67.54064631165474,1.3414974414410723,220.303591897745,0.0
2023-07-03 14:00:00,64.6543273023434,1.2749815372601552,221.5270251343496,0.0
2023-07-03 15:00:00,63.84517133476976,0.9438775709277782,222.4494490438195,0.0
2023-07-03 16:00:00,66.62272555568298,1.0292142170857286,219.98851280896815,0.0
2023-07-03 17:00:00,67.6285075015737,1.4276562889779159,220.14220771463468,0.0
2023-07-03 18:00:00,62.99496441545959,1.26188323702841,221.8673132028578,0.0
2023-07-03 19:00:00,64.81677298594288,1.0871394108378747,221.292995931192,0.0
2023-07-03 20:00:00,61.824678099075044,1.0283048217654716,218.48907855959789,0.0
2023-07-03 21:00:00,57.50581694752118,1.0969212403769157,215.62634125745706,0.0
2023-07-03 22:00:00,65.6013788942412,1.111104094024459,219.6489438748059,0.0
2023-07-03 23:00:00,66.8267160687639,1.0308073934741495,215.80617164154964,0.0
2023-07-04 00:00:00,65.78620042726018,0.8516471775233394,218.01796532778891,0.0
2023-07-04 01:00:00,59.151314846736895,1.4280026572801572,218.25142608559923,0.0
2023-07-04 02:00:00,63.947451709770576,1.3941267345222885,218.86271537811976,0.0
2023-07-04 03:00:00,58.344956719846756,0.945348909638628,221.6408762883271,0.0
2023-07-04 04:00:00,69.10910332296255,1.2272622591127336,222.07535908146053,0.0
2023-07-04 05:00:00,61.741836253645744,1.0195523594570466,221.01748143961441,0.0
2023-07-04 06:00:00,68.76621082837968,1.1476865553546929,221.2650139521236,0.0
2023-07-04 07:00:00,67.83760893105244,1.1310466840252686,221.31224091273728,0.0
2023-07-04 08:00:00,62.298228942391816,1.1144331568564254,215.00634001755816,0.0
2023-07-04 09:00:00,61.601645146196766,1.6005894168152572,220.02039536401423,0.0
2023-07-04 10:00:00,66.05111064915901,1.1119348630647619,216.40708255765998,0.0
2023-07-04 11:00:00,62.46702788845079,1.038347234986615,221.0182789513431,0.0
2023-07-04 12:00:00,65.30745392647462,1.0474837141005904,215.8137837053606,0.0
2023-07-04 13:00:00,63.55151722757925,1.408755391280351,219.6391229292986,0.0
2023-07-04 14:00:00,59.6565247566031,0.8695795336614129,221.09553955203918,0.0
2023-07-04 15:00:00,58.308595942626624,1.047475416712896,217.76448410336738,0.0
2023-07-04 16:00:00,65.68005274548379,1.4893645680223067,221.92343192102643,0.0
2023-07-04 17:00:00,63.31532676100812,1.2487972375995293,221.01324433990348,0.0
2023-07-04 18:00:00,63.3407305492576,1.2383844010072227,220.76164939167583,0.0
2023-07-04 19:00:00,67.08759151728135,1.6264292920287402,221.39600317502106,0.0
2023-07-04 20:00:00,68.52032682989733,1.2492695905896998,219.2815998244667,0.0
2023-07-04 21:00:00,64.18236583591457,1.0583627677280836,220.3038377275136,0.0
2023-07-04 22:00:00,63.97820387927042,1.1435845886247302,220.0201031444684,0.0
2023-07-04 23:00:00,66.50042909934164,0.9729135381938863,219.97490211076772,0.0
2023-07-05 00:00:00,60.929193290901274,1.4511874080031393,218.65593784670585,0.0
2023-07-05 01:00:00,65.6694591642431,1.314912343507343,217.5149357705546,0.0
2023-07-05 02:00:00,66.65565791546646,1.4248828299941778,219.32628330142106,0.0
2023-07-05 03:00:00,67.04069062525289,1.442596785709874,219.21610418561147,0.0
2023-07-05 04:00:00,59.189741892492606,1.1171578438144933,218.52653802496621,0.0
2023-07-05 05:00:00,62.71593419057318,1.011049429598222,221.70410756362006,0.0
2023-07-05 06:00:00,62.3652102415296,1.1896573777383908,217.65558676428878,0.0
2023-07-05 07:00:00,65.29966086322764,1.0254477858422923,219.65698168221752,0.0
2023-07-05 08:00:00,66.44223373930396,1.232991375081805,222.3326794231225,0.0
2023-07-05 09:00:00,69.49013122233795,1.4264193761669377,221.8182587051991,0.0
2023-07-05 10:00:00,63.51510355889578,1.1663720707901666,222.43258777019457,0.0
2023-07-05 11:00:00,63.50728250507236,1.2299990179815479,218.81843884525153,0.0
2023-07-05 12:00:00,68.44901605663624,1.1812308767553266,221.56857625145543,0.0
2023-07-05 13:00:00,65.88973081559091,1.3605455144875396,217.87405920604374,0.0
2023-07-05 14:00:00,68.80295453356392,1.066443521142342,219.44825208836693,0.0
2023-07-05 15:00:00,65.86618400902951,0.7607107476713801,219.63648837843962,0.0
2023-07-05 16:00:00,61.52865014386019,1.294173771875076,218.84831957560397,0.0
2023-07-05 17:00:00,61.00061493566658,1.3975668842615987,219.27637202383096,0.0
2023-07-05 18:00:00,60.345463252823215,1.2892748489517072,219.0132481450053,0.0
2023-07-05 19:00:00,66.98615550427542,1.0719539009063972,218.0352123777966,0.0
2023-07-05 20:00:00,68.56579046926103,0.9729975803627862,221.7128270120116,0.0
2023-07-05 21:00:00,70.54808642415914,1.2988995063560642,219.63509999425145,0.0
2023-07-05 22:00:00,67.52931599696971,1.2282957905869347,220.40287308783456,0.0
2023-07-05 23:00:00,68.48851573260495,1.174841474468334,220.3275537423857,0.0
2023-07-06 00:00:00,63.259951002038946,1.5644926685987581,220.10945285022004,0.0
2023-07-06 01:00:00,61.53075254976843,1.0106399811637337,220.18560909211286,0.0
2023-07-06 02:00:00,67.55023799725267,1.555007404225493,219.38916555993796,0.0
2023-07-06 03:00:00,66.2530422567182,1.206356780974128,222.83679373702972,0.0
2023-07-06 04:00:00,65.32233312302267,0.832885904625825,221.52148952327073,0.0
2023-07-06 05:00:00,66.16211444189896,1.1641594691361719,220.03676406554203,0.0
2023-07-06 06:00:00,65.96955644737461,1.3918992153198881,219.10589112806787,0.0
2023-07-06 07:00:00,68.85145057956069,1.1269889934390058,219.76235831454184,0.0
2023-07-06 08:00:00,68.88495675445087,0.9050442917523209,220.83524303274348,0.0
2023-07-06 09:00:00,66.63266105702104,1.1670970936407659,222.9998801850726,0.0
2023-07-06 10:00:00,67.53740861768878,1.0285655252216588,217.25390491066992,0.0
2023-07-06 11:00:00,66.54218765727433,1.2983628802175924,221.31954951728355,0.0
2023-07-06 12:00:00,63.61649080389614,1.3546799632135222,222.25344727355727,0.0
2023-07-06 13:00:00,67.26969402473942,0.9887459184503787,217.02656306018955,0.0
2023-07-06 14:00:00,60.816514793422215,1.05883918897687,219.63769824653744,0.0
2023-07-06 15:00:00,68.16167465688766,1.3513284930213876,217.87096405383392,0.0
2023-07-06 16:00:00,61.41643118070189,1.0282311443402081,220.86105922335406,0.0
2023-07-06 17:00:00,65.8574098603842,0.9835683728344009,219.2832981352889,0.0
2023-07-06 18:00:00,62.46453812472152,0.964261773640749,219.73972186623976,0.0
2023-07-06 19:00:00,66.66016694922328,1.270407722591624,219.17788838544305,0.0
2023-07-06 20:00:00,64.89822432221628,1.2618315439034928,221.44032686553655,0.0
2023-07-06 21:00:00,60.21573212551,1.0631907939241916,220.45806592119627,0.0
2023-07-06 22:00:00,66.26209889305544,1.2010170792256467,220.4618535280793,0.0
2023-07-06 23:00:00,63.26623766950187,1.5054264768310262,220.3212436501629,0.0
2023-07-07 00:00:00,67.6434401624401,1.0051879686163556,221.14498176090427,0.0
2023-07-07 01:00:00,65.00397706620322,0.8096514781979101,219.47605629028735,0.0
2023-07-07 02:00:00,66.18626295616411,1.291015115144074,223.40154957508184,0.0
2023-07-07 03:00:00,62.127293134954364,1.1779197672196822,217.53041049756297,0.0
2023-07-07 04:00:00,63.23200330571792,1.0579949826369797,216.5481631036607,0.0
2023-07-07 05:00:00,63.624084091696744,1.3304160474709816,216.38263886278284,0.0
2023-07-07 06:00:00,67.57010744072767,1.367845028933758,215.84082376141512,0.0
2023-07-07 07:00:00,70.03213126341647,0.7583443960239814,221.3463396296405,0.0
2023-07-07 08:00:00,62.58448474477137,1.0694804181337023,221.10273539856527,0.0
2023-07-07 09:00:00,68.23054443397304,1.663503246239371,222.41555298355118,0.0
2023-07-07 10:00:00,58.490967746822896,1.3166809831596382,217.88672357058897,0.0
2023-07-07 11:00:00,61.41743179672313,1.33522072765943,221.490922909491,0.0
2023-07-07 12:00:00,62.123664631439674,1.4345788557262957,220.1136481242986,0.0
2023-07-07 13:00:00,60.94247393167783,1.2034137650399452,220.3331729983117,0.0
2023-07-07 14:00:00,60.24923483063726,1.359336832018324,221.25124579069922,0.0
2023-07-07 15:00:00,66.2389967364134,1.3436124087674404,218.4874364978751,0.0
2023-07-07 16:00:00,64.35779690681642,1.3078082993505518,225.17449827080898,0.0
2023-07-07 17:00:00,66.13821619281534,1.135597605876519,222.66376060855072,0.0
2023-07-07 18:00:00,67.07141805836454,1.2344117844732518,218.9365880920093,0.0
2023-07-07 19:00:00,65.7968509795176,1.0823276871386442,217.81852388455331,0.0
2023-07-07 20:00:00,66.97328952845112,1.202562860913299,219.82419167639063,0.0
2023-07-07 21:00:00,64.7914031412732,0.9663018215801465,220.3645168871641,0.0
2023-07-07 22:00:00,61.43901983508277,1.0418752017454094,222.13123051941662,0.0
2023-07-07 23:00:00,68.17344254246238,1.1435375916150141,217.66255817686334,0.0
2023-07-08 00:00:00,63.23266360165662,1.0112589137139847,220.57097388639832,0.0
2023-07-08 01:00:00,62.19321110371272,1.0989965458509647,216.94196995117042,0.0
2023-07-08 02:00:00,64.46624637258681,1.1672148046488968,220.87271518682223,0.0
2023-07-08 03:00:00,62.26156724211046,1.2804524689328753,219.7849915590839,0.0
2023-07-08 04:00:00,63.7477088540317,1.3898514603705818,223.87335952457153,0.0
2023-07-08 05:00:00,66.0321617646904,1.1072431257243784,216.90799491156065,0.0
2023-07-08 06:00:00,66.04502521773838,1.4670209234537248,222.7412167629802,0.0
2023-07-08 07:00:00,62.30650980072311,1.3877222157250986,216.59233732966757,0.0
2023-07-08 08:00:00,63.53688388115376,1.3008187663887882,217.34557945118698,0.0
2023-07-08 09:00:00,68.22299901431073,1.2307298258593238,216.64581088305567,0.0
2023-07-08 10:00:00,66.48920035320182,1.2638241683737081,220.5007052169021,0.0
2023-07-08 11:00:00,71.22519511804562,1.4374102301332763,217.65260237849253,0.0
2023-07-08 12:00:00,68.54038452122458,1.4447159319518548,217.30333698943892,0.0
2023-07-08 13:00:00,68.43287920567981,1.4669893456767287,220.40553520324676,0.0
2023-07-08 14:00:00,60.836394348632595,1.2082653663754006,220.9035507717494,0.0
2023-07-08 15:00:00,67.29158105490026,1.3109934329997226,220.07969860830065,0.0
2023-07-08 16:00:00,64.84067959490926,1.4687093013244104,219.6755617019569,0.0
2023-07-08 17:00:00,63.34705458938525,1.0752567930167214,223.65781926487435,0.0
2023-07-08 18:00:00,65.50404602159759,1.1363166292563391,220.29167253248394,0.0
2023-07-08 19:00:00,67.83563460383445,1.2032073326026955,221.6113829478445,0.0
2023-07-08 20:00:00,66.50249477301263,1.3799197475958813,220.28584425137993,0.0
2023-07-08 21:00:00,62.36457859597382,1.3830344301437245,217.80424742349064,0.0
2023-07-08 22:00:00,67.22737674077786,1.153827177760413,221.09977536380404,0.0
2023-07-08 23:00:00,63.08723737377211,0.8982781091240579,218.6884053770604,0.0
2023-07-09 00:00:00,65.65004935689286,1.2492367888591933,219.81802772392152,0.0
2023-07-09 01:00:00,64.0899497975686,1.0163367725343198,220.61080536378685,0.0
2023-07-09 02:00:00,64.34340124479313,0.9020127590719554,216.11716386622672,0.0
2023-07-09 03:00:00,67.29872892512152,0.9472256878532566,216.78099575221654,0.0
2023-07-09 04:00:00,61.879418840552304,1.2652762015691121,221.81891834499513,0.0
2023-07-09 05:00:00,70.8355852228308,1.4722074721865614,218.6725071068021,0.0
2023-07-09 06:00:00,59.53674179211651,1.2077789032472488,218.7673560217823,0.0
2023-07-09 07:00:00,63.20699695023543,1.242276130929193,220.33287679474165,0.0
2023-07-09 08:00:00,66.11063566982523,1.436578987775585,219.22865480575626,0.0
2023-07-09 09:00:00,66.75294249930593,0.891109018183289,220.83517676328557,0.0
2023-07-09 10:00:00,64.69857283828489,1.3040352843200542,219.89775642253392,0.0
2023-07-09 11:00:00,64.82782789099538,1.1976820431362356,220.3972059003609,0.0
2023-07-09 12:00:00,66.23165025598286,1.3132114917664133,218.5962832195155,0.0
2023-07-09 13:00:00,64.30679156762696,1.1033032183192368,220.38718964656186,0.0
2023-07-09 14:00:00,69.17954377380472,1.0364125419147034,222.2101781736709,0.0
2023-07-09 15:00:00,67.5180473426948,1.228101780857121,218.8645035677716,0.0
2023-07-09 16:00:00,67.6184730530169,1.5298382646668922,221.8306366005443,0.0
2023-07-09 17:00:00,62.10152982988875,1.3721820209082924,219.8968793633547,0.0
2023-07-09 18:00:00,64.7618347267829,1.0984614459639817,221.4689633119559,0.0
2023-07-09 19:00:00,64.09860215383789,0.931805592803744,220.25754263670623,0.0
2023-07-09 20:00:00,61.9831958729316,0.8635865432604428,219.93317815980416,0.0
2023-07-09 21:00:00,66.0804925518373,1.4632198903700964,220.69945936415274,0.0
2023-07-09 22:00:00,63.38706272666055,1.0089835423728344,222.4271951246045,0.0
2023-07-09 23:00:00,66.96621148955072,1.1348973174010126,220.47219458843014,0.0
2023-07-10 00:00:00,61.789425311317004,1.4642422252155152,220.9570616618168,0.0
2023-07-10 01:00:00,70.15712183852546,0.8772197089042015,219.26303017284658,0.0
2023-07-10 02:00:00,62.31100202422382,1.4984529018950117,223.14177294799006,0.0
2023-07-10 03:00:00,65.65790701160131,1.1492719092214996,221.28067422185936,0.0
2023-07-10 04:00:00,67.3755779311642,0.9702833369522522,220.15541692005002,0.0
2023-07-10 05:00:00,63.28807870939966,1.1505298145702174,219.75469265549066,0.0
2023-07-10 06:00:00,67.55740593029886,1.0554806437197044,221.95581653854623,0.0
2023-07-10 07:00:00,61.31244920659875,1.2881639597811432,218.78759184590947,0.0
2023-07-10 08:00:00,69.35635309754768,1.0703735132224443,216.43424996745733,0.0
2023-07-10 09:00:00,65.04244779489727,0.8176715578161913,220.14479919884892,0.0
2023-07-10 10:00:00,63.21076577609336,1.1558874931182022,222.3800091462287,0.0
2023-07-10 11:00:00,64.10245468271769,0.9286909895426921,223.18261762236935,0.0
2023-07-10 12:00:00,67.42675780817815,1.240863976797664,219.78541211313225,0.0
2023-07-10 13:00:00,63.24663412444868,0.9625739335433351,220.08717532788356,0.0
2023-07-10 14:00:00,62.75192693173167,1.1023974393655829,221.0390608650319,0.0
2023-07-10 15:00:00,64.33539020724879,1.2365175608428671,219.47130116227248,0.0
2023-07-10 16:00:00,61.469113661690095,1.1575082549931461,221.0328118967823,0.0
2023-07-10 17:00:00,70.46163172382545,1.250086056600209,219.82919649786348,0.0
2023-07-10 18:00:00,63.30081622635583,1.3360574331435513,222.02273651438037,0.0
2023-07-10 19:00:00,67.49485035854121,0.9684132600537387,221.44596102619565,0.0
2023-07-10 20:00:00,65.62841025094332,1.1871204918750584,221.62045566460486,0.0
2023-07-10 21:00:00,62.04639784855409,0.5340992404983741,219.5893647103958,0.0
2023-07-10 22:00:00,64.98213587236181,1.2494666603365048,223.85185464100454,0.0
2023-07-10 23:00:00,67.35200833793225,1.1398371739250315,220.96782388475896,0.0
2023-07-11 00:00:00,64.43521599474109,1.0033100473044056,220.49458810697365,0.0
2023-07-11 01:00:00,68.57933883755308,1.2631438844593048,218.47811403886607,0.0
2023-07-11 02:00:00,68.0645461783456,1.4345395154370135,219.8058563597029,0.0
2023-07-11 03:00:00,67.75674456397499,1.1047964504802112,220.22875952140527,0.0
2023-07-11 04:00:00,63.62102968318101,1.011037101951656,218.4246454071514,0.0
2023-07-11 05:00:00,61.76047265665554,1.2330050524877423,219.41536570846182,0.0
2023-07-11 06:00:00,63.159237183911614,0.9328786666707278,219.66839996379397,0.0
2023-07-11 07:00:00,65.58872282200016,1.0679237258928922,220.11184132184644,0.0
2023-07-11 08:00:00,66.63736014059707,1.4444804323301004,216.47458601991679,0.0
2023-07-11 09:00:00,58.48528578571866,1.2124358459624576,219.72945891859146,0.0
2023-07-11 10:00:00,64.97566039516475,0.8241066072107667,219.24530763384013,0.0
2023-07-11 11:00:00,65.47426767596956,0.8406016705441197,219.9582317007502,0.0
2023-07-11 12:00:00,64.16736723105335,1.232417138529355,222.07055313236052,0.0
2023-07-11 13:00:00,68.87382151704763,1.3724781151835375,224.1047909842424,0.0
2023-07-11 14:00:00,66.26534022275261,0.8764757082747698,221.35675439928926,0.0
2023-07-11 15:00:00,68.93057572424269,1.2899425214993017,217.53115565586734,0.0
2023-07-11 16:00:00,64.3521184389493,1.4660687014979437,219.30918609633494,0.0
2023-07-11 17:00:00,67.81243247752077,1.5775717975917276,221.19192661766218,0.0
2023-07-11 18:00:00,69.90519918358255,1.2662445519719752,220.96658099285804,0.0
2023-07-11 19:00:00,68.93508034781799,1.3013605189104949,221.97465147090614,0.0
2023-07-11 20:00:00,61.7235752197138,0.7733631144743711,219.8052980114188,0.0
2023-07-11 21:00:00,64.23897176737286,1.6199505095991977,219.27299951126898,0.0
2023-07-11 22:00:00,63.96450588365061,1.0849019573807757,223.50484800783207,0.0
2023-07-11 23:00:00,66.46776360522898,1.0133057683149918,220.11734120673927,0.0
2023-07-12 00:00:00,67.0590606650436,1.148958773112075,217.96665124795777,0.0
2023-07-12 01:00:00,62.48332197792279,1.5023346828370863,222.95026731406585,0.0
2023-07-12 02:00:00,65.20351554175082,1.6416092095087096,217.00780901721112,0.0
2023-07-12 03:00:00,58.94021800353159,1.2250817358951689,213.0099095550228,0.0
2023-07-12 04:00:00,69.32583501740567,1.399616834520731,221.53877351607514,0.0
2023-07-12 05:00:00,63.462877277969916,1.2086408097371006,221.82140194204925,0.0
2023-07-12 06:00:00,65.16759181953348,0.9924409053963632,220.82802588388938,0.0
2023-07-12 07:00:00,64.07105085803582,1.4953487341576581,217.3950878320159,0.0
2023-07-12 08:00:00,68.43808272504025,1.0755745039287221,219.88226028951536,0.0
2023-07-12 09:00:00,56.48748067580786,1.5071061546743765,219.44366285289226,0.0
2023-07-12 10:00:00,64.95016897302227,1.4597082659538168,218.9254219782152,0.0
2023-07-12 11:00:00,64.68254372750691,1.3228072527914416,222.82413886161856,0.0
2023-07-12 12:00:00,63.63909083722495,1.5657949512508706,217.90666788273663,0.0
2023-07-12 13:00:00,70.17867963690689,1.6464692066371476,220.6322089062128,0.0
2023-07-12 14:00:00,62.338011623432685,1.1649513274071377,222.38809396732515,0.0
2023-07-12 15:00:00,67.31538853170699,1.0382411763167136,220.76288305063807,0.0
2023-07-12 16:00:00,66.06875836611825,0.8271460325487054,222.48223674499076,0.0
2023-07-12 17:00:00,68.78455775760655,1.6489364510860511,221.12742944485785,0.0
2023-07-12 18:00:00,62.998432745667486,1.11206359821631,220.85869934098406,0.0
2023-07-12 19:00:00,62.80109330262872,1.427007371420348,220.7336697376643,0.0
2023-07-12 20:00:00,68.2882097224322,1.0517489264981033,221.2268865333003,0.0
2023-07-12 21:00:00,66.27596392499034,1.507653128182407,219.22892180517547,0.0
2023-07-12 22:00:00,60.365187959969724,1.0599764816369173,217.39625229625443,0.0
2023-07-12 23:00:00,63.382084956610186,0.9616561732765313,221.9080868229266,0.0
2023-07-13 00:00:00,66.15914796154418,1.15829871380925,222.32348460101153,0.0
2023-07-13 01:00:00,67.51329266463976,1.0936448598076725,220.50395762181208,0.0
2023-07-13 02:00:00,62.962308040421135,1.3192599570922425,218.90324876073126,0.0
2023-07-13 03:00:00,56.257232030549176,1.1897210145614951,216.8845657669407,0.0
2023-07-13 04:00:00,66.5696695572111,1.3255404789103842,220.17161419984677,0.0
2023-07-13 05:00:00,61.339037930168075,1.141795705382941,217.30209931056405,0.0
2023-07-13 06:00:00,58.947983605632764,1.066978525796239,217.02202499472415,0.0
2023-07-13 07:00:00,56.50302222504757,1.0832878904207852,219.95853694396862,0.0
2023-07-13 08:00:00,67.44194258059322,1.6089877596062052,218.47246099762398,0.0
2023-07-13 09:00:00,65.3858523512149,1.245034186445387,220.69061911232953,0.0
2023-07-13 10:00:00,64.32303085786324,0.803247558109391,219.68140879487626,0.0
2023-07-13 11:00:00,69.16707308888829,1.0959581973091836,218.78673086755478,0.0
2023-07-13 12:00:00,66.91197404906922,1.219373206495175,216.59016983854207,0.0
2023-07-13 13:00:00,69.84890012816575,1.5690799362500758,218.29422374833928,0.0
2023-07-13 14:00:00,60.82179358349901,1.40573974317798,218.3677270198978,0.0
2023-07-13 15:00:00,64.89634812813811,1.0156564327036168,217.54938465297008,0.0
2023-07-13 16:00:00,60.149859875155954,1.6836711507144901,219.34191140951523,0.0
2023-07-13 17:00:00,64.3118530044336,1.1937679270397044,217.7054960176507,0.0
2023-07-13 18:00:00,64.25415243869996,1.4492659622149888,219.67251450541758,0.0
2023-07-13 19:00:00,66.87984091178922,0.9689983005200195,220.4808224273373,0.0
2023-07-13 20:00:00,65.13669164342569,0.7203673809498203,218.34766009122166,0.0
2023-07-13 21:00:00,66.87022141483975,0.9183137019263278,220.85081725883717,0.0
2023-07-13 22:00:00,67.11032039941668,0.5499333047608588,217.2772842575046,0.0
2023-07-13 23:00:00,71.46478603214942,1.6224178654505816,217.77564520320743,0.0
2023-07-14 00:00:00,64.05411003414163,1.2429065837772832,219.77356540475046,0.0
2023-07-14 01:00:00,62.17693189800086,1.0150711963103936,221.3740821837773,0.0
2023-07-14 02:00:00,65.73825084594922,1.2905248059960241,221.73479908297853,0.0
2023-07-14 03:00:00,62.59315991858137,1.237866807236033,223.22478124431512,0.0
2023-07-14 04:00:00,69.44588230530961,1.3241866791227983,219.24682225036497,0.0
2023-07-14 05:00:00,64.1503458831643,1.4419062802272538,219.7449973626434,0.0
2023-07-14 06:00:00,63.30327089637803,1.1420157693949968,217.934648941964,0.0
2023-07-14 07:00:00,63.58605283654665,1.0240321387798026,217.49246733601797,0.0
2023-07-14 08:00:00,67.15525227041492,1.3655550428743835,220.45714417265506,0.0
2023-07-14 09:00:00,64.52675905030554,1.360466555576893,218.44825700110752,0.0
2023-07-14 10:00:00,63.074999539608854,1.220147161624269,222.46475840003458,0.0
2023-07-14 11:00:00,69.99605575287059,1.6355108377361545,217.07522853626523,0.0
2023-07-14 12:00:00,62.43149047801475,1.1124355754276696,220.9727064116494,0.0
2023-07-14 13:00:00,65.10669822209898,1.0200284056729463,217.98852152236594,0.0
2023-07-14 14:00:00,66.95691845483069,1.2836182855013203,218.35910306645584,0.0
2023-07-14 15:00:00,60.10599466874878,1.0650124286173004,221.07822413050405,0.0
2023-07-14 16:00:00,66.44078150421778,1.299103304828979,218.6482391277842,0.0
2023-07-14 17:00:00,61.83467697355865,1.033398348832112,218.9684318649602,0.0
2023-07-14 18:00:00,67.46834834250201,1.119951543413623,218.37568327289685,0.0
2023-07-14 19:00:00,62.11204696424307,1.578168084007833,223.57005958322688,0.0
2023-07-14 20:00:00,67.07830709554658,1.1188825286504642,218.76502737783997,0.0
2023-07-14 21:00:00,68.31749919888414,1.0402296911965407,220.10310443486551,0.0
2023-07-14 22:00:00,67.58430957689842,1.4341357577413,219.59617279943785,0.0
2023-07-14 23:00:00,65.75394994471431,0.9897916099426612,220.44283412344853,0.0
2023-07-15 00:00:00,64.30609717121091,1.0614113539705863,218.77052610606813,0.0
2023-07-15 01:00:00,63.270741270995465,1.315312224101799,219.5983655309167,0.0
2023-07-15 02:00:00,69.41310407245132,1.3876822847746584,220.78790401798787,0.0
2023-07-15 03:00:00,62.90151433949707,1.4440952782162149,218.27398572399403,0.0
2023-07-15 04:00:00,61.88880177929001,1.050555633555903,222.1786427132563,0.0
2023-07-15 05:00:00,66.99610680509849,1.319201734597224,222.37096103808327,0.0
2023-07-15 06:00:00,62.611589590440516,1.106778360091164,221.21298525231748,0.0
2023-07-15 07:00:00,62.14980950760162,1.0788688732978735,220.13975276719296,0.0
2023-07-15 08:00:00,60.6691872134907,1.440642556458457,214.01879710359094,0.0
2023-07-15 09:00:00,63.551270481618445,1.0900891208280827,220.84858226530892,0.0
2023-07-15 10:00:00,64.75185492831052,1.255640919204196,219.21733918954226,0.0
2023-07-15 11:00:00,65.7292751829821,1.2311158938461277,219.5074511771649,0.0
2023-07-15 12:00:00,67.85391873289845,0.9858491247322995,216.20524533895437,0.0
2023-07-15 13:00:00,66.58069377099739,1.3932185710712641,220.9871769717484,0.0
2023-07-15 14:00:00,64.42738334134046,1.3120561787357907,217.10283790634608,0.0
2023-07-15 15:00:00,64.40541297086084,0.8027418776259158,220.23684909198278,0.0
2023-07-15 16:00:00,66.53047240674555,1.2554842222474687,221.80931496381967,0.0
2023-07-15 17:00:00,68.8177104887857,1.0454053131666758,219.0613436373649,0.0
2023-07-15 18:00:00,65.3789425984496,1.4194150612825256,222.43210345045688,0.0
2023-07-15 19:00:00,63.59260743736877,0.9109200326438482,218.50601924358563,0.0
2023-07-15 20:00:00,62.021401996743364,1.128704606274091,221.20086615346202,0.0
2023-07-15 21:00:00,60.66438420676332,1.272404910197693,217.39042849708295,0.0
2023-07-15 22:00:00,66.99880901613056,1.210868058828375,222.06226086936104,0.0
2023-07-15 23:00:00,66.73393557091867,1.3525916513427942,221.75198076515858,0.0
2023-07-16 00:00:00,66.73209057531999,0.896315602798142,220.93671584592747,0.0
2023-07-16 01:00:00,64.61402166094383,1.5303828673734756,219.21343172677237,0.0
2023-07-16 02:00:00,69.22080423767525,1.3050289317576542,217.19599875314378,0.0
2023-07-16 03:00:00,63.54764451624555,1.4719436426001793,219.2187193695611,0.0
2023-07-16 04:00:00,67.86580771162161,1.3748480338466482,222.22061435149624,0.0
2023-07-16 05:00:00,64.88377131503137,1.1976779771089912,220.25992374313824,0.0
2023-07-16 06:00:00,63.17494770596199,0.9431603578177679,216.8939261409751,0.0
2023-07-16 07:00:00,66.77759092195329,1.0872893637502599,217.7505447211601,0.0
2023-07-16 08:00:00,66.22890835605197,1.5179126665725153,222.50630280170455,0.0
2023-07-16 09:00:00,66.07091827780077,1.4770875563312764,220.97582550425577,0.0
2023-07-16 10:00:00,65.2438352661686,1.076080003979262,217.53199975852016,0.0
2023-07-16 11:00:00,64.8863207548495,0.6363391427595642,216.4683370076508,0.0
2023-07-16 12:00:00,72.16511597861131,1.157462053138976,218.74991573079987,0.0
2023-07-16 13:00:00,68.55276993558851,1.1424594223741766,216.29728258402017,0.0
2023-07-16 14:00:00,67.16848068495653,1.1500454775919233,219.688331019986,0.0
2023-07-16 15:00:00,65.33539747461016,1.3057078403662803,224.9032507436726,0.0
2023-07-16 16:00:00,68.02147160179001,1.3752425158643327,216.80608784860166,0.0
2023-07-16 17:00:00,66.55398432917436,1.3980599094199049,219.62794867358758,0.0
2023-07-16 18:00:00,65.0786142583221,1.2891418280270734,222.6238531506625,0.0
2023-07-16 19:00:00,64.08930702420226,0.8398458596154728,221.4981757166002,0.0
2023-07-16 20:00:00,64.75724798701194,1.1317600534613408,219.70251857040174,0.0
2023-07-16 21:00:00,55.488722792365834,1.660817956709838,219.7073026596636,0.0
2023-07-16 22:00:00,65.63180251789292,1.2748433469604956,217.68818043515085,0.0
2023-07-16 23:00:00,63.53457175966892,1.273563913688773,219.4646884599889,0.0
2023-07-17 00:00:00,69.77800999484865,1.2718971879547716,220.48688142848027,0.0
2023-07-17 01:00:00,65.05803221243526,1.283075924501198,222.21022708654817,0.0
2023-07-17 02:00:00,61.433109741395114,0.7233775637828153,218.7596487529705,0.0
2023-07-17 03:00:00,64.85035953761565,1.1520951366177863,219.62032974387307,0.0
2023-07-17 04:00:00,61.861636744812486,1.1924214336410621,218.10157303848663,0.0
2023-07-17 05:00:00,66.4202222471374,1.4562990798506825,220.450650359081,0.0
2023-07-17 06:00:00,65.87284209301846,1.2095345789244591,221.56755890061794,0.0
2023-07-17 07:00:00,67.8735188933248,0.8706977226796118,221.2592960268598,0.0
2023-07-17 08:00:00,62.62735462491631,1.2860178312343504,217.6596258491153,0.0
2023-07-17 09:00:00,65.10202428868445,1.039235070351451,220.29372641891283,0.0
2023-07-17 10:00:00,60.904934613720094,0.9566428717837164,218.64537494349963,0.0
2023-07-17 11:00:00,67.10448434577414,1.0331681906566839,222.02210003130565,0.0
2023-07-17 12:00:00,66.55661354132036,1.308500845932903,219.6773745544529,0.0
2023-07-17 13:00:00,66.48741506308271,1.4517522479520137,216.96097332351783,0.0
2023-07-17 14:00:00,65.00485709407083,1.2965859890355174,219.56039458878453,0.0
2023-07-17 15:00:00,66.24431867236638,1.3264046447234041,220.91694513839775,0.0
2023-07-17 16:00:00,69.8130173249258,1.2946090545676001,220.4880121262856,0.0
2023-07-17 17:00:00,64.14471722887396,1.2202654353720936,218.97640797269605,0.0
2023-07-17 18:00:00,65.41593555113025,1.3393861269925516,218.8294532202577,0.0
2023-07-17 19:00:00,61.74162110245577,0.7162449065861158,218.02499120356737,0.0
2023-07-17 20:00:00,62.395217115205,1.2222176702609666,219.2105007593294,0.0
2023-07-17 21:00:00,65.29343987927992,0.9910149930755496,218.2886420669484,0.0
2023-07-17 22:00:00,68.31180064010572,1.4325805145088277,221.94017197235462,0.0
2023-07-17 23:00:00,64.23115752724529,1.1705689389566278,218.19772521853676,0.0
2023-07-18 00:00:00,64.29225041206362,1.206189617653566,220.2445689247244,0.0
2023-07-18 01:00:00,63.77934426648687,0.8989856251492392,220.10860780665266,0.0
2023-07-18 02:00:00,63.39572998746703,1.4033661778025703,221.89133489576983,0.0
2023-07-18 03:00:00,65.88491436712647,1.3254656240547618,222.17873657791674,0.0
2023-07-18 04:00:00,60.508227064464066,1.3113895764681005,221.39193988656265,0.0
2023-07-18 05:00:00,68.84281873000018,1.0373954295662355,220.70585668658026,0.0
2023-07-18 06:00:00,63.003733105611616,1.045272031012374,217.90270770781189,0.0
2023-07-18 07:00:00,67.16571045631443,1.244719890889181,217.86225982452348,0.0
2023-07-18 08:00:00,61.190004207818376,1.0611003179503897,218.3086183604701,0.0
2023-07-18 09:00:00,67.00652039163866,1.2869785925354678,221.50384199925583,0.0
2023-07-18 10:00:00,67.01583382344349,0.7678174794466555,220.14665985650126,0.0
2023-07-18 11:00:00,66.15260621601769,1.1024910887186814,221.73731448147112,0.0
2023-07-18 12:00:00,62.01671443460062,1.5593506930852983,222.00560546864017,0.0
2023-07-18 13:00:00,65.74864456879423,1.287897165599153,218.5480961994015,0.0
2023-07-18 14:00:00,61.45083144579684,1.2333587329061986,220.06414865511437,0.0
2023-07-18 15:00:00,64.24171023471145,1.5970453071342714,219.97401264263283,0.0
2023-07-18 16:00:00,68.08823930286597,0.7328092762397127,219.34442462075157,0.0
2023-07-18 17:00:00,67.39010578121223,1.0369377770423784,218.93031429095058,0.0
2023-07-18 18:00:00,65.0455488276213,1.1197653656505222,222.3695110068221,0.0
2023-07-18 19:00:00,62.07558027223148,1.371670246601078,220.10394345343101,0.0
2023-07-18 20:00:00,66.93676313652259,1.3751312726456473,220.02628957711954,0.0
2023-07-18 21:00:00,65.05814371309408,1.0267986582034747,218.3944446502628,0.0
2023-07-18 22:00:00,58.03905320530873,1.39959086442851,221.35042486082702,0.0
2023-07-18 23:00:00,67.34788947894955,1.1193370465356585,217.98978499832398,0.0
2023-07-19 00:00:00,64.92730149839092,1.4423279251298333,220.90981105768935,0.0
2023-07-19 01:00:00,68.60735374394922,0.9934714603755884,220.96445872011031,0.0
2023-07-19 02:00:00,61.714188443471585,1.1753376801867679,219.17496990135285,0.0
2023-07-19 03:00:00,55.469888560412,1.1019665369246878,220.63530416236637,0.0
2023-07-19 04:00:00,65.83725157503555,1.4112060743131427,220.37133911808897,0.0
2023-07-19 05:00:00,65.87469103004592,1.0954437566867656,219.9212787503797,0.0
2023-07-19 06:00:00,59.92798511718065,1.1915102941976488,220.02588796029048,0.0
2023-07-19 07:00:00,62.06450136240018,1.3013622795326099,220.12356364638705,0.0
2023-07-19 08:00:00,73.2656532311597,1.309051696605224,220.2598233453441,0.0
2023-07-19 09:00:00,64.0831681575386,1.3773905214946343,220.1204840626874,0.0
2023-07-19 10:00:00,67.19287692912864,1.2422249553689333,217.79227161957573,0.0
2023-07-19 11:00:00,63.04802051789485,1.1163502169440338,219.6955780979888,0.0
2023-07-19 12:00:00,58.729091303440526,1.1300602509282498,220.52989720239376,0.0
2023-07-19 13:00:00,64.48922525961228,1.2051344630415224,220.1945774570786,0.0
2023-07-19 14:00:00,64.20318631914168,1.2499184952148767,221.90750051879027,0.0
2023-07-19 15:00:00,63.800365283994886,1.1705656704303127,221.2401731789989,0.0
2023-07-19 16:00:00,64.65607749348082,1.2038406841931093,218.25918092989372,0.0
2023-07-19 17:00:00,65.79280481493691,0.8965492278855789,219.6667457838912,0.0
2023-07-19 18:00:00,64.54964914623858,1.3334710568909356,219.37732669310563,0.0
2023-07-19 19:00:00,61.207981496157906,1.236222457777886,219.99130302674564,0.0
2023-07-19 20:00:00,66.45855437468582,1.4003740827082176,219.9940372003226,0.0
2023-07-19 21:00:00,59.151884734032734,1.200032101481417,221.2230433384797,0.0
2023-07-19 22:00:00,58.8489276281474,0.8523204842956427,220.3546567262823,0.0
2023-07-19 23:00:00,67.2175414841047,1.128310762138665,222.4610900104171,0.0
2023-07-20 00:00:00,66.52106081640608,1.1600140153763165,220.48200627532472,0.0
2023-07-20 01:00:00,64.8278139047779,1.3485806610867197,218.33881895932544,0.0
2023-07-20 02:00:00,60.81365448573479,0.7859452910973209,219.06543875966355,0.0
2023-07-20 03:00:00,62.87626717797777,1.208235903389787,221.20757814146353,0.0
2023-07-20 04:00:00,64.2117597569405,1.3027350431586613,216.77166347098864,0.0
2023-07-20 05:00:00,60.21231809427766,1.067702422943696,217.3082391704799,0.0
2023-07-20 06:00:00,62.7829140259303,1.2149256019633694,220.02139441425047,0.0
2023-07-20 07:00:00,66.95699101453003,1.0745926981700311,221.90184423704233,0.0
2023-07-20 08:00:00,69.28191609286765,1.0540854133559219,222.61407086390975,0.0
2023-07-20 09:00:00,63.74169574202435,1.1183160299737365,219.56578850595645,0.0
2023-07-20 10:00:00,67.2694650629483,1.0578616015065978,222.12165737397177,0.0
2023-07-20 11:00:00,59.2578197882376,1.3367236623872665,220.1445358195378,0.0
2023-07-20 12:00:00,66.97835372334083,1.0530096246329244,216.93717003551353,0.0
2023-07-20 13:00:00,62.588154755817555,1.0194179985904146,219.98384692704326,0.0
2023-07-20 14:00:00,65.92203685012392,1.5535857333679066,218.7621837507569,0.0
2023-07-20 15:00:00,64.25674274528087,1.392148002364807,221.83646176095547,0.0
2023-07-20 16:00:00,68.9612420293515,0.8276973278681599,219.94864947929102,0.0
2023-07-20 17:00:00,62.376693054980244,1.0470463420294933,217.44417378688706,0.0
2023-07-20 18:00:00,66.88281889268549,1.2484925943445422,217.00057037818289,0.0
2023-07-20 19:00:00,64.1614776101104,1.2647510134462987,219.9580400851711,0.0
2023-07-20 20:00:00,64.525083565971,0.9019014268526213,215.15956505708058,0.0
2023-07-20 21:00:00,64.44843832052237,1.4317130985644644,218.9636694203442,0.0
2023-07-20 22:00:00,62.46298068651766,1.3650448838363252,220.46206065148567,0.0
2023-07-20 23:00:00,64.95770310227998,1.2963803264080678,217.8859669918893,0.0
2023-07-21 00:00:00,64.81205533363453,1.4713456981424242,221.98797431381067,0.0
2023-07-21 01:00:00,65.72372074522019,1.2904579985141835,222.3820130995014,0.0
2023-07-21 02:00:00,65.25351543707859,1.2897161758503695,217.9665980944961,0.0
2023-07-21 03:00:00,67.39398364883671,1.5115358543644484,219.40391165160702,0.0
2023-07-21 04:00:00,67.7705258481421,1.4202439161455418,221.98938630264294,0.0
2023-07-21 05:00:00,61.84813003451659,1.0316985082176937,219.99738493148982,0.0
2023-07-21 06:00:00,67.60631750177231,1.3266390357343831,217.21104284380195,0.0
2023-07-21 07:00:00,61.440990718670434,1.0671464270082835,219.7133578628713,0.0
2023-07-21 08:00:00,66.7635676644132,1.3008309101900555,218.29414335540832,0.0
2023-07-21 09:00:00,66.85921635410861,1.2953227014039628,222.21639579285178,0.0
2023-07-21 10:00:00,59.26604932501249,0.9233065375088028,221.21186418864917,0.0
2023-07-21 11:00:00,65.27893773958823,1.1756308777377928,219.37248610946875,0.0
2023-07-21 12:00:00,63.59451165991905,1.2530514047160803,220.2842960250601,0.0
2023-07-21 13:00:00,62.723704226193874,1.1127419618011685,217.38375684605504,0.0
2023-07-21 14:00:00,69.05255699209701,1.2629419884781519,218.49244508288479,0.0
2023-07-21 15:00:00,63.03896257808774,1.3611795554002137,223.106558375385,0.0
2023-07-21 16:00:00,62.58086921264585,1.1938813871538487,220.10702930515933,0.0
2023-07-21 17:00:00,65.22708482001528,1.2449198953416518,221.86017160958272,0.0
2023-07-21 18:00:00,67.05676923889524,1.476684815711195,220.46402617681605,0.0
2023-07-21 19:00:00,64.57505424196962,1.2946393166450452,222.62856368605904,0.0
2023-07-21 20:00:00,68.49911163700776,1.2401648579348947,216.00232493480155,0.0
2023-07-21 21:00:00,66.59292698589228,1.0083841240717277,219.623564831962,0.0
2023-07-21 22:00:00,58.465366040805705,1.3342052022777697,223.28956329243277,0.0
2023-07-21 23:00:00,63.41159910947898,1.2660299898783878,221.9123468711213,0.0
2023-07-22 00:00:00,63.314473701944905,1.4567478867402817,222.6507445175804,0.0
2023-07-22 01:00:00,66.43808286028826,1.2093757086606622,219.98647081268703,0.0
2023-07-22 02:00:00,57.12554883087766,0.8367466999732007,218.92578716917322,0.0
2023-07-22 03:00:00,72.64702912615317,0.8599758262343475,217.94567108062415,0.0
2023-07-22 04:00:00,66.59307828468263,1.3471361527519465,217.80614381667698,0.0
2023-07-22 05:00:00,65.44663041175308,1.0859612804603693,221.61412112441704,0.0
2023-07-22 06:00:00,68.54470314925744,1.2873535502220994,221.0264221008417,0.0
2023-07-22 07:00:00,72.03096215843787,1.222846528900471,219.86685310133927,0.0
2023-07-22 08:00:00,67.61223993376521,1.1666320664612158,221.01638130970335,0.0
2023-07-22 09:00:00,67.84643928941486,1.1807277428823553,220.28490351810413,0.0
2023-07-22 10:00:00,65.39207007339314,1.0269220989909547,221.92443540279896,0.0
2023-07-22 11:00:00,64.57542273989915,1.1968444622200658,221.90537350981634,0.0
2023-07-22 12:00:00,63.572613667985294,1.0831013134411203,217.8682517990303,0.0
2023-07-22 13:00:00,62.52166402485637,1.125548695974859,220.54729197493958,0.0
2023-07-22 14:00:00,62.93895770090151,1.1352701910581677,216.66226649961183,0.0
2023-07-22 15:00:00,60.94833210697105,1.1546613460202562,220.2660414761812,0.0
2023-07-22 16:00:00,64.77238564794493,1.3844346913014172,221.20860855940316,0.0
2023-07-22 17:00:00,59.94599726832084,1.1740418341590613,217.3725613104137,0.0
2023-07-22 18:00:00,65.57274957243114,1.4047404673180197,219.16707452907835,0.0
2023-07-22 19:00:00,64.89100817587297,1.5075709902652963,220.0190527544396,0.0
2023-07-22 20:00:00,65.44080589516007,1.37098893021123,220.4678298327468,0.0
2023-07-22 21:00:00,63.433605289940026,1.306893707013702,219.44279259355034,0.0
2023-07-22 22:00:00,74.23058111054151,1.265366441896704,217.65542369519065,0.0
2023-07-22 23:00:00,69.08034770054094,1.373071741810014,219.89198559616148,0.0
2023-07-23 00:00:00,61.266372499745835,1.2178721477192478,216.69551286611804,0.0
2023-07-23 01:00:00,65.6986042622807,1.3969139691914396,219.5347171266357,0.0
2023-07-23 02:00:00,63.17598157118803,1.3228211610579368,219.11725277260615,0.0
2023-07-23 03:00:00,61.95656081987776,1.1280319078439225,219.73146865312117,0.0
2023-07-23 04:00:00,60.9797837866282,1.379170176020561,218.88135604504865,0.0
2023-07-23 05:00:00,66.29665007227776,1.2182960011955137,216.9846383236876,0.0
2023-07-23 06:00:00,62.95585929479128,1.1787735984775367,219.26731335882099,0.0
2023-07-23 07:00:00,67.90347807207561,1.1047601679202026,221.86164025007463,0.0
2023-07-23 08:00:00,67.98134664359132,1.2332037695749145,222.52292160797762,0.0
2023-07-23 09:00:00,69.12174315563435,1.3992925230825968,224.87866855743854,0.0
2023-07-23 10:00:00,62.442839701777686,1.3777880011186074,223.38330081679533,0.0
2023-07-23 11:00:00,66.42609683207603,1.2706787594917912,217.6061241466638,0.0
2023-07-23 12:00:00,66.8973626499269,1.319928728145007,219.18312479745467,0.0
2023-07-23 13:00:00,63.577465474688104,1.4543393583045114,219.95442873032445,0.0
2023-07-23 14:00:00,62.68468412782138,1.1700067417658278,219.8288803315326,0.0
2023-07-23 15:00:00,69.82856199732792,0.9769159992939587,220.13906665979246,0.0
2023-07-23 16:00:00,65.68248762719617,1.4602259704357146,224.81518284309513,0.0
2023-07-23 17:00:00,66.90790325213521,1.0940443495938563,217.8358969084152,0.0
2023-07-23 18:00:00,62.53377196451622,1.061932375331219,218.5729377275714,0.0
2023-07-23 19:00:00,61.342146600433416,0.8407604489330897,223.2876518601782,0.0
2023-07-23 20:00:00,63.291650676523666,1.3142566106328593,218.7680373138303,0.0
2023-07-23 21:00:00,64.62793583783001,0.8757094750895557,220.78716130067144,0.0
2023-07-23 22:00:00,61.807339979547955,1.0499482384616525,222.06931473973643,0.0
2023-07-23 23:00:00,64.97046557404884,1.3176473589030118,220.97299803346405,0.0
2023-07-24 00:00:00,59.9344844357945,1.3443842504816743,220.38353126620498,0.0
2023-07-24 01:00:00,61.639857732590386,1.0696591703563532,221.87722153938796,0.0
2023-07-24 02:00:00,67.01273374483063,1.1731693346015188,218.21386288699006,0.0
2023-07-24 03:00:00,66.81137156083368,1.0254810947187694,219.007273741008,0.0
2023-07-24 04:00:00,63.8243697038394,1.0903206424377634,221.07127517693033,0.0
2023-07-24 05:00:00,61.946707072769144,1.2532430520305813,215.8611214815715,0.0
2023-07-24 06:00:00,61.917789345421966,1.0996706642407084,222.8331676466894,0.0
2023-07-24 07:00:00,63.88019526217606,1.151156991964866,220.60678475039558,0.0
2023-07-24 08:00:00,66.93355547493587,0.9070586636764866,220.3060635055623,0.0
2023-07-24 09:00:00,67.78473707403298,1.4265912329612274,216.7389742447179,0.0
2023-07-24 10:00:00,63.510404793554095,1.302013318634213,217.42678174920053,0.0
2023-07-24 11:00:00,61.539522722045646,1.3585810743674402,219.20283267139828,0.0
2023-07-24 12:00:00,65.803530913599,1.4580850649233725,221.6148597005912,0.0
2023-07-24 13:00:00,62.52939508812245,1.0349574248908566,215.84676797560283,0.0
2023-07-24 14:00:00,63.445242083416396,1.1283211033943952,221.57672960155472,0.0
2023-07-24 15:00:00,68.97582827131112,0.8210331264835578,219.27993735178327,0.0
2023-07-24 16:00:00,67.4813462856973,1.8280845820204474,219.55315305451668,0.0
2023-07-24 17:00:00,65.47392293675435,1.1700829369365247,220.50718588338162,0.0
2023-07-24 18:00:00,61.18424299666183,1.4077455799829823,220.53863447569282,0.0
2023-07-24 19:00:00,65.63418970241197,0.9523677711329082,218.5751428201268,0.0
2023-07-24 20:00:00,68.18797187236258,1.399277685128602,221.24982017693767,0.0
2023-07-24 21:00:00,63.87309900270339,1.571518175329933,215.36120372020713,0.0
2023-07-24 22:00:00,69.05334226996014,1.1879438501944037,219.09916222686468,0.0
2023-07-24 23:00:00,68.87823586855463,0.9978237006820797,220.3073635263538,0.0
2023-07-25 00:00:00,69.99119849643041,1.1722407198108928,219.31010136957104,0.0
2023-07-25 01:00:00,65.91572937959405,0.7546476950085547,216.34617939206802,0.0
2023-07-25 02:00:00,66.76217509941803,1.1924226597956316,221.51605475752095,0.0
2023-07-25 03:00:00,69.24256186499326,1.3641934278625991,217.5032243757459,0.0
2023-07-25 04:00:00,66.34218181120693,1.1928484711252971,219.86497198494342,0.0
2023-07-25 05:00:00,63.49629767662936,1.1431720890622066,220.30606919413523,0.0
2023-07-25 06:00:00,63.654371490416416,1.3055136232224065,220.03965430753072,0.0
2023-07-25 07:00:00,65.71566486132122,1.3208049693899104,222.33802185172763,0.0
2023-07-25 08:00:00,61.12831573416135,0.8680188874989634,219.89347488001263,0.0
2023-07-25 09:00:00,64.57022325390743,1.2177645924557576,220.85491080939389,0.0
2023-07-25 10:00:00,68.28964135469076,1.6871970248458488,219.88819193369753,0.0
2023-07-25 11:00:00,58.42623844650416,0.9329967508703951,221.22591216833254,0.0
2023-07-25 12:00:00,69.60344630538354,1.1829162334333867,222.78699059409504,0.0
2023-07-25 13:00:00,68.36712265610947,1.5883492244103405,220.2750836589444,0.0
2023-07-25 14:00:00,63.62070615250857,1.420835031308735,221.563700715166,0.0
2023-07-25 15:00:00,66.63017248361542,1.0973206638447877,222.9106578697644,0.0
2023-07-25 16:00:00,65.00944318071897,1.2412270759245208,222.71436849394854,0.0
2023-07-25 17:00:00,68.68997110531605,1.1995776640030353,219.22942119277758,0.0
2023-07-25 18:00:00,67.94804942830983,1.0503856391356665,222.07286471149033,0.0
2023-07-25 19:00:00,60.799787830450974,1.1851495785013835,220.4975423200944,0.0
2023-07-25 20:00:00,66.76178724039254,1.144006773438694,222.23445999546783,0.0
2023-07-25 21:00:00,64.38311643907026,1.22254978761535,221.1372691671259,0.0
2023-07-25 22:00:00,65.2484977115543,1.0503233638617933,220.55133615207237,0.0
2023-07-25 23:00:00,62.815484297090556,0.9446763599510677,220.8679441606927,0.0
2023-07-26 00:00:00,70.2444112073625,1.1917438453215259,220.51047591207785,0.0
2023-07-26 01:00:00,68.12018545970773,1.543023643635756,220.58866609027302,0.0
2023-07-26 02:00:00,62.7806865080811,1.2164405852525593,219.68233527883618,0.0
2023-07-26 03:00:00,60.996168179269304,1.133681244213691,219.49655131878495,0.0
2023-07-26 04:00:00,63.842982107066454,1.3508171610076998,223.52634985874533,0.0
2023-07-26 05:00:00,66.30350793827392,1.1683360774809242,220.95505582222236,0.0
2023-07-26 06:00:00,65.72061753183867,1.573606584991822,218.8533901555372,0.0
2023-07-26 07:00:00,68.75939847430473,1.1992174981409842,219.44516513714072,0.0
2023-07-26 08:00:00,67.36975916654255,1.3400994126316326,222.1125169068959,0.0
2023-07-26 09:00:00,67.90870707725873,1.0490791235213455,218.52762657982277,0.0
2023-07-26 10:00:00,65.98056620183131,1.3006178506673325,217.035944636378,0.0
2023-07-26 11:00:00,60.83210380936703,1.2550186953887508,217.1831017187959,0.0
2023-07-26 12:00:00,64.41290440655929,1.1886987750681584,216.54204879959042,0.0
2023-07-26 13:00:00,68.180269219726,1.099648447766056,217.40237028347107,0.0
2023-07-26 14:00:00,64.84543121442606,1.072393966869525,217.63826812039838,0.0
2023-07-26 15:00:00,66.50927110587124,1.2564705327959305,222.77047475921628,0.0
2023-07-26 16:00:00,64.0437550542616,1.3257878219392947,219.90764157468146,0.0
2023-07-26 17:00:00,61.910564454374466,1.1745674407411737,219.27347292172658,0.0
2023-07-26 18:00:00,64.62996780786168,1.2574535858241584,217.11317387396286,0.0
2023-07-26 19:00:00,66.2792550051543,1.24875509254246,219.71374720505733,0.0
2023-07-26 20:00:00,63.73716219372834,1.3323812613191057,216.52534387487162,0.0
2023-07-26 21:00:00,65.349204293599,1.3289250879715973,219.26116565742728,0.0
2023-07-26 22:00:00,63.5900609782674,1.4289466285497179,224.12898877968735,0.0
2023-07-26 23:00:00,70.11829813297399,2.0212982322085558,221.32760715741273,0.0
2023-07-27 00:00:00,66.22930878357393,1.6003550287755695,219.58040367929095,0.0
2023-07-27 01:00:00,71.82305536777292,1.7234255888693073,221.3962472108127,0.0
2023-07-27 02:00:00,72.40314496007343,1.7383089464177321,218.95691364374485,0.0
2023-07-27 03:00:00,67.92587619034181,1.6544788888617148,218.39864451424162,0.0
2023-07-27 04:00:00,65.49578056292133,2.0221781243484744,223.4082592590657,0.0
2023-07-27 05:00:00,62.61554580341971,1.7614855557738867,217.71545069215946,0.0
2023-07-27 06:00:00,64.80924089359567,2.0870672478166794,219.2917575286453,0.0
2023-07-27 07:00:00,65.45596031403642,1.8655529665838935,220.61206656472703,0.0
2023-07-27 08:00:00,74.06498634717325,1.796737890537389,218.1275315884851,0.0
2023-07-27 09:00:00,70.6291639025259,2.1181496641824498,221.30120990726283,0.0
2023-07-27 10:00:00,71.80261638917737,1.8804747794838041,219.3868109507155,0.0
2023-07-27 11:00:00,64.32465246615237,2.2648745238765615,221.3278206551337,0.0
2023-07-27 12:00:00,67.7441288813623,1.9752527758239902,221.17196835950102,0.0
2023-07-27 13:00:00,74.35138017440927,2.206620929116697,219.51397573874834,0.0
2023-07-27 14:00:00,72.90257585827453,2.0404146240753334,223.42131734518196,0.0
2023-07-27 15:00:00,71.9527503611263,2.9479319934298416,218.66932839313313,0.0
2023-07-27 16:00:00,74.4410059490398,2.108644707795047,222.69774094109746,0.0
2023-07-27 17:00:00,78.00598496770323,2.4977373959666047,222.3498664852561,0.0
2023-07-27 18:00:00,72.78757683474096,2.7807735309223407,223.54176441532087,0.0
2023-07-27 19:00:00,74.01092630938265,2.8157278859427572,220.34811207868603,0.0
2023-07-27 20:00:00,74.7327203336587,2.8350571568289937,218.422828576144,0.0
2023-07-27 21:00:00,81.6833711593431,2.657681082919085,224.1535931706591,0.0
2023-07-27 22:00:00,68.5610861363204,3.0476825779997947,219.33059706404728,0.0
2023-07-27 23:00:00,77.26093665000023,3.0164810350618447,218.37291485458894,0.0
2023-07-28 00:00:00,75.21897353541296,2.9326007686025175,219.62042650819038,0.0
2023-07-28 01:00:00,77.61580813629902,2.994595024784755,218.03661856768585,0.0
2023-07-28 02:00:00,74.29548797181864,2.942032371885376,221.0522976502467,0.0
2023-07-28 03:00:00,76.4728232172838,2.877224524410857,218.788663236483,0.0
2023-07-28 04:00:00,79.10606272431197,3.3629231528422223,219.42503166019026,0.0
2023-07-28 05:00:00,86.66267426510335,3.4342725846357993,221.93555772332994,0.0
2023-07-28 06:00:00,80.10016490623437,3.0513471858785226,221.24738642035237,0.0
2023-07-28 07:00:00,75.48397221999298,3.253750009224283,220.03116914513933,0.0
2023-07-28 08:00:00,77.10900264407273,3.31216042713075,220.34174705749396,0.0
2023-07-28 09:00:00,77.37215204104562,3.3906519178434875,220.02451086126308,0.0
2023-07-28 10:00:00,73.69757752436348,3.46638010247808,219.13768986716528,0.0
2023-07-28 11:00:00,78.44634914320554,3.6992314472588133,219.99494667830442,0.0
2023-07-28 12:00:00,81.98721963983142,3.4167537214012427,220.9816832509859,0.0
2023-07-28 13:00:00,76.31814871319214,3.4532658129650735,219.74767574204233,0.0
2023-07-28 14:00:00,83.63840569963065,3.926197187865215,220.83953526046054,0.0
2023-07-28 15:00:00,82.30839488578823,3.6426823192293742,218.3266624431539,0.0
2023-07-28 16:00:00,78.99448313267844,3.538942225059235,218.79221269770858,0.0
2023-07-28 17:00:00,81.12470686263434,3.750861335523688,218.53135899345205,0.0
2023-07-28 18:00:00,86.69637387362732,3.838214805063876,218.8697372564152,0.0
2023-07-28 19:00:00,84.45416456727816,4.271555925826843,222.5743620934122,0.0
2023-07-28 20:00:00,82.63198476751134,4.201866650926052,221.45207758622072,0.0
2023-07-28 21:00:00,82.2446965279903,4.302743559946167,217.8461537626313,0.0
2023-07-28 22:00:00,83.53968636628454,4.29357219325809,220.8749965928169,0.0
2023-07-28 23:00:00,82.126681157159,4.375164227280809,219.21883537470285,0.0
2023-07-29 00:00:00,77.69983598988522,4.104637095810697,218.63523082905687,0.0
2023-07-29 01:00:00,90.49273091470279,4.258871118225078,217.028521068555,0.0
2023-07-29 02:00:00,85.18428485675314,4.1569465148600795,221.94383738764049,0.0
2023-07-29 03:00:00,86.26486433057887,4.369169999526396,217.27227370066572,0.0
2023-07-29 04:00:00,85.24881196163687,4.6044266319897655,219.89607364398026,0.0
2023-07-29 05:00:00,83.56929748515017,4.55086031893428,218.10737750855026,0.0
2023-07-29 06:00:00,85.56898712053396,4.842577853932904,214.6526128264648,0.0
2023-07-29 07:00:00,81.68068895285369,4.408336559864415,213.09131373902326,0.0
2023-07-29 08:00:00,93.66224540965287,4.793005416618522,205.42811367424682,0.0
2023-07-29 09:00:00,83.47956259628211,4.499635214274024,213.1546407697265,0.0
2023-07-29 10:00:00,84.4393124160641,4.8244690966516295,213.32382134404423,0.0
2023-07-29 11:00:00,86.56654633050277,5.010038515497211,213.72276945008693,0.0
2023-07-29 12:00:00,92.10366379427543,4.875409345790086,210.2105347283632,0.0
2023-07-29 13:00:00,88.6350762935626,5.084873208141335,204.76712282424654,0.0
2023-07-29 14:00:00,85.23525458373959,4.839039448526371,209.20998386619337,0.0
2023-07-29 15:00:00,93.05878973015933,4.7545859480226955,207.3443767734234,0.0
2023-07-29 16:00:00,91.84088920430011,5.255067896328547,212.32237210643365,0.0
2023-07-29 17:00:00,91.61530487164936,5.548802046815147,211.02826696494262,0.0
2023-07-29 18:00:00,67.14720272351252,1.0007910119660215,218.67198044455503,1.0
2023-07-29 19:00:00,72.18308570174736,1.4444388360213591,217.1885437111639,0.0
2023-07-29 20:00:00,71.55528468510833,1.2086846817632821,216.56070571981928,0.0
2023-07-29 21:00:00,62.939853970990114,0.9328616956613847,218.59358623974362,0.0
2023-07-29 22:00:00,69.87165497843345,0.9736989397295674,221.7761057080905,0.0
2023-07-29 23:00:00,66.1495045692767,1.20315695467213,218.88585961275535,0.0
2023-07-30 00:00:00,66.49728744841325,1.1191075424151793,220.8009710504829,0.0
2023-07-30 01:00:00,59.92318750507002,0.9374174046483521,218.79388034120407,0.0
2023-07-30 02:00:00,64.48884270383542,0.8611921437549189,221.2777333920577,0.0
2023-07-30 03:00:00,62.5615292289903,1.0306561344146987,219.29649839638267,0.0
2023-07-30 04:00:00,67.48417644467993,1.2387618016662236,217.536231508899,0.0
2023-07-30 05:00:00,68.21324150120842,1.1987198494793723,219.4620938642011,0.0
2023-07-30 06:00:00,58.776540946951066,1.0997524084999843,223.66800083656082,0.0
2023-07-30 07:00:00,64.9338954079872,1.2403774388582964,223.5797686311017,0.0
2023-07-30 08:00:00,68.36558451438276,1.4080053439725375,220.97306660555873,0.0
2023-07-30 09:00:00,64.43996311305966,1.2788253020868297,219.72588236917258,0.0
2023-07-30 10:00:00,67.1871909350071,1.1757382657220838,220.60780360419017,0.0
2023-07-30 11:00:00,66.05349640288125,1.3856144013321376,220.63370467746657,0.0
2023-07-30 12:00:00,66.02498069585788,1.008029939556741,219.9202264952658,0.0
2023-07-30 13:00:00,64.1860550657951,1.1550160920889296,220.88188803984522,0.0
2023-07-30 14:00:00,61.35025758759287,1.1597824128799263,220.41645372430713,0.0
2023-07-30 15:00:00,61.63540955772492,0.9526093483114308,219.36805522927136,0.0
2023-07-30 16:00:00,67.12805754336595,1.1160251675431283,217.60948640123272,0.0
2023-07-30 17:00:00,65.05837476655665,0.7850080638209394,219.07988151555966,0.0
2023-07-30 18:00:00,64.58446326617833,1.5824356095325907,221.59903769814719,0.0
2023-07-30 19:00:00,63.72832987303294,1.0125172423127373,219.93707555100926,0.0
2023-07-30 20:00:00,64.08443346355774,1.5172228262842624,220.600573783175,0.0
2023-07-30 21:00:00,68.14073538346442,1.2076169011438984,219.4339689445912,0.0
2023-07-30 22:00:00,63.99426775439592,1.3129728264311917,217.88080498997874,0.0
2023-07-30 23:00:00,60.9768058600953,1.1022400403298136,219.52274057025636,0.0
2023-07-31 00:00:00,67.23095532662052,1.2415859383923349,217.9550881985013,0.0
2023-07-31 01:00:00,64.38537000840584,1.3300979279976872,217.8274216527929,0.0
2023-07-31 02:00:00,65.09418759659833,1.3329104828788365,222.41127321773882,0.0
2023-07-31 03:00:00,69.82273491919852,1.3549546780148713,219.15982799013156,0.0
2023-07-31 04:00:00,64.93831832794848,1.1263334579921647,218.51703054907992,0.0
2023-07-31 05:00:00,65.86755101935617,1.103928065501729,223.2359193687618,0.0
2023-07-31 06:00:00,61.463229526105025,0.8811647349464793,221.6299700708085,0.0
2023-07-31 07:00:00,64.34099164294712,1.3046438022353872,219.25698154899632,0.0
2023-07-31 08:00:00,66.8285781356258,1.4164757422646885,220.85527265110474,0.0
2023-07-31 09:00:00,60.33387879847627,1.5231963359835858,219.5284233634786,0.0
2023-07-31 10:00:00,65.60253527934712,1.2610345269161014,218.61464064144081,0.0
2023-07-31 11:00:00,65.30237321793442,1.046704045418286,220.94938244897,0.0
2023-07-31 12:00:00,65.12386236676232,0.8605807713421089,219.3513962293596,0.0
2023-07-31 13:00:00,68.11147669597473,1.40833334661667,220.1509960179988,0.0
2023-07-31 14:00:00,66.00331554454556,0.8407446866444928,222.04272646979933,0.0
2023-07-31 15:00:00,69.43421569506933,1.1318791844512466,221.82242620759075,0.0
2023-07-31 16:00:00,62.01923145321789,1.1551386344112708,218.89981341628786,0.0
2023-07-31 17:00:00,65.40777370165505,1.1861089724297962,220.97206320457417,0.0
2023-07-31 18:00:00,65.25340035916985,1.207160520007168,217.7442875077085,0.0
2023-07-31 19:00:00,61.79223651873476,1.227629511273515,220.9008283226314,0.0
2023-07-31 20:00:00,67.86888500627404,0.716927347584294,220.2969906116022,0.0
2023-07-31 21:00:00,71.97401991755845,1.2029311819740254,220.75795872472685,0.0
2023-07-31 22:00:00,64.94898177654851,0.7540848851776245,219.40511049071154,0.0
2023-07-31 23:00:00,66.51506326482131,1.3464436146181988,224.16814254730497,0.0
2023-08-01 00:00:00,65.25355542744599,1.0889749688392776,218.19740058475938,0.0
2023-08-01 01:00:00,62.859245990278474,0.7685926549553299,221.9431034219369,0.0
2023-08-01 02:00:00,59.53771916659395,1.0371590645229247,217.93660336046332,0.0
2023-08-01 03:00:00,62.8826795507139,1.0859849321630692,221.00868834925865,0.0
2023-08-01 04:00:00,60.82412485714481,1.4381399235110008,221.15157995450357,0.0
2023-08-01 05:00:00,70.11230623417735,1.239327548350049,220.10995174312458,0.0
2023-08-01 06:00:00,64.65467091823028,1.268888988870116,219.0093511789126,0.0
2023-08-01 07:00:00,63.96224201285849,1.43624432684412,220.28226978149058,0.0
2023-08-01 08:00:00,67.66746147436342,1.180771142415102,220.53402066686036,0.0
2023-08-01 09:00:00,61.63474669143233,1.3508375922064806,223.57987297261258,0.0
2023-08-01 10:00:00,62.699407885986346,1.3367722227863983,218.2553194293994,0.0
2023-08-01 11:00:00,65.20421680774587,0.9427061012861175,218.888173007372,0.0
2023-08-01 12:00:00,68.08630697427044,1.4945967155259658,220.56947111413868,0.0
2023-08-01 13:00:00,66.50505513550637,0.915939643985861,219.4878924192095,0.0
2023-08-01 14:00:00,65.74497542754764,1.3834733298955695,219.7999179245388,0.0
2023-08-01 15:00:00,65.23435320570805,0.8965853926188734,222.14070367072753,0.0
2023-08-01 16:00:00,66.20070756658032,1.3202473576303346,214.35946699314152,0.0
2023-08-01 17:00:00,65.60495871538777,1.5723829756300345,218.80410130996438,0.0
2023-08-01 18:00:00,61.91008317566919,1.1574042686899577,216.5152615474975,0.0
2023-08-01 19:00:00,65.13823766489945,1.1487288714293706,217.60836712619187,0.0
2023-08-01 20:00:00,61.77893402324674,1.32208799986337,224.80924898414494,0.0
2023-08-01 21:00:00,65.24324762870248,1.1341207088074914,221.1963362679055,0.0
2023-08-01 22:00:00,63.55805617553528,1.5636557407485643,221.90312985011622,0.0
2023-08-01 23:00:00,72.61814486834858,1.2384384498917391,219.83894070042714,0.0
2023-08-02 00:00:00,64.88031684874487,1.1359660983558548,221.51742764966383,0.0
2023-08-02 01:00:00,60.78728130121523,1.0919428944208633,216.4668709849595,0.0
2023-08-02 02:00:00,64.59745936796922,1.0134103059653958,222.0765968235392,0.0
2023-08-02 03:00:00,66.55807623691366,1.074449002648502,218.3603117628802,0.0
2023-08-02 04:00:00,70.02009183845757,1.1298653212682808,218.93736836134818,0.0
2023-08-02 05:00:00,63.23164280018384,1.102472185300284,221.01030214090932,0.0
2023-08-02 06:00:00,60.25271607792908,1.0683649451725792,220.63289351716443,0.0
2023-08-02 07:00:00,67.45051103429294,1.6197682460704879,220.1692400967871,0.0
2023-08-02 08:00:00,60.85820388230105,0.9939809847021019,217.27380769283937,0.0
2023-08-02 09:00:00,63.691533675477544,1.229326517529235,220.19962733764328,0.0
2023-08-02 10:00:00,64.22713854346702,1.3185042019521744,221.92112270696646,0.0
2023-08-02 11:00:00,64.79109964009967,1.3260215991167466,218.9350258078004,0.0
2023-08-02 12:00:00,67.06749337122301,1.1882785848435056,222.6298740906806,0.0
2023-08-02 13:00:00,62.94909715314084,1.151859485630538,218.254616128172,0.0
2023-08-02 14:00:00,64.17881224349972,1.2903094982479013,220.01309578343674,0.0
2023-08-02 15:00:00,64.95718894115184,1.2533043299956401,223.07065546675324,0.0
2023-08-02 16:00:00,65.44879387255637,1.1482082330464973,218.6372001746008,0.0
2023-08-02 17:00:00,65.29348152412376,0.8876242856551138,222.10797096675415,0.0
2023-08-02 18:00:00,66.30801732566773,1.1064152555333504,223.9493047244436,0.0
2023-08-02 19:00:00,67.53151852892522,0.9706899672585084,220.3420881378483,0.0
2023-08-02 20:00:00,66.1779023469529,1.0665680899867347,218.9459660252334,0.0
2023-08-02 21:00:00,66.36075657052766,1.2066446477033919,218.45452239409994,0.0
2023-08-02 22:00:00,60.253330499760565,1.2717472287993232,222.60920540669466,0.0
2023-08-02 23:00:00,65.15068309749704,1.5560905502584812,222.5533883986793,0.0
2023-08-03 00:00:00,66.43852264400482,1.0925187242192371,222.89861824573734,0.0
2023-08-03 01:00:00,67.18682358371134,1.3549251270550302,219.9343232986881,0.0
2023-08-03 02:00:00,62.922947677298616,1.2611920048875673,222.07561388305422,0.0
2023-08-03 03:00:00,63.02288217533407,1.459199534127958,219.90232121774787,0.0
2023-08-03 04:00:00,63.277697974149206,1.3152457439191252,218.23388975678327,0.0
2023-08-03 05:00:00,66.60924169967403,0.9983037145427367,222.2483535702247,0.0
2023-08-03 06:00:00,68.10164316477263,0.8553907941417537,223.26774055655642,0.0
2023-08-03 07:00:00,63.7776196781252,1.2622523399335008,217.95879605443736,0.0
2023-08-03 08:00:00,67.72388694088114,1.0943098004199219,217.92113807419867,0.0
2023-08-03 09:00:00,65.37043942749378,1.0039372508098805,220.07996386846025,0.0
2023-08-03 10:00:00,64.62714266851269,0.9464844590933844,221.912257211482,0.0
2023-08-03 11:00:00,64.36584731054609,1.2321950995174311,217.7323616124921,0.0
2023-08-03 12:00:00,67.23983409380646,1.501541539862673,220.4540314739118,0.0
2023-08-03 13:00:00,65.97673345036121,1.1182655308587917,218.8191460918805,0.0
2023-08-03 14:00:00,71.82747628294291,1.3180540622150645,221.40165819965,0.0
2023-08-03 15:00:00,62.44332607100803,1.1795467299564815,218.4042263570082,0.0
2023-08-03 16:00:00,66.55430510608993,0.9421235821793214,221.54360600054835,0.0
2023-08-03 17:00:00,63.41239697056546,1.3469622687020835,219.68357037836458,0.0
2023-08-03 18:00:00,62.39213903903407,0.9810615911945257,218.12571895263792,0.0
2023-08-03 19:00:00,64.96739858889508,1.2043253261187128,220.1273799108538,0.0
2023-08-03 20:00:00,65.41205743822111,1.131695916998939,216.1240533710233,0.0
2023-08-03 21:00:00,73.75452066518028,1.3786154869131384,218.88181085579012,0.0
2023-08-03 22:00:00,64.44756255295039,0.9883698015058626,220.67480214064932,0.0
2023-08-03 23:00:00,61.60946381154595,1.2781739815603919,216.4564904419362,0.0
2023-08-04 00:00:00,65.81903215248316,1.0320405185302597,214.85772629378917,0.0
2023-08-04 01:00:00,58.77607988736089,1.097778957534243,215.32126536037367,0.0
2023-08-04 02:00:00,64.7241296521872,0.4729599544919795,222.65425711100073,0.0
2023-08-04 03:00:00,65.04807584688548,1.6184197143235817,219.84648197447453,0.0
2023-08-04 04:00:00,67.38380114883563,1.3101113865652463,218.93506921198562,0.0
2023-08-04 05:00:00,67.92086674828354,1.046530502812367,221.89030947133367,0.0
2023-08-04 06:00:00,63.489291143276844,0.9750688623334012,219.1911006350618,0.0
2023-08-04 07:00:00,64.5481579561102,1.1008702494241318,220.53692379973347,0.0
2023-08-04 08:00:00,62.701637508167984,1.3433759069638902,220.05151070184652,0.0
2023-08-04 09:00:00,61.61581233557692,0.8215830148830148,219.05800115849405,0.0
2023-08-04 10:00:00,65.9296843381419,1.1716831161411323,220.5882917677782,0.0
2023-08-04 11:00:00,61.1792433542102,1.5541283744925347,221.54652244284028,0.0
2023-08-04 12:00:00,63.75611929828441,0.9732107328064391,219.63018676596602,0.0
2023-08-04 13:00:00,62.014478120302286,1.216077007752731,219.07888885369076,0.0
2023-08-04 14:00:00,66.64904955887079,1.6406619630515515,219.3149751840011,0.0
2023-08-04 15:00:00,70.40429029779946,1.3264303259381545,215.40417493442854,0.0
2023-08-04 16:00:00,61.09523605159001,1.225184764097091,220.56611909301782,0.0
2023-08-04 17:00:00,59.4409445513073,1.3013272909818006,217.5817774220229,0.0
2023-08-04 18:00:00,64.6253393439498,1.1198269329980595,221.25943744823786,0.0
2023-08-04 19:00:00,65.04709338787328,1.459926257060688,219.81915179864941,0.0
2023-08-04 20:00:00,65.6559779202719,1.1201339954199576,220.21024219306088,0.0
2023-08-04 21:00:00,63.661038454296964,0.8081636782528046,221.4006583412124,0.0
2023-08-04 22:00:00,64.3980821035237,1.121739379211908,218.14695246731813,0.0
2023-08-04 23:00:00,66.10253123162181,1.0066530940246592,220.7384968867019,0.0
2023-08-05 00:00:00,68.12129267793452,1.1437611975605142,220.53524210512532,0.0
2023-08-05 01:00:00,59.13485368904515,1.1481831881838738,219.63043833471443,0.0
2023-08-05 02:00:00,63.89318168290561,1.4394846399609815,218.14362759847293,0.0
2023-08-05 03:00:00,65.6414263818232,1.3390585453328772,221.19047672811033,0.0
2023-08-05 04:00:00,62.246071686167795,1.2526530975150794,221.40690908883863,0.0
2023-08-05 05:00:00,70.1935088953019,1.1994109177334809,220.22720405195577,0.0
2023-08-05 06:00:00,63.09377035931379,0.988228398228401,217.8593951685707,0.0
2023-08-05 07:00:00,64.87612193897814,0.7637649524668644,218.94510193414908,0.0
2023-08-05 08:00:00,66.66806629052687,1.2226320022785566,219.87933455515986,0.0
2023-08-05 09:00:00,63.226145633594314,1.3589282407147318,221.3769890999642,0.0
2023-08-05 10:00:00,59.46028085658675,1.1783332233510821,216.83302119777377,0.0
2023-08-05 11:00:00,63.7140364192504,1.0930291354426598,218.87239307139126,0.0
2023-08-05 12:00:00,68.08832166778112,1.2929004330428424,219.1946548801156,0.0
2023-08-05 13:00:00,63.98931461964458,1.1833335598751304,219.83355684119394,0.0
2023-08-05 14:00:00,62.46069709562306,1.5371488383947922,217.39734943195032,0.0
2023-08-05 15:00:00,67.77701662850816,1.4465456684136568,219.56493444325332,0.0
2023-08-05 16:00:00,64.00767531193084,1.3919016114046658,219.37903287137482,0.0
2023-08-05 17:00:00,63.46951755904935,1.3515468228419807,217.9248162570207,0.0
2023-08-05 18:00:00,65.44836826898992,0.9419665171097085,219.76406483166264,0.0
2023-08-05 19:00:00,67.31225062885636,1.33259874041052,218.917661806429,0.0
2023-08-05 20:00:00,72.14514059519763,1.275265191529315,220.99117228501942,0.0
2023-08-05 21:00:00,67.48170832297227,1.3212849456782325,218.2293448779913,0.0
2023-08-05 22:00:00,68.47951989916503,1.2985218973626105,220.1796682442569,0.0
2023-08-05 23:00:00,63.48210140303643,1.290552517569613,218.38322232554145,0.0
2023-08-06 00:00:00,61.92239568209157,1.740173293909919,218.80049152368238,0.0
2023-08-06 01:00:00,65.18699404885737,1.1847628660096161,220.5945832554108,0.0
2023-08-06 02:00:00,65.32150974577878,1.387267476165866,220.4694354656843,0.0
2023-08-06 03:00:00,61.764461775906206,1.1058020379471993,219.16595563484327,0.0
2023-08-06 04:00:00,64.47411641028796,1.3581283167775344,219.46117876333466,0.0
2023-08-06 05:00:00,66.1979528051574,1.387863978046491,217.09278710978094,0.0
2023-08-06 06:00:00,66.08118018505424,1.2728852154270696,222.8055286211614,0.0
2023-08-06 07:00:00,66.51286356015282,1.5338493884753,221.37491279575605,0.0
2023-08-06 08:00:00,65.87289419041232,1.0231447927279165,221.30289610174222,0.0
2023-08-06 09:00:00,63.47897402218983,1.1025558116663556,216.80993556608757,0.0
2023-08-06 10:00:00,63.45829812005347,1.2424760172046978,218.80902001502142,0.0
2023-08-06 11:00:00,61.40314580601837,1.3761613706968443,219.33090794215275,0.0
2023-08-06 12:00:00,70.35432511755529,1.2358859042589867,216.13787701593196,0.0
2023-08-06 13:00:00,65.04035109385788,1.4571518073021132,221.77990019215218,0.0
2023-08-06 14:00:00,64.32544083261544,1.0676620258067362,222.90776897709628,0.0
2023-08-06 15:00:00,62.21362375564262,0.971884302102289,224.12386991200722,0.0
2023-08-06 16:00:00,73.80697370698334,1.261625667307301,217.90823234496452,0.0
2023-08-06 17:00:00,61.78001590333131,1.1845639447772607,220.23464699366855,0.0
2023-08-06 18:00:00,63.71345622318178,1.308572744071644,222.64563653830083,0.0
2023-08-06 19:00:00,66.24751050885818,1.1945195418266992,219.4927630421061,0.0
2023-08-06 20:00:00,66.80063889723283,1.1319960418753086,218.86602417231464,0.0
2023-08-06 21:00:00,67.87379616564705,1.1850124856552553,216.26796465291102,0.0
2023-08-06 22:00:00,70.4228255233078,1.205769778958637,222.2652449155435,0.0
2023-08-06 23:00:00,66.51847296638213,1.1390037400303339,219.96147848785327,0.0
2023-08-07 00:00:00,61.831907600099996,1.1593735907353144,218.54131628207386,0.0
2023-08-07 01:00:00,64.22916462463465,1.1192813326026179,220.56771457965772,0.0
2023-08-07 02:00:00,65.92349711754166,1.3713330239738812,220.30601074635732,0.0
2023-08-07 03:00:00,71.20467812451747,1.2388042009011597,220.3365182047092,0.0
2023-08-07 04:00:00,60.806583564727106,1.6513504944337534,219.56580387534666,0.0
2023-08-07 05:00:00,68.60772951567569,1.2321409102556924,223.24471631752672,0.0
2023-08-07 06:00:00,65.53974310863926,1.0898285059342676,219.73268053347516,0.0
2023-08-07 07:00:00,67.51349160568844,1.7341350749726128,223.2386441526466,0.0
2023-08-07 08:00:00,64.6940158500922,1.282725275542867,221.1282338528004,0.0
2023-08-07 09:00:00,62.47270210962102,1.3980249573785632,220.70234028552346,0.0
2023-08-07 10:00:00,67.252618338204,1.3184205966404983,219.77345049344368,0.0
2023-08-07 11:00:00,66.96329308131686,1.3246022058595497,221.94791338709183,0.0
2023-08-07 12:00:00,67.91617089721916,1.3071308102704948,220.225983535156,0.0
2023-08-07 13:00:00,64.96008609386409,0.9795830870447869,218.13573756977294,0.0
2023-08-07 14:00:00,63.20053393004045,1.2735058095122824,218.06901561800393,0.0
2023-08-07 15:00:00,60.323639014928474,0.9350277392299522,220.84496924386855,0.0
2023-08-07 16:00:00,67.45811980441822,1.1651274327174932,218.185242229667,0.0
2023-08-07 17:00:00,66.27166844733196,1.0548765086873426,219.875537886055,0.0
2023-08-07 18:00:00,62.102652101408125,1.2714940371697447,222.1143690771022,0.0
2023-08-07 19:00:00,63.384278980110125,1.2668252494676469,220.60794035578866,0.0
2023-08-07 20:00:00,63.59972356414568,1.2962291781530373,218.5557302593425,0.0
2023-08-07 21:00:00,60.551046704052744,1.2574593145498174,222.81997502323227,0.0
2023-08-07 22:00:00,62.5469528101846,1.0786349316427202,221.0957504739894,0.0
2023-08-07 23:00:00,61.59850892958094,1.147799302129664,222.03558597440818,0.0
2023-08-08 00:00:00,63.76256296433619,1.384079232250897,215.4648833135814,0.0
2023-08-08 01:00:00,62.783907505011314,1.41357133545888,220.6617057565255,0.0
2023-08-08 02:00:00,60.118985237399755,0.9706433802746901,221.6843156727598,0.0
2023-08-08 03:00:00,71.06777069170845,0.8938144734974707,223.40057728459598,0.0
2023-08-08 04:00:00,68.7576221930877,1.0546221233590576,217.07236283169792,0.0
2023-08-08 05:00:00,62.66294173544004,1.40904151640645,222.41222917838905,0.0
2023-08-08 06:00:00,65.81726418996082,1.4429768060366068,223.2887605714025,0.0
2023-08-08 07:00:00,66.25239526946389,1.0150576239197657,215.96542204544204,0.0
2023-08-08 08:00:00,68.57325756432043,1.2614618707472676,220.95718221973948,0.0
2023-08-08 09:00:00,62.54418492001977,1.5668862666280174,221.2352416286814,0.0
2023-08-08 10:00:00,68.27632035194728,1.2830622954480666,219.34598467469618,0.0
2023-08-08 11:00:00,63.356284087379194,1.4843006570466186,219.01981107986742,0.0
2023-08-08 12:00:00,60.99241278749416,1.3997453140166196,221.33570782657566,0.0
2023-08-08 13:00:00,67.17240967794349,1.0179602587544179,218.77003649317874,0.0
2023-08-08 14:00:00,68.87227527236729,1.1620037153005844,219.56550134316382,0.0
2023-08-08 15:00:00,72.76372692059205,1.2069508956583694,221.62486980164783,0.0
2023-08-08 16:00:00,61.40082420472936,1.220826677604268,223.50808610065374,0.0
2023-08-08 17:00:00,67.09675905524237,1.3832657906877142,221.07596854508404,0.0
2023-08-08 18:00:00,63.7705962686194,1.2817369524550817,220.266968990829,0.0
2023-08-08 19:00:00,67.3500761315721,0.612759811244377,218.96720503067846,0.0
2023-08-08 20:00:00,60.58853134630625,0.9374319453814548,217.9787999186979,0.0
2023-08-08 21:00:00,61.21169067290431,0.7625238170047913,222.2191564830019,0.0
2023-08-08 22:00:00,62.672375530500545,1.2350730481310668,219.69310029774624,0.0
2023-08-08 23:00:00,65.23689213700425,1.2480975298935522,222.30140654933345,0.0
2023-08-09 00:00:00,63.076756200384935,1.2566449917221436,219.3408962440091,0.0
2023-08-09 01:00:00,66.97716303174026,1.0082143464570767,218.70142267727798,0.0
2023-08-09 02:00:00,68.08068385477374,1.3348288010239977,220.84159777765504,0.0
2023-08-09 03:00:00,66.79873262373607,1.3432524992937058,219.8469281214632,0.0
2023-08-09 04:00:00,69.8563629189826,0.9489701865589684,217.58894279077853,0.0
2023-08-09 05:00:00,66.24747988836603,0.9067923597102254,223.63473665956369,0.0
2023-08-09 06:00:00,61.349309868979496,1.1999736627546125,218.74603245245672,0.0
2023-08-09 07:00:00,69.09012954061502,1.5583564547226718,221.85518304234841,0.0
2023-08-09 08:00:00,63.184531293182005,1.5399485484397284,221.68371325879298,0.0
2023-08-09 09:00:00,67.73125549905672,1.3126808720896104,217.48107447017128,0.0
2023-08-09 10:00:00,69.72120264966532,1.0540006656839846,217.99522471076702,0.0
2023-08-09 11:00:00,66.3700640321912,1.377368531897717,219.39698132059974,0.0
2023-08-09 12:00:00,60.51152356050605,1.1095151470381917,218.26870691084338,0.0
2023-08-09 13:00:00,62.245363500470624,1.046498592665238,223.45291274375737,0.0
2023-08-09 14:00:00,68.96823340065541,0.7712066336756012,219.599648726403,0.0
2023-08-09 15:00:00,64.49263194307156,1.2204764396695305,221.77949808562815,0.0
2023-08-09 16:00:00,65.2387206048265,1.074026530172525,221.02727477800042,0.0
2023-08-09 17:00:00,67.27647324849083,1.219286075905701,220.52804489799271,0.0
2023-08-09 18:00:00,67.08896858624097,0.7401284607525876,220.08064242147918,0.0
2023-08-09 19:00:00,65.83639943715639,1.2339653345167374,222.4742614155774,0.0
2023-08-09 20:00:00,64.37399488633861,0.7137757672056744,218.34981405332996,0.0
2023-08-09 21:00:00,64.06199466280293,1.4175880506537104,223.45267062091318,0.0
2023-08-09 22:00:00,67.57369647587403,1.3043782468270169,217.4255536389918,0.0
2023-08-09 23:00:00,66.66070859320338,1.1442670457150823,221.56302345124485,0.0
2023-08-10 00:00:00,64.22809999814663,1.3125439720164158,217.18967228012045,0.0
2023-08-10 01:00:00,68.24633693897943,1.0043851474672896,219.36858889554608,0.0
2023-08-10 02:00:00,64.61289765461065,1.2144751031229784,220.18661987612194,0.0
2023-08-10 03:00:00,62.44501347699682,1.3589548076920672,219.02660930234097,0.0
2023-08-10 04:00:00,62.723087903289965,0.581142150181722,219.63666086076623,0.0
2023-08-10 05:00:00,62.0637774910707,1.1105551280644952,217.22605910413841,0.0
2023-08-10 06:00:00,64.18276995018894,1.195471173972725,218.0250990625529,0.0
2023-08-10 07:00:00,68.70117283500858,1.1607412764508467,220.99652941439177,0.0
2023-08-10 08:00:00,62.58471445690847,1.491420365245481,220.05934364995488,0.0
2023-08-10 09:00:00,65.5654272830543,0.975219775015423,218.61894394835699,0.0
2023-08-10 10:00:00,63.02993196311776,1.075768151310954,222.64855552625934,0.0
2023-08-10 11:00:00,64.21907287618569,0.8168261947383102,217.56013820001957,0.0
2023-08-10 12:00:00,60.46987636404424,1.5020573302546292,219.27681906827186,0.0
2023-08-10 13:00:00,64.33838531253039,1.1507419714782399,218.98868744364304,0.0
2023-08-10 14:00:00,64.41888386058511,1.1123182223926587,221.23007525552208,0.0
2023-08-10 15:00:00,66.62086383210709,1.1895034635378572,220.09632738227438,0.0
2023-08-10 16:00:00,65.66984273976611,1.3272471656860647,219.7836695069308,0.0
2023-08-10 17:00:00,61.40482362514386,1.2694726807032248,216.31156659226554,0.0
2023-08-10 18:00:00,68.25259473213063,1.7295768427114173,221.73006896126418,0.0
2023-08-10 19:00:00,65.63090912066599,1.290787177680755,219.56434837033652,0.0
2023-08-10 20:00:00,65.59518055153247,1.1069509141661837,220.23132203522084,0.0
2023-08-10 21:00:00,64.97245293984459,1.0877286524952106,218.50287355981226,0.0
2023-08-10 22:00:00,63.446727658333344,1.121448209516638,218.18834247436587,0.0
2023-08-10 23:00:00,65.65340701924617,0.8996326150740324,222.99857551695138,0.0
2023-08-11 00:00:00,66.42676530778574,1.207972841498317,216.45352284347518,0.0
2023-08-11 01:00:00,59.759312925963336,1.3566936212417833,217.89160194443446,0.0
2023-08-11 02:00:00,63.38371748796171,1.0773272798753528,222.96098430533817,0.0
2023-08-11 03:00:00,64.23515908878923,1.0385239887431776,221.2814927619973,0.0
2023-08-11 04:00:00,65.76851181708284,1.5031890292588468,219.34907493651517,0.0
2023-08-11 05:00:00,68.57993301778137,0.9147033686757668,222.4931926285773,0.0
2023-08-11 06:00:00,62.68477755620965,0.7864363247045396,220.89372023279202,0.0
2023-08-11 07:00:00,63.506114459546474,0.9694196112705235,220.46532018394885,0.0
2023-08-11 08:00:00,63.46239766806035,0.8919134565751407,220.45112403420484,0.0
2023-08-11 09:00:00,62.595417229686376,1.2772452128209164,220.93047643442898,0.0
2023-08-11 10:00:00,63.95844051466321,1.1278590999100853,221.0113850025949,0.0
2023-08-11 11:00:00,67.31240665996391,1.156062590995232,224.3919461057919,0.0
2023-08-11 12:00:00,61.83849351390696,1.4305868353949547,219.61021437665465,0.0
2023-08-11 13:00:00,66.28344318545871,1.0617330277674446,219.6719056237036,0.0
2023-08-11 14:00:00,59.89429330994499,1.3550178823491281,217.52621362485857,0.0
2023-08-11 15:00:00,63.315986010673384,1.5022645598406406,219.89620522635798,0.0
2023-08-11 16:00:00,64.01153209934604,1.108867500397268,223.72577379908964,0.0
2023-08-11 17:00:00,70.0245790187422,1.3474045711112628,221.9689700048693,0.0
2023-08-11 18:00:00,64.17559308574194,1.151636417494204,218.91266451224934,0.0
2023-08-11 19:00:00,58.396269579647246,1.3848196257681578,220.06008272904256,0.0
2023-08-11 20:00:00,59.00333327941625,0.8857021624847453,217.40712324883,0.0
2023-08-11 21:00:00,65.10208875904004,0.8708975509749306,218.0617613114034,0.0
2023-08-11 22:00:00,66.84131256736973,1.1217464570184918,220.29888230522744,0.0
2023-08-11 23:00:00,66.12636757288176,1.0222150381880457,219.0110907943591,0.0
2023-08-12 00:00:00,65.50271031740297,1.0966581781140228,217.91080042124315,0.0
2023-08-12 01:00:00,68.486778792517,1.156094683510572,220.97968152947578,0.0
2023-08-12 02:00:00,63.381226337788604,1.3440027063672504,219.83549982669336,0.0
2023-08-12 03:00:00,67.68473166808047,1.118467884286813,216.86489925661792,0.0
2023-08-12 04:00:00,60.10395534492075,1.0352277378753827,215.8497060676644,0.0
2023-08-12 05:00:00,62.2851565011858,1.1296973246482203,218.85997700285148,0.0
2023-08-12 06:00:00,59.578875815204555,1.0461709440386764,216.82346971311694,0.0
2023-08-12 07:00:00,64.17546409799063,1.013198899587457,216.26217718705868,0.0
2023-08-12 08:00:00,64.86121634820097,0.877396637284606,222.25793840280417,0.0
2023-08-12 09:00:00,65.34230447667956,1.2138956232442157,219.8045782202694,0.0
2023-08-12 10:00:00,65.18565005866141,1.0862588586805892,219.469107243549,0.0
2023-08-12 11:00:00,62.217340007564815,1.3932557478469343,219.6231883676985,0.0
2023-08-12 12:00:00,64.42927746676035,0.9105207815882118,217.72433569841405,0.0
2023-08-12 13:00:00,60.50765999418275,1.0915832889904242,220.82195233002832,0.0
2023-08-12 14:00:00,69.08968692539675,1.5625814441317498,219.73859934653493,0.0
2023-08-12 15:00:00,64.08912178130599,1.0120780965804301,218.48518268804116,0.0
2023-08-12 16:00:00,63.533341642868926,1.1526933495807752,218.78474263095,0.0
2023-08-12 17:00:00,69.76682098533225,0.9568312034349262,217.5450825735754,0.0
2023-08-12 18:00:00,61.27326039935231,0.9303144974438038,219.18751425419634,0.0
2023-08-12 19:00:00,61.623238657904096,1.5094621966175357,219.520744238435,0.0
2023-08-12 20:00:00,61.7113390253943,1.2342078985274294,219.13543334174008,0.0
2023-08-12 21:00:00,64.79638585490156,1.2267357676475246,220.11030911468316,0.0
2023-08-12 22:00:00,66.2948948889128,0.8607367529767556,219.8429765904765,0.0
2023-08-12 23:00:00,67.2190264043535,1.2717482776216606,220.4615370773292,0.0
2023-08-13 00:00:00,72.71598595248491,1.4314843891987652,221.8861940738432,0.0
2023-08-13 01:00:00,58.251702637397706,1.429895412165706,221.18604695442616,0.0
2023-08-13 02:00:00,66.82620676737325,1.333666645921232,221.90917968102067,0.0
2023-08-13 03:00:00,63.328608282283305,0.9741028844809192,218.30453154034754,0.0
2023-08-13 04:00:00,63.24075455333368,1.2626246834385983,218.9827702118227,0.0
2023-08-13 05:00:00,63.140683615238366,1.3335169920953214,221.30719336789193,0.0
2023-08-13 06:00:00,62.27369098757608,0.8411112829822196,221.34295534286417,0.0
2023-08-13 07:00:00,70.05357450381035,0.975744081703643,218.64275876492624,0.0
2023-08-13 08:00:00,67.52689198104171,1.3776314643486882,221.2231678515635,0.0
2023-08-13 09:00:00,65.06958793567212,1.3752091553343857,218.11293576670812,0.0
2023-08-13 10:00:00,69.053047257461,0.8902833932757215,220.9621114482836,0.0
2023-08-13 11:00:00,60.462413104103376,1.3590042918538345,219.9474075982687,0.0
2023-08-13 12:00:00,61.007884606007224,1.2190606798307235,217.23112879218732,0.0
2023-08-13 13:00:00,58.46609680341594,1.3562017909214303,219.13185235648118,0.0
2023-08-13 14:00:00,62.901756379630136,1.0730957353132116,224.36453561939098,0.0
2023-08-13 15:00:00,65.48509558011426,1.3290366992961804,220.40556072561,0.0
2023-08-13 16:00:00,65.308575733797,1.3687657548971248,224.6008999534365,0.0
2023-08-13 17:00:00,65.44802573317965,1.1297330129088576,217.11214694024991,0.0
2023-08-13 18:00:00,60.766829506801756,1.2035505092346572,221.5014835853277,0.0
2023-08-13 19:00:00,67.40946422784207,1.0702956740990692,214.93132761638577,0.0
2023-08-13 20:00:00,65.718882554717,1.5303277897371759,219.99952903017044,0.0
2023-08-13 21:00:00,67.19916284439799,1.1759456121348468,221.26243475530265,0.0
2023-08-13 22:00:00,59.32171346722984,1.0155951349645636,221.67578018999257,0.0
2023-08-13 23:00:00,65.93447257639338,1.05683481722505,218.40146055083918,0.0
2023-08-14 00:00:00,61.43670428024742,1.2253541202284226,222.07818084395348,0.0
2023-08-14 01:00:00,63.808030242345914,1.3506662343556424,218.93257047991062,0.0
2023-08-14 02:00:00,66.60309469590915,0.9328346309698956,219.6718054977752,0.0
2023-08-14 03:00:00,65.27328081876774,1.5695320005884899,219.13335556128672,0.0
2023-08-14 04:00:00,62.445380060662046,1.2617350588111231,217.72722129853534,0.0
2023-08-14 05:00:00,65.01881946855326,1.2932911945938825,223.13943917484173,0.0
2023-08-14 06:00:00,60.40539405426907,1.1805620912353127,220.09603563431617,0.0
2023-08-14 07:00:00,68.45080218769489,1.203851793470225,222.17463675731724,0.0
2023-08-14 08:00:00,64.38414794151124,1.1703433724145194,222.0894224835292,0.0
2023-08-14 09:00:00,68.35564983276598,1.403559193807192,218.06411957145403,0.0
2023-08-14 10:00:00,63.42040493871187,1.1984142825093258,222.43225449534322,0.0
2023-08-14 11:00:00,63.429272034780254,1.353410043698542,221.00682848709866,0.0
2023-08-14 12:00:00,62.70743964008646,1.1132304953294856,217.91819627105423,0.0
2023-08-14 13:00:00,67.62852179507922,1.239128105662463,220.897701662683,0.0
2023-08-14 14:00:00,62.87170652801457,1.0392159311521156,217.95406423026387,0.0
2023-08-14 15:00:00,66.93378629724553,1.4433056465099074,223.2129167359573,0.0
2023-08-14 16:00:00,63.85264280699213,1.0332505518561768,221.6275734898442,0.0
2023-08-14 17:00:00,59.07211010032514,1.1350041111477347,219.85770287561792,0.0
2023-08-14 18:00:00,63.2890577966406,1.137007917509051,222.52960723643437,0.0
2023-08-14 19:00:00,61.462675356911454,1.1292097224652462,216.83602471059294,0.0
2023-08-14 20:00:00,65.10170817104701,1.3444991538885873,218.50131739975993,0.0
2023-08-14 21:00:00,61.42877679297653,1.1366684470526711,219.49516055651927,0.0
2023-08-14 22:00:00,67.77792530214386,1.4787849061082146,224.47136936285102,0.0
2023-08-14 23:00:00,64.72677241894093,1.0363049827739663,217.8590341982532,0.0
2023-08-15 00:00:00,64.46721201572379,1.2338754939885412,216.58538811651866,0.0
2023-08-15 01:00:00,66.96767641336275,1.04484280213748,217.11122897100347,0.0
2023-08-15 02:00:00,67.89172080222758,1.2841945565062933,221.8124317384112,0.0
2023-08-15 03:00:00,64.93970374469104,1.1968100546046458,218.8116154589223,0.0
2023-08-15 04:00:00,62.68639910135213,1.1689875910603043,219.68182667126277,0.0
2023-08-15 05:00:00,59.67809115166361,1.4376949933007048,221.52566528334896,0.0
2023-08-15 06:00:00,62.94185072889446,1.0691316257889794,219.6838307440842,0.0
2023-08-15 07:00:00,63.148363260056115,1.3173030315236,220.4082932090161,0.0
2023-08-15 08:00:00,65.3211723589769,1.0462080174650414,221.07043029521938,0.0
2023-08-15 09:00:00,63.964559356585916,1.2225370400320748,219.13864721607956,0.0
2023-08-15 10:00:00,67.06379891615428,0.9608849343553109,219.66736588014064,0.0
2023-08-15 11:00:00,63.16105018618793,1.067496570738652,220.48391080464202,0.0
2023-08-15 12:00:00,64.82887649944118,1.1835713908854268,221.73635854610643,0.0
2023-08-15 13:00:00,68.55196232959067,1.5629298334646156,218.4152614716387,0.0
2023-08-15 14:00:00,66.0254756418649,1.220160774091955,213.95884815634045,0.0
2023-08-15 15:00:00,64.81988737493431,1.5309336631733412,221.3591662987713,0.0
2023-08-15 16:00:00,63.19416667419447,1.2440646583381836,221.85543183750016,0.0
2023-08-15 17:00:00,63.10030580985507,1.1225831511050122,220.40006832426033,0.0
2023-08-15 18:00:00,62.44816024114416,1.5078713045201386,220.53658643791306,0.0
2023-08-15 19:00:00,63.3769794026513,1.2874035244146838,218.87138021171967,0.0
2023-08-15 20:00:00,67.26699751623295,1.0714556812234572,221.00036684306986,0.0
2023-08-15 21:00:00,64.3343351861232,1.2941142918800594,221.70633363936838,0.0
2023-08-15 22:00:00,60.95068079185631,1.141481050018478,220.11299268283696,0.0
2023-08-15 23:00:00,70.30450787917935,0.8021931607657408,224.98249666001453,0.0
2023-08-16 00:00:00,65.95989557343549,1.3871946318531234,216.87251782465725,0.0
2023-08-16 01:00:00,60.779169798460494,1.4189868111283856,220.3259233417127,0.0
2023-08-16 02:00:00,63.67445321827753,1.567588405998455,217.65129407536537,0.0
2023-08-16 03:00:00,65.33265914848525,1.2844287384390525,221.75969184791379,0.0
2023-08-16 04:00:00,70.11377627989214,1.1502553151834936,216.83704914391564,0.0
2023-08-16 05:00:00,61.675662625223396,1.3669978854757172,217.3321569145646,0.0
2023-08-16 06:00:00,67.92812215806784,1.3699640730637812,218.73362611890158,0.0
2023-08-16 07:00:00,69.19845928091704,1.5276562366272843,220.5316643397108,0.0
2023-08-16 08:00:00,63.11403708477629,1.1910744753867115,218.80905722267676,0.0
2023-08-16 09:00:00,64.1674591434193,1.166884205486481,218.82911747480182,0.0
2023-08-16 10:00:00,61.89107225787869,1.0568911160482946,219.63821909014783,0.0
2023-08-16 11:00:00,64.38961657675908,1.3074924173450402,219.51551968187698,0.0
2023-08-16 12:00:00,64.8902300769712,0.8903476663538329,222.97489877663705,0.0
2023-08-16 13:00:00,66.97894999424712,1.355217474572513,221.37182223933794,0.0
2023-08-16 14:00:00,68.27055041306134,1.3175670243731579,219.3508465204307,0.0
2023-08-16 15:00:00,62.75571180613506,1.3170140404916744,224.19402382242723,0.0
2023-08-16 16:00:00,59.09802480732202,1.227645047300368,220.983322349712,0.0
2023-08-16 17:00:00,64.93626566217128,1.506595649506217,218.0620758893729,0.0
2023-08-16 18:00:00,65.88061258990592,1.3743986930853727,220.5130274799837,0.0
2023-08-16 19:00:00,65.74825306305513,1.07858456172486,221.07102508973063,0.0
2023-08-16 20:00:00,64.01998025747287,1.0821641900604706,218.6247505618773,0.0
2023-08-16 21:00:00,65.37425629899181,1.0240652373170727,217.89498217838792,0.0
2023-08-16 22:00:00,69.54633442505674,1.3102566665551174,220.17291818008488,0.0
2023-08-16 23:00:00,66.14520250688753,0.9999722157520086,219.27955645738794,0.0
2023-08-17 00:00:00,63.87989472499075,1.4166784287166705,222.95825577691087,0.0
2023-08-17 01:00:00,63.49940654871201,1.4645946616691086,221.48231164816983,0.0
2023-08-17 02:00:00,64.49044292696681,1.0241967462099097,218.71844945182684,0.0
2023-08-17 03:00:00,69.91021988549193,1.1628902930814293,220.8518762218972,0.0
2023-08-17 04:00:00,64.4500978714214,1.2033241962724828,222.5342562854495,0.0
2023-08-17 05:00:00,64.94061696643787,1.3767966320939335,217.2123911082007,0.0
2023-08-17 06:00:00,63.55305928719109,1.5218686751219754,217.9544435180245,0.0
2023-08-17 07:00:00,68.2969500723259,0.8629015214262845,219.97766276544093,0.0
2023-08-17 08:00:00,70.87951176423402,1.1363638564946634,220.07120393581008,0.0
2023-08-17 09:00:00,66.35183914829416,1.1467966608879305,219.8956049890743,0.0
2023-08-17 10:00:00,65.24831871135628,0.9198660290226903,219.37844564242465,0.0
2023-08-17 11:00:00,65.1103484995227,1.1029779961391877,219.34787935509596,0.0
2023-08-17 12:00:00,57.847079633642764,1.2855537888701223,220.76851627364326,0.0
2023-08-17 13:00:00,67.23545259285446,1.1442642194320884,222.26788510727835,0.0
2023-08-17 14:00:00,65.40249924798754,0.8910757662785171,219.03809454062315,0.0
2023-08-17 15:00:00,66.28502615198218,1.7748165396019826,224.8767986903413,0.0
2023-08-17 16:00:00,62.86561341774888,1.253235573040836,223.92138287148063,0.0
2023-08-17 17:00:00,63.84662936306872,1.222338826021335,222.65851125916015,0.0
2023-08-17 18:00:00,63.76692519049048,0.9804147273865906,221.24496666912313,0.0
2023-08-17 19:00:00,68.06486895221911,1.2521412323942551,224.0159762129403,0.0
2023-08-17 20:00:00,63.86372049019072,1.167157243191701,219.41976927000118,0.0
2023-08-17 21:00:00,71.2479809663294,0.8222953174569188,218.33479117601954,0.0
2023-08-17 22:00:00,66.29258725704511,0.9859489119971168,218.94805588119203,0.0
2023-08-17 23:00:00,61.17295202001281,1.358985203534789,217.99411439381984,0.0
2023-08-18 00:00:00,64.61436112024413,1.5888035300000882,220.24360264462675,0.0
2023-08-18 01:00:00,63.04497463353076,1.273433081008609,220.59966092825547,0.0
2023-08-18 02:00:00,58.416852590539925,1.4206166556586735,220.4016796773622,0.0
2023-08-18 03:00:00,69.79841282034137,1.168848938283358,219.9751372956364,0.0
2023-08-18 04:00:00,67.10942762666001,1.1826907678638794,220.26630905634323,0.0
2023-08-18 05:00:00,66.59962195369793,1.418195805523893,223.47264761769978,0.0
2023-08-18 06:00:00,65.49621098089911,1.5325554578358938,221.24010373527815,0.0
2023-08-18 07:00:00,60.85394729392269,1.4602193386931244,221.84501759320963,0.0
2023-08-18 08:00:00,63.54914858133369,0.9867273849230361,220.38157987337357,0.0
2023-08-18 09:00:00,67.52534232435204,1.1866082219369507,216.76882260306385,0.0
2023-08-18 10:00:00,61.84633991065249,1.2555049368952589,216.37223505906098,0.0
2023-08-18 11:00:00,57.40469205124756,1.1480644072984942,224.16561998041703,0.0
2023-08-18 12:00:00,64.31868197665722,1.2775715086831192,218.93635544953756,0.0
2023-08-18 13:00:00,64.57472733791738,1.3641153623337894,218.76649731169613,0.0
2023-08-18 14:00:00,65.40669024924412,1.400561950391028,220.4913264827545,0.0
2023-08-18 15:00:00,67.18555593054361,1.5371740304443047,221.10080595665985,0.0
2023-08-18 16:00:00,66.91281743669363,1.134111779055033,221.35372427466882,0.0
2023-08-18 17:00:00,65.77630941573176,0.9271933670321371,223.54883706576,0.0
2023-08-18 18:00:00,68.58659416426013,1.2716469188028905,223.0014727653159,0.0
2023-08-18 19:00:00,60.443090657560056,1.5767622062369604,218.37813355072237,0.0
2023-08-18 20:00:00,66.51374544343217,1.104604828009188,221.93746914684357,0.0
2023-08-18 21:00:00,66.87961509001083,1.337369395412744,219.2318181635784,0.0
2023-08-18 22:00:00,61.281313141759284,1.3391491584945285,219.72498251113845,0.0
2023-08-18 23:00:00,60.491388173952835,1.2382884094689217,217.81202158809728,0.0
2023-08-19 00:00:00,62.76217362057319,1.2013849442087428,216.61385429233718,0.0
2023-08-19 01:00:00,63.01537567245413,1.0153141588557215,219.93687657473544,0.0
2023-08-19 02:00:00,67.26025839050729,0.7436675855158845,218.08803616777752,0.0
2023-08-19 03:00:00,63.15638364892671,0.9776298586671942,221.85562735714407,0.0
2023-08-19 04:00:00,62.43095444515639,1.1219391701776602,219.43784351295974,0.0
2023-08-19 05:00:00,63.16509878991632,1.4194845374845413,220.61718043789975,0.0
2023-08-19 06:00:00,68.35589700246264,1.179374387529725,222.73505150783086,0.0
2023-08-19 07:00:00,65.03913012313086,1.0961948562163704,217.0294096364358,0.0
2023-08-19 08:00:00,64.46224692392927,1.021802911609314,218.55076522290062,0.0
2023-08-19 09:00:00,64.66998350389684,1.331361165701896,220.3617672491317,0.0
2023-08-19 10:00:00,68.87618100297956,1.471671433286121,220.62504963164653,0.0
2023-08-19 11:00:00,62.752484820190276,1.4126871443734919,222.20699500254466,0.0
2023-08-19 12:00:00,68.9465248728203,1.3212299399516938,221.7343062580812,0.0
2023-08-19 13:00:00,65.63148889676451,0.9048774507234119,220.19386725146148,0.0
2023-08-19 14:00:00,64.51874185407395,1.1296651514312457,220.60680934119452,0.0
2023-08-19 15:00:00,72.50270149380285,1.5894608457779351,220.66215178198098,0.0
2023-08-19 16:00:00,61.83308153060421,1.4243900983830449,217.0605752706525,0.0
2023-08-19 17:00:00,63.93894272129898,0.892499356353055,219.6872490452901,0.0
2023-08-19 18:00:00,61.302706282508,1.1888818953601457,220.49694643599418,0.0
2023-08-19 19:00:00,67.8573859116085,1.2726196865322077,220.9171017175702,0.0
2023-08-19 20:00:00,70.06756680095503,1.047568307394756,218.1512731198717,0.0
2023-08-19 21:00:00,70.00976834421391,0.7381591957182302,217.4624041749422,0.0
2023-08-19 22:00:00,68.67184625943801,1.2197648090032862,219.53093481496384,0.0
2023-08-19 23:00:00,64.4071385966121,1.0424483484759122,223.934732222183,0.0
2023-08-20 00:00:00,63.90427706753046,1.0432316521830631,218.36150497454267,0.0
2023-08-20 01:00:00,59.986490682517804,1.1290639280138484,222.34785649470962,0.0
2023-08-20 02:00:00,71.10762060554538,1.1732648170690376,223.16947928609025,0.0
2023-08-20 03:00:00,66.4069342344454,1.1981834411808627,220.0909330524664,0.0
2023-08-20 04:00:00,63.52412928539155,1.0232020202155996,218.6403041306931,0.0
2023-08-20 05:00:00,68.9841706669609,1.1559580940731844,221.02563912731645,0.0
2023-08-20 06:00:00,62.081706449719995,0.8485153259194489,220.38998058419898,0.0
2023-08-20 07:00:00,66.21986610266802,1.2622078130736156,218.28179203961938,0.0
2023-08-20 08:00:00,64.4821125971275,0.6287449173317684,218.68239434725646,0.0
2023-08-20 09:00:00,66.9160314196409,1.142101983913276,220.90715970429065,0.0
2023-08-20 10:00:00,64.80927938244163,1.3838372307353906,221.8668808163371,0.0
2023-08-20 11:00:00,60.647216326666324,0.9881318625450346,219.35441959736923,0.0
2023-08-20 12:00:00,65.22672911801011,1.34328604073148,219.8617328702239,0.0
2023-08-20 13:00:00,68.14659242562608,1.4311465424241785,221.33727714102216,0.0
2023-08-20 14:00:00,64.91235078243804,0.5384200095005223,219.65502623165213,0.0
2023-08-20 15:00:00,67.32534536476726,1.1697274192848515,219.40134605340822,0.0
2023-08-20 16:00:00,61.86341154297784,0.6248453144743449,218.48931836054555,0.0
2023-08-20 17:00:00,64.92121762019045,1.1763583108858107,218.45463075325193,0.0
2023-08-20 18:00:00,63.126468634734266,1.1985657578037345,225.33776551644652,0.0
2023-08-20 19:00:00,67.24094252031414,0.7034912028178322,219.60759667984183,0.0
2023-08-20 20:00:00,65.09447468678599,1.5849676724159731,222.73011664302445,0.0
2023-08-20 21:00:00,67.07022102900984,1.257203161526925,223.36798667503814,0.0
2023-08-20 22:00:00,68.2631312784736,1.0301953135835928,219.63283542101368,0.0
2023-08-20 23:00:00,67.07485572536416,1.4930758854997037,220.73685961686954,0.0
2023-08-21 00:00:00,65.81935530288094,0.8408773558715366,220.20495696406607,0.0
2023-08-21 01:00:00,62.00536322446578,0.9541657932963366,216.77563529868266,0.0
2023-08-21 02:00:00,64.99164166799929,0.7401088952660202,216.89605397550366,0.0
2023-08-21 03:00:00,63.4007287939525,1.5602090393078667,220.09769693380855,0.0
2023-08-21 04:00:00,63.96780812988732,1.2664692742944006,219.15017292278282,0.0
2023-08-21 05:00:00,63.87639754774925,1.331880357969699,223.7831606767872,0.0
2023-08-21 06:00:00,62.060223275653264,1.260200246783695,219.52685412261076,0.0
2023-08-21 07:00:00,59.12798423259803,1.3147535522289169,223.90185799413624,0.0
2023-08-21 08:00:00,62.9955708550167,1.215615542779198,219.04721720772892,0.0
2023-08-21 09:00:00,65.58013835577248,1.2541842685414881,223.82440084121788,0.0
2023-08-21 10:00:00,60.95546886371753,1.22152068724459,221.0128489938947,0.0
2023-08-21 11:00:00,65.04704670941487,1.0782816388861443,221.1265837915424,0.0
2023-08-21 12:00:00,70.7008052729329,1.1906750469570662,218.9764720865327,0.0
2023-08-21 13:00:00,68.06916966575672,1.2547189146523354,221.15383436080737,0.0
2023-08-21 14:00:00,69.93062452736159,1.2221098239104262,223.3854268661625,0.0
2023-08-21 15:00:00,66.17338363079818,0.9044455784493366,219.71034501187972,0.0
2023-08-21 16:00:00,68.50252946895934,0.9310026662783181,219.32120636926678,0.0
2023-08-21 17:00:00,62.82810580859664,1.4165682867832783,219.50647492227984,0.0
2023-08-21 18:00:00,63.06697919893405,1.1386011908233196,223.24022321001289,0.0
2023-08-21 19:00:00,56.78257938158758,1.316945069407188,221.71070241400218,0.0
2023-08-21 20:00:00,68.5584364221269,0.9815760180555206,222.89535998094223,0.0
2023-08-21 21:00:00,69.62097193945965,0.905370824670694,220.62724542096853,0.0
2023-08-21 22:00:00,63.340468263958186,1.0312806774936574,220.07863871355568,0.0
2023-08-21 23:00:00,64.23814488080829,1.1554869858457173,220.84788807814127,0.0
2023-08-22 00:00:00,62.738413658927115,1.0669719401431175,222.14031706882508,0.0
2023-08-22 01:00:00,66.14796065443248,1.4587867046211427,219.50576351482428,0.0
2023-08-22 02:00:00,68.37479763590972,1.2359046603074924,222.73735398671357,0.0
2023-08-22 03:00:00,59.77168407835688,1.5697877237123716,220.73166111413175,0.0
2023-08-22 04:00:00,66.22831559192676,1.2808816308142834,215.18744372393965,0.0
2023-08-22 05:00:00,64.16998468484256,0.7174898364160378,221.7669868542104,0.0
2023-08-22 06:00:00,65.34018317590007,1.4112083212917108,217.45538997347603,0.0
2023-08-22 07:00:00,66.37698200502287,0.898089675506009,221.71834552134797,0.0
2023-08-22 08:00:00,64.43539268368154,1.2461067334422677,221.80303599647632,0.0
2023-08-22 09:00:00,64.68923943978265,1.045063188467231,220.6597851947624,0.0
2023-08-22 10:00:00,64.35837449733609,1.6285422068928372,221.08736179775337,0.0
2023-08-22 11:00:00,67.91094860536484,1.487919585486027,222.19774157568799,0.0
2023-08-22 12:00:00,66.2562798803825,1.0516358716596483,219.00874465237854,0.0
2023-08-22 13:00:00,65.66175061321208,1.1745284663757776,221.58685931940497,0.0
2023-08-22 14:00:00,61.18714483672315,1.2489196139298435,222.3260466059141,0.0
2023-08-22 15:00:00,63.86426077036054,1.372682814312322,223.52016519507697,0.0
2023-08-22 16:00:00,67.69600748101752,1.2058303824650025,217.7884394278806,0.0
2023-08-22 17:00:00,65.11308971937177,0.9950210201238265,220.81703212997553,0.0
2023-08-22 18:00:00,66.97859440876742,1.0564882721599893,218.07702160187708,0.0
2023-08-22 19:00:00,70.2995354009829,1.1991036407246416,217.992155964597,0.0
2023-08-22 20:00:00,68.11581820762645,1.4468913957529381,220.71805554481196,0.0
2023-08-22 21:00:00,65.27947501309923,1.2855675721072088,220.15491162959228,0.0
2023-08-22 22:00:00,63.467032489412816,1.0453170146769968,222.29000295704398,0.0
2023-08-22 23:00:00,57.33935121183231,1.329674555541958,219.30764710081158,0.0
2023-08-23 00:00:00,64.49484523258144,1.122603032224368,219.73189712760598,0.0
2023-08-23 01:00:00,64.02196251254945,1.3780816010373682,220.42300852467636,0.0
2023-08-23 02:00:00,66.17109858318612,1.7054020836657209,218.2763422971271,0.0
2023-08-23 03:00:00,64.53828431907594,1.1282347258112901,218.55386030996814,0.0
2023-08-23 04:00:00,64.03884482168962,1.360321031945274,222.2321973315451,0.0
2023-08-23 05:00:00,59.66180320847834,1.050921333592454,218.9020899174378,0.0
2023-08-23 06:00:00,62.1800965125498,1.1775472465617405,222.36495313289936,0.0
2023-08-23 07:00:00,66.42995312240167,1.2059124573744202,221.21462516133658,0.0
2023-08-23 08:00:00,70.14772289339808,1.161263267991124,216.90493794902213,0.0
2023-08-23 09:00:00,64.70742384876313,1.6926027377550048,221.06075738367556,0.0
2023-08-23 10:00:00,65.98343322072238,1.1386813850643236,221.04495964618826,0.0
2023-08-23 11:00:00,67.85743447085842,1.3173703077569736,220.84585721702257,0.0
2023-08-23 12:00:00,62.56731819139925,0.8139826261353135,219.71624654723396,0.0
2023-08-23 13:00:00,66.10044212985633,1.286399312673922,218.1198650892163,0.0
2023-08-23 14:00:00,62.778529681003526,1.4284109184704494,222.69242553222523,0.0
2023-08-23 15:00:00,67.59447331547304,1.09448053148419,219.79684082255432,0.0
2023-08-23 16:00:00,65.4542091438552,0.6979555717919174,218.23318767932926,0.0
2023-08-23 17:00:00,65.89535544194432,1.192269646234535,220.914937372176,0.0
2023-08-23 18:00:00,62.652204207744234,1.2034367700771056,218.5144400585335,0.0
2023-08-23 19:00:00,67.12109707883235,1.3448150101488607,218.10182794342975,0.0
2023-08-23 20:00:00,71.25413876369305,1.6021806070826867,219.2490547755951,0.0
2023-08-23 21:00:00,61.97626491371538,1.1239892698799385,218.66920447136386,0.0
2023-08-23 22:00:00,63.980722977057425,1.0287423752679439,218.17551549603084,0.0
2023-08-23 23:00:00,65.69482242250427,0.9666164397257113,221.61282352452352,0.0
2023-08-24 00:00:00,67.35921863598745,1.2396157234063199,219.7723443710752,0.0
2023-08-24 01:00:00,63.32136114413159,1.2958708517637003,222.5045598910318,0.0
2023-08-24 02:00:00,56.50090912957178,1.0908689211274831,218.29098104454013,0.0
2023-08-24 03:00:00,69.07756848249207,1.3557365491451578,216.54487792472733,0.0
2023-08-24 04:00:00,67.28151835875242,1.293076815363835,220.29754069849884,0.0
2023-08-24 05:00:00,59.771157408540006,1.208646337928978,223.71195784361282,0.0
2023-08-24 06:00:00,63.17729362466133,1.0195170558511748,221.061973658724,0.0
2023-08-24 07:00:00,69.70454728858198,1.1036271369030553,226.43074839242567,0.0
2023-08-24 08:00:00,69.3433892553736,0.7140489404634909,220.66411824189817,0.0
2023-08-24 09:00:00,67.81592006803683,1.2471574128396068,220.4711044225762,0.0
2023-08-24 10:00:00,64.47166269812041,1.205268257749487,215.68927465788417,0.0
2023-08-24 11:00:00,65.24896225643754,1.2376957982178973,220.85589488117705,0.0
2023-08-24 12:00:00,64.60722258462162,1.300863803112912,220.33733552003858,0.0
2023-08-24 13:00:00,68.38471934980652,1.2771642972864445,219.18515760359094,0.0
2023-08-24 14:00:00,62.37247278051467,1.1779233638707929,219.72644226588187,0.0
2023-08-24 15:00:00,62.58260103534739,1.2097336086325505,219.86379885131564,0.0
2023-08-24 16:00:00,68.03082376050804,0.919136716660766,219.64014169413588,0.0
2023-08-24 17:00:00,64.86691563346531,1.0832558708621147,224.1794299262519,0.0
2023-08-24 18:00:00,69.13540206636142,1.2100942107366923,219.25827594439,0.0
2023-08-24 19:00:00,62.98546337905836,1.0528292848175278,220.33862744770772,0.0
2023-08-24 20:00:00,64.83566491898353,1.3720301591745092,219.1921978332276,0.0
2023-08-24 21:00:00,62.23276104546814,1.0682735838089938,221.56686237328776,0.0
2023-08-24 22:00:00,65.0220880442707,1.2432610822496633,220.35352739994443,0.0
2023-08-24 23:00:00,60.5643591890036,1.2233131313630672,219.44017885365903,0.0
2023-08-25 00:00:00,63.53709973713511,1.3492555187220818,216.14806410818562,0.0
2023-08-25 01:00:00,60.69123840521564,1.3801582348056605,220.48661645057751,0.0
2023-08-25 02:00:00,67.08176969957377,1.3388065221935879,219.3808474528405,0.0
2023-08-25 03:00:00,67.14976801927895,0.7787987597233732,219.8785186862258,0.0
2023-08-25 04:00:00,59.80921180854696,1.4388296296026253,217.63508410550932,0.0
2023-08-25 05:00:00,69.00165723650171,1.5054616448389195,222.8665643454404,0.0
2023-08-25 06:00:00,72.49224537925956,1.1035751431357061,221.71348635168775,0.0
2023-08-25 07:00:00,65.13801916020903,1.24732938253457,222.86141199528126,0.0
2023-08-25 08:00:00,63.076657219326066,1.0218336639738435,222.2939586015619,0.0
2023-08-25 09:00:00,73.47299177300914,0.8103242986535697,221.1846346042549,0.0
2023-08-25 10:00:00,61.04309450509247,1.0522569468915226,217.71543498254712,0.0
2023-08-25 11:00:00,65.0603194006073,1.0919721921072778,223.6867743281437,0.0
2023-08-25 12:00:00,65.53886681789577,1.1290298537296368,218.14472969822498,0.0
2023-08-25 13:00:00,69.03544286135724,1.0082171819988024,219.46318475185006,0.0
2023-08-25 14:00:00,66.07921692538036,1.0533149666365522,221.41380456125384,0.0
2023-08-25 15:00:00,63.504098312634646,1.1977987356743185,221.5130815743748,0.0
2023-08-25 16:00:00,62.14644688883613,1.0459546033779716,221.1444734538891,0.0
2023-08-25 17:00:00,63.97453453926159,1.3087048665100056,219.19942303734183,0.0
2023-08-25 18:00:00,61.97921791716457,1.336332130279488,218.78613674528904,0.0
2023-08-25 19:00:00,65.14347595935405,1.6760775492328979,225.06906513721228,0.0
2023-08-25 20:00:00,63.30741146041854,1.4251359864246924,219.92137212300034,0.0
2023-08-25 21:00:00,60.517886620130746,1.2486206116656828,219.67645723072232,0.0
2023-08-25 22:00:00,68.76543736512471,1.0759471406664642,218.5728870181225,0.0
2023-08-25 23:00:00,63.506982429712885,1.2587494703347997,220.48934069814192,0.0
2023-08-26 00:00:00,61.19558958507406,1.2653191919832711,220.39604560115615,0.0
2023-08-26 01:00:00,64.49522259653737,1.0973373821988677,219.9675475825914,0.0
2023-08-26 02:00:00,65.20511469790297,1.3567462793505756,220.76345329357576,0.0
2023-08-26 03:00:00,59.7605998232629,0.9203803970636248,223.5270750048847,0.0
2023-08-26 04:00:00,65.9949430013773,1.1511200328924978,218.8098945874182,0.0
2023-08-26 05:00:00,61.85852729392921,1.3111716918634813,220.08616748440423,0.0
2023-08-26 06:00:00,70.13308642757237,1.1424831704815805,218.70430309489888,0.0
2023-08-26 07:00:00,66.57188153623021,1.1586491193141457,220.58939672165127,0.0
2023-08-26 08:00:00,63.80030002967205,1.172442827761544,218.86306099725115,0.0
2023-08-26 09:00:00,62.764496689047945,1.0328797518624508,218.94911401713162,0.0
2023-08-26 10:00:00,64.68509687730912,1.4347801863148417,217.08095325188876,0.0
2023-08-26 11:00:00,66.83837222474988,0.9963924656154369,220.19558956563935,0.0
2023-08-26 12:00:00,64.9235176142444,1.263631865481977,220.85953924380996,0.0
2023-08-26 13:00:00,64.34852357858944,1.2827295796564746,223.7209527063846,0.0
2023-08-26 14:00:00,65.17511087245369,1.0102756197582066,220.9390049623797,0.0
2023-08-26 15:00:00,63.18842320628914,1.2146208508761487,219.10063175340537,0.0
2023-08-26 16:00:00,63.970382219470885,1.0180735654510595,217.28064182462782,0.0
2023-08-26 17:00:00,58.74262268328499,1.4782084950111891,217.55742598866905,0.0
2023-08-26 18:00:00,67.9211786925571,0.9722434126047573,217.40874332105605,0.0
2023-08-26 19:00:00,65.89639334096529,1.069220581153607,223.75608407089877,0.0
2023-08-26 20:00:00,62.67963246789971,0.9551549983288838,220.57562099385274,0.0
2023-08-26 21:00:00,70.69620494406571,0.9284602546264895,218.83406756147622,0.0
2023-08-26 22:00:00,65.26104944117716,1.5182430581764588,218.08028078969346,0.0
2023-08-26 23:00:00,61.89156928407441,1.3085549347825123,218.28778431921216,0.0
2023-08-27 00:00:00,67.57021226441138,1.2280586851401087,218.78140121098724,0.0
2023-08-27 01:00:00,66.19414464952779,1.0686846073306155,222.63251043251032,0.0
2023-08-27 02:00:00,66.18373995645265,1.3815223622093535,219.9401131058845,0.0
2023-08-27 03:00:00,63.722733186045225,1.0351555121265092,217.1050671654521,0.0
2023-08-27 04:00:00,66.3514871713341,1.3587278588660205,224.62091854946075,0.0
2023-08-27 05:00:00,64.21472512933671,1.0254977446788727,217.7196777212682,0.0
2023-08-27 06:00:00,66.66782435493752,1.0710984596248656,218.81832938015228,0.0
2023-08-27 07:00:00,59.28516663796808,1.3516564772235842,222.62028877526777,0.0
2023-08-27 08:00:00,63.698379611062435,1.3727654688311535,220.83029926521814,0.0
2023-08-27 09:00:00,70.16646529342458,1.3194945867793522,219.06015400075157,0.0
2023-08-27 10:00:00,62.698797633799096,0.990065176848641,217.53726614781232,0.0
2023-08-27 11:00:00,63.18848510752044,1.1106546268554343,218.06661978214996,0.0
2023-08-27 12:00:00,63.65611598465007,1.2313797482397026,218.18700776184707,0.0
2023-08-27 13:00:00,61.35558159233407,1.0301438076179816,220.0140635956991,0.0
2023-08-27 14:00:00,58.37515767131524,1.4741925520258585,220.38212363456262,0.0
2023-08-27 15:00:00,64.30824080442916,0.7196106112098908,219.7026907427373,0.0
2023-08-27 16:00:00,65.40757827224498,1.0442520969261695,219.92157237215133,0.0
2023-08-27 17:00:00,64.84248479438405,1.0980866994260337,217.89855360961135,0.0
2023-08-27 18:00:00,64.56536431415634,0.6312112670456463,220.58627221244777,0.0
2023-08-27 19:00:00,65.12912261255116,0.9207541739527618,222.561037273674,0.0
2023-08-27 20:00:00,68.06852441465229,1.3250579025084137,219.67441663650087,0.0
2023-08-27 21:00:00,64.42866144221234,1.2060567273105927,219.63542658714104,0.0
2023-08-27 22:00:00,63.27775226873819,1.5146272044085805,220.1660021041057,0.0
2023-08-27 23:00:00,64.15662354533575,1.5090452891769637,222.23640971951878,0.0
2023-08-28 00:00:00,66.73804027927032,1.2866092757207892,218.21055400112272,0.0
2023-08-28 01:00:00,69.23608063562975,1.2626476498001422,222.90169467146427,0.0
2023-08-28 02:00:00,63.11556878249247,1.21318622171578,220.84244447887048,0.0
2023-08-28 03:00:00,65.29680136108665,0.6689835964241019,220.05736139139773,0.0
2023-08-28 04:00:00,66.01507232580788,0.9210880973347848,222.42647767332863,0.0
2023-08-28 05:00:00,62.02226597981353,1.2201351006197867,217.6358758522471,0.0
2023-08-28 06:00:00,65.06125150163875,1.3232051417495343,221.0440910724894,0.0
2023-08-28 07:00:00,60.60297842797372,1.257933962427628,220.86061912901323,0.0
2023-08-28 08:00:00,59.692849088781806,1.0215070064568685,218.12908987121241,0.0
2023-08-28 09:00:00,66.10023922367677,1.3874812564938992,220.92127624590765,0.0
2023-08-28 10:00:00,63.84837577600765,1.4964888057509274,220.56661035876098,0.0
2023-08-28 11:00:00,65.60684122286365,1.387597920058268,219.64252376062012,0.0
2023-08-28 12:00:00,64.94631506897495,1.397919865918094,221.72563511046067,0.0
2023-08-28 13:00:00,62.070799854008605,1.0881548404089578,218.85649149528467,0.0
2023-08-28 14:00:00,64.864237094107,1.4151868245401598,220.54064249168673,0.0
2023-08-28 15:00:00,61.30069608495543,1.2291517278655315,219.73665243508935,0.0
2023-08-28 16:00:00,69.1729170740042,1.302311105704401,218.77060635398468,0.0
2023-08-28 17:00:00,60.93208896542011,1.2730863685649418,221.00576937023754,0.0
2023-08-28 18:00:00,64.41264418709426,1.1757025789119178,219.5845285053017,0.0
2023-08-28 19:00:00,61.87318523585826,1.0279995049755395,217.0539870825809,0.0
2023-08-28 20:00:00,66.71126352008238,1.1835726672891906,216.39786779056402,0.0
2023-08-28 21:00:00,64.0057058861555,1.3973523234965646,221.5781149361664,0.0
2023-08-28 22:00:00,63.44399984113637,1.111704838937418,217.55879978554634,0.0
2023-08-28 23:00:00,67.55960463515467,1.3786694525216292,220.55876898680123,0.0
2023-08-29 00:00:00,65.08829177503266,1.3474141341235344,220.10990378725631,0.0
2023-08-29 01:00:00,66.5499333378079,1.1402125205960338,219.2629364460582,0.0
2023-08-29 02:00:00,62.05602219044761,1.4777600207239154,223.9133369144307,0.0
2023-08-29 03:00:00,60.78554916821748,1.1288906657618587,220.3593480369209,0.0
2023-08-29 04:00:00,65.3216238861204,1.5019093725225263,221.51126696536414,0.0
2023-08-29 05:00:00,64.0434609335158,1.2868253963081944,220.5696324306796,0.0
2023-08-29 06:00:00,66.87930401736183,1.1968268163092972,219.53692115376504,0.0
2023-08-29 07:00:00,64.76027464201235,1.0224397239324692,219.96182249952813,0.0
2023-08-29 08:00:00,65.61522601770389,1.1823479539729917,222.91708553132096,0.0
2023-08-29 09:00:00,60.12985241017627,1.1592480973011159,222.17621058520086,0.0
2023-08-29 10:00:00,70.66531081884277,0.9483407229498189,223.9039728633772,0.0
2023-08-29 11:00:00,64.50727404490391,1.1564769154564665,220.44328418594577,0.0
2023-08-29 12:00:00,67.09276091101759,1.0392393639805828,218.2461258685985,0.0
2023-08-29 13:00:00,62.49172498934112,1.3171983537957563,219.11896611128037,0.0
2023-08-29 14:00:00,65.92402970665202,1.4612560951456406,217.62444361640283,0.0
2023-08-29 15:00:00,61.09146570942576,0.9546168647409519,221.53408825775057,0.0
2023-08-29 16:00:00,66.35620351477901,1.5424615456733846,218.8281673678455,0.0
2023-08-29 17:00:00,63.9320777468425,1.174289793122974,213.889364107361,0.0
2023-08-29 18:00:00,65.0875715118067,1.0049957230122972,224.92755139665985,0.0
2023-08-29 19:00:00,67.0939220903903,1.3515509560416366,218.85879772302337,0.0
2023-08-29 20:00:00,61.30237906633916,1.1107091043489903,218.8468181490284,0.0
2023-08-29 21:00:00,62.94652480816161,1.1836526647937011,223.34322338532073,0.0
2023-08-29 22:00:00,66.3719728432603,1.1191443511575843,217.58349709840496,0.0
2023-08-29 23:00:00,71.29466442364024,1.0366524136270199,222.27321177306632,0.0
2023-08-30 00:00:00,64.58575299601556,1.3447994064803808,218.82511511315195,0.0
2023-08-30 01:00:00,66.7734083537718,1.1427397194211626,217.3524091108063,0.0
2023-08-30 02:00:00,64.67908559042456,0.9126696415641508,223.41143552275628,0.0
2023-08-30 03:00:00,70.8267367842689,1.3102120248431866,221.84619389412507,0.0
2023-08-30 04:00:00,59.758334999104235,0.9588835297952489,221.84000196903008,0.0
2023-08-30 05:00:00,65.28386313400807,0.9693479654649482,220.73531109357754,0.0
2023-08-30 06:00:00,60.12336789931382,1.4385212409954633,221.19820326615536,0.0
2023-08-30 07:00:00,57.48028528838985,0.9607320201579576,217.5356839505039,0.0
2023-08-30 08:00:00,65.89238615935345,0.7367110286145018,220.2232217144893,0.0
2023-08-30 09:00:00,65.41849338844237,1.324572296992299,218.1424739990983,0.0
2023-08-30 10:00:00,64.14548918677339,1.1392273141037739,217.2221189618739,0.0
2023-08-30 11:00:00,64.68141772988074,1.1564689757723767,220.82190666141605,0.0
2023-08-30 12:00:00,74.29489830221377,1.13709992132996,222.3162991113191,0.0
2023-08-30 13:00:00,64.2254745859057,1.2463339878037454,219.23326235154389,0.0
2023-08-30 14:00:00,66.53037308375022,1.0494561516193863,219.57597421533092,0.0
2023-08-30 15:00:00,63.051905541158355,1.495222974913153,217.7236987098339,0.0
2023-08-30 16:00:00,65.88569772512182,0.9047539039381203,220.0144342921758,0.0
2023-08-30 17:00:00,64.28529897483315,1.2889749833354245,221.52015222477684,0.0
2023-08-30 18:00:00,63.76844455181081,1.3284242007753166,221.58305547345554,0.0
2023-08-30 19:00:00,70.45669559660098,1.0480696478333242,221.09035235126186,0.0
2023-08-30 20:00:00,68.53155488955302,0.9952531109444362,218.76313766561094,0.0
2023-08-30 21:00:00,65.41023994219769,1.4034348428340313,218.6997419131457,0.0
2023-08-30 22:00:00,58.087364192168096,1.001827849196657,221.59080894648187,0.0
2023-08-30 23:00:00,63.91697233024229,1.0786672118498866,221.62399786443345,0.0
2023-08-31 00:00:00,73.10908269321526,1.3774617924919492,219.6560100291362,0.0
2023-08-31 01:00:00,64.30801500008087,1.2069482467078048,219.14765618486862,0.0
2023-08-31 02:00:00,68.30965271616097,0.840571266474179,222.3344941868914,0.0
2023-08-31 03:00:00,69.3258272058578,1.5494118289107028,219.2801026703735,0.0
2023-08-31 04:00:00,65.65689174756793,1.0939978482440067,221.49186444904757,0.0
2023-08-31 05:00:00,62.47453510439554,1.1194485420187166,219.7263136502838,0.0
2023-08-31 06:00:00,57.69406300465133,1.251156850465273,217.904934437926,0.0
2023-08-31 07:00:00,67.05248962582687,1.3250153594008145,223.2246242800474,0.0
2023-08-31 08:00:00,62.555731991529356,1.5922208582582933,220.24012779146295,0.0
2023-08-31 09:00:00,65.52845135566308,0.8679863701188606,218.57851204022384,0.0
2023-08-31 10:00:00,61.250538981231905,1.365190441785189,217.2183886644496,0.0
2023-08-31 11:00:00,64.2042873785894,1.3486019388100154,217.41999840352634,0.0
2023-08-31 12:00:00,65.10115716470315,1.1725670178251766,219.2541771918108,0.0
2023-08-31 13:00:00,65.8057807431329,1.3574547389632445,223.85025776706718,0.0
2023-08-31 14:00:00,61.65553343794276,1.3868548035273094,218.83067624265152,0.0
2023-08-31 15:00:00,68.59073284628406,0.9236074430025991,222.89490966469242,0.0
2023-08-31 16:00:00,63.20931564580408,1.5499533011761661,219.73847266279384,0.0
2023-08-31 17:00:00,59.97659161864026,0.8882475493723716,217.63769921779664,0.0
2023-08-31 18:00:00,64.67292974010961,0.9729367437522454,219.05357762309922,0.0
2023-08-31 19:00:00,65.10312592707938,1.1476424652751807,217.43802415252512,0.0
2023-08-31 20:00:00,65.48176829951528,1.5849881026374113,218.28806309607228,0.0
2023-08-31 21:00:00,69.08639721105524,1.1383486740493227,218.22850387624817,0.0
2023-08-31 22:00:00,64.29065348979242,1.1936132219898379,216.19239226503745,0.0
2023-08-31 23:00:00,64.64114112689369,1.4864157207809128,223.02559213762945,0.0
2023-09-01 00:00:00,61.69044685630072,1.1399363714869053,220.42203406044456,0.0
2023-09-01 01:00:00,67.4616605086637,0.9643126574138648,218.6274431887638,0.0
2023-09-01 02:00:00,65.5529271922343,1.116553032952337,220.44351549286677,0.0
2023-09-01 03:00:00,63.739916818117514,1.4741583667611555,218.32903921271588,0.0
2023-09-01 04:00:00,59.28597591960361,1.2141729994110273,214.65787606926048,0.0
2023-09-01 05:00:00,69.33323658516527,1.586131651811252,225.9133832664531,0.0
2023-09-01 06:00:00,61.316960106631825,1.347586985252431,220.37919975335413,0.0
2023-09-01 07:00:00,63.226165971890886,1.0710382127213034,218.82197392137047,0.0
2023-09-01 08:00:00,66.07503353322801,1.2102152608930157,216.13217037664512,0.0
2023-09-01 09:00:00,61.41032621414994,1.029356376371624,217.01170040971488,0.0
2023-09-01 10:00:00,60.51947066524057,1.066313393870246,223.30898385910982,0.0
2023-09-01 11:00:00,58.628157251898,2.0958168502051513,223.00387709759693,0.0
2023-09-01 12:00:00,67.16299085871691,1.4037249020067621,221.5064300719979,0.0
2023-09-01 13:00:00,63.364441265821036,1.3722195978013345,217.76984592318038,0.0
2023-09-01 14:00:00,73.78181027741999,1.0753639369383872,223.019947975954,0.0
2023-09-01 15:00:00,62.01693480310738,1.5139168132562157,220.8995652358887,0.0
2023-09-01 16:00:00,62.23564692971323,1.4198831203585873,221.30984889670307,0.0
2023-09-01 17:00:00,63.303821089143796,1.5763242578715542,220.8923418888865,0.0
2023-09-01 18:00:00,65.72940396541547,1.5666228296796898,216.9860256307478,0.0
2023-09-01 19:00:00,63.58938998364407,0.9041821423804955,217.60367809850624,0.0
2023-09-01 20:00:00,66.83699664200753,0.9780321021460185,218.97956366718327,0.0
2023-09-01 21:00:00,62.06423483003404,0.9992424369072727,221.28727941506622,0.0
2023-09-01 22:00:00,60.85522484460925,1.0112118713335125,217.2391358355137,0.0
2023-09-01 23:00:00,59.60535578177268,1.264690472852078,219.64930717011163,0.0
2023-09-02 00:00:00,58.32927749618841,1.0866393095808364,219.6467809796739,0.0
2023-09-02 01:00:00,63.44579294157483,1.6145197081525038,221.58547937865515,0.0
2023-09-02 02:00:00,64.09705906282034,1.5809359764163275,221.34934307121532,0.0
2023-09-02 03:00:00,63.10568891755045,1.198707681184192,217.97954814189575,0.0
2023-09-02 04:00:00,68.73021739156148,1.591065243229958,222.89337233897461,0.0
2023-09-02 05:00:00,68.6840906288244,1.4976269254480403,217.67352034249942,0.0
2023-09-02 06:00:00,63.99559103766649,1.1098586881645482,222.1844788838015,0.0
2023-09-02 07:00:00,59.61823666042411,0.7981569311948876,218.89971020330321,0.0
2023-09-02 08:00:00,63.29988467583484,1.156406323007854,220.32785190686675,0.0
2023-09-02 09:00:00,63.20053581824882,1.0710755737843054,220.4519749202086,0.0
2023-09-02 10:00:00,63.02859511316583,1.2413011250291661,220.3954148814176,0.0
2023-09-02 11:00:00,62.90684328830527,1.2178456573749499,221.34899839686915,0.0
2023-09-02 12:00:00,63.03961131282558,1.2126035317798456,220.78291899586708,0.0
2023-09-02 13:00:00,63.84037515230672,1.3047369482758329,221.56729825974108,0.0
2023-09-02 14:00:00,63.09337670355333,0.9574956105832643,220.92923992069026,0.0
2023-09-02 15:00:00,65.62496752587677,1.2822720555139415,217.4710894821483,0.0
2023-09-02 16:00:00,66.08110614771458,1.1120767693965987,220.539598149116,0.0
2023-09-02 17:00:00,62.26806473845253,1.2399964399727375,218.87226019498934,0.0
2023-09-02 18:00:00,68.8131959780211,1.391481969046438,217.78147504418544,0.0
2023-09-02 19:00:00,62.05981309447816,0.955120045355794,219.4203202146454,0.0
2023-09-02 20:00:00,60.146598158553985,1.143741269466086,220.36647119807017,0.0
2023-09-02 21:00:00,66.14233421409516,1.1762931531942271,220.49935005597558,0.0
2023-09-02 22:00:00,62.54777559675698,1.0971462056858718,222.11204949028053,0.0
2023-09-02 23:00:00,65.96387441227216,1.3799658992265913,222.61461823794315,0.0
2023-09-03 00:00:00,57.78899419669841,1.0559223282399057,220.67256166151472,0.0
2023-09-03 01:00:00,69.1773678244492,1.0889199201115323,221.03421275401882,0.0
2023-09-03 02:00:00,67.01688022412121,1.058016173409587,220.1906180663513,0.0
2023-09-03 03:00:00,60.498570352510995,1.4184110822877602,221.53445092729916,0.0
2023-09-03 04:00:00,60.563668628461144,1.1015111775175566,220.97397627767413,0.0
2023-09-03 05:00:00,70.01679771229259,1.2920090781767113,219.8910238122844,0.0
2023-09-03 06:00:00,62.78786028950613,1.5951410202460148,224.3039651340086,0.0
2023-09-03 07:00:00,62.49744545380213,1.185036315929883,218.90763327311637,0.0
2023-09-03 08:00:00,58.20184371755215,1.4224121360066315,222.90891391341668,0.0
2023-09-03 09:00:00,63.947665383195336,1.5342708168186256,217.29141414734613,0.0
2023-09-03 10:00:00,64.31684115549274,1.4054383120080827,221.6272330729029,0.0
2023-09-03 11:00:00,67.14647929030846,1.196639736804452,222.87313670345367,0.0
2023-09-03 12:00:00,60.80276471544657,1.3284215517997227,216.18556185798417,0.0
2023-09-03 13:00:00,60.43913962327817,0.9425242813729309,220.2779011461102,0.0
2023-09-03 14:00:00,66.35288790432944,1.0439913683700095,221.4308280824881,0.0
2023-09-03 15:00:00,68.02019021368119,1.0790649636736163,220.50392720825613,0.0
2023-09-03 16:00:00,60.28654294664635,1.6481224240348564,220.75631187121394,0.0
2023-09-03 17:00:00,68.24454225889923,1.0374830971489466,220.27244632475333,0.0
2023-09-03 18:00:00,65.11262552446047,1.034504649747634,217.8115043472768,0.0
2023-09-03 19:00:00,68.27541601722393,0.9912158039502033,224.73609118431088,0.0
2023-09-03 20:00:00,64.78933891544715,1.311962352386152,218.9929242733684,0.0
2023-09-03 21:00:00,57.43316624753615,1.2285242785337764,220.8683224775578,0.0
2023-09-03 22:00:00,64.54409785305188,1.417351795405313,218.70632064582915,0.0
2023-09-03 23:00:00,68.1804314560138,1.3342519332154708,215.4482736199586,0.0
2023-09-04 00:00:00,62.31876194274886,0.9239220306551865,218.15097425250207,0.0
2023-09-04 01:00:00,63.836105093277645,1.0385444459979258,217.1047866154497,0.0
2023-09-04 02:00:00,64.47159948934707,1.4730657496551642,222.18313507844897,0.0
2023-09-04 03:00:00,56.301458360394555,1.159340351084639,218.78626396791108,0.0
2023-09-04 04:00:00,70.01404272631243,1.4375183636036026,218.97181732164006,0.0
2023-09-04 05:00:00,62.29587296030848,1.1700638104169365,217.87133857479253,0.0
2023-09-04 06:00:00,66.5172062974184,1.0064687143422957,220.1880707974302,0.0
2023-09-04 07:00:00,64.73989659155538,1.1393478444666587,218.56708296727743,0.0
2023-09-04 08:00:00,68.77285716907808,1.0063900408900608,221.98470946249358,0.0
2023-09-04 09:00:00,66.21816836728425,1.0868894475195152,220.60407864617832,0.0
2023-09-04 10:00:00,64.29522718543707,1.2401851413130491,218.85634842855112,0.0
2023-09-04 11:00:00,62.31945472244216,1.302321018073804,221.70046610367405,0.0
2023-09-04 12:00:00,67.39355210414642,0.8819617353491402,220.01588104604647,0.0
2023-09-04 13:00:00,59.37967608813615,1.1965263984981802,220.04299381137992,0.0
2023-09-04 14:00:00,66.93767126082767,1.0826768528880495,217.07473019253615,0.0
2023-09-04 15:00:00,61.70286574533538,1.0703170382082374,219.85782773442938,0.0
2023-09-04 16:00:00,68.75685098586992,1.2265369238266153,220.64308927863598,0.0
2023-09-04 17:00:00,65.48389862798808,1.0899096254621576,222.6671336443967,0.0
2023-09-04 18:00:00,66.93237130355033,1.4764275989693347,218.49621274019336,0.0
2023-09-04 19:00:00,65.24596644147415,1.437612375250212,224.556217246771,0.0
2023-09-04 20:00:00,59.74286871457701,1.436365658788408,221.11373663365796,0.0
2023-09-04 21:00:00,62.417812509813984,1.1010179609019395,216.96117624793237,0.0
2023-09-04 22:00:00,67.01716801283415,1.0075002330161356,218.30960377182888,0.0
2023-09-04 23:00:00,65.49996745207953,1.216405985877623,222.84199832843365,0.0
2023-09-05 00:00:00,68.54296971591701,1.1699303267427466,222.48645828592478,0.0
2023-09-05 01:00:00,66.20982368911152,1.078235367515327,220.036186963121,0.0
2023-09-05 02:00:00,62.099894327892024,0.9648531106666076,220.2998354061157,0.0
2023-09-05 03:00:00,62.6118075868381,1.1916964061463857,217.67077945254806,0.0
2023-09-05 04:00:00,65.30875217156971,1.1191861099495053,222.64288548047068,0.0
2023-09-05 05:00:00,58.057867801999684,1.3376694074076039,218.02446582645106,0.0
2023-09-05 06:00:00,70.02032565686895,1.3330212103042958,221.68948222224682,0.0
2023-09-05 07:00:00,66.32524020913267,1.4201599610845435,222.70408473733028,0.0
2023-09-05 08:00:00,68.68110379114661,0.9481408896239922,220.096311108439,0.0
2023-09-05 09:00:00,60.25818817757249,1.2802116615387265,221.9352227322444,0.0
2023-09-05 10:00:00,68.73369548106577,1.0545068587532656,223.6952794160514,0.0
2023-09-05 11:00:00,71.69449673308324,0.955917157837783,220.53593759842147,0.0
2023-09-05 12:00:00,61.03736493386805,1.114279552610258,219.64939636713612,0.0
2023-09-05 13:00:00,67.3142053847113,1.4137409960269236,219.86629428489698,0.0
2023-09-05 14:00:00,65.00332983406187,1.125536329285903,218.51402419465583,0.0
2023-09-05 15:00:00,60.36669845525527,1.5130909319918224,218.46883241452625,0.0
2023-09-05 16:00:00,66.47865191555562,1.3097757031040667,220.8848135276514,0.0
2023-09-05 17:00:00,67.50080961451205,1.1211819042038846,219.67210035570142,0.0
2023-09-05 18:00:00,63.19662034199346,1.4320096857812816,220.65513835370254,0.0
2023-09-05 19:00:00,68.49774956076567,1.2890793544228571,217.02012770029486,0.0
2023-09-05 20:00:00,59.999709779632404,1.0134881223106589,219.8147623496257,0.0
2023-09-05 21:00:00,60.51573156065107,1.571760527116103,222.06023570018093,0.0
2023-09-05 22:00:00,65.40979218676625,1.2518957646172952,217.76215144604797,0.0
2023-09-05 23:00:00,65.07615583391681,1.2037592383970983,220.0330528282691,0.0
2023-09-06 00:00:00,62.85027953472768,1.0288934660188769,216.29078137820318,0.0
2023-09-06 01:00:00,67.42878330791565,1.4359076535215476,217.38907595545365,0.0
2023-09-06 02:00:00,66.59268294264785,1.3034550854722613,221.6153217753561,0.0
2023-09-06 03:00:00,67.57441721280205,1.325847636059048,219.3814314133741,0.0
2023-09-06 04:00:00,64.63059069394319,1.0984937312948462,223.6441457310771,0.0
2023-09-06 05:00:00,66.80774080393502,1.3668201143820136,220.86488622084863,0.0
2023-09-06 06:00:00,63.663049090910015,1.3823627187141603,221.06119132977864,0.0
2023-09-06 07:00:00,71.16145607025979,1.0662443522437755,217.8470359002102,0.0
2023-09-06 08:00:00,62.56236268963404,0.9166019720638017,219.2297892463111,0.0
2023-09-06 09:00:00,71.31589228837494,1.3162746118677848,218.53472763590477,0.0
2023-09-06 10:00:00,65.10466384126822,0.885330610078852,217.86911652089884,0.0
2023-09-06 11:00:00,60.873467331293774,1.2304031555675559,221.32778625219228,0.0
2023-09-06 12:00:00,69.1042380514658,1.1105509790425385,221.72903173153736,0.0
2023-09-06 13:00:00,65.37770416518488,1.4437330421577843,220.7978743883349,0.0
2023-09-06 14:00:00,67.55337229514072,1.1214312218465585,218.34386561354802,0.0
2023-09-06 15:00:00,68.67156775562778,1.4214545944007608,220.66146007019492,0.0
2023-09-06 16:00:00,66.01386666243508,1.0971581111273947,216.1746431970687,0.0
2023-09-06 17:00:00,63.22327746556156,1.3999982010119223,222.64601853741607,0.0
2023-09-06 18:00:00,67.92714013300775,1.6120683087673664,217.40369964872514,0.0
2023-09-06 19:00:00,65.00226652236378,0.9863905723267519,217.75908203512307,0.0
2023-09-06 20:00:00,67.05757345582526,1.2584071443461815,220.23058453914038,0.0
2023-09-06 21:00:00,58.538808278625616,1.749756483182013,220.4083191204841,0.0
2023-09-06 22:00:00,66.34094515102956,1.2133177653805842,219.85450280309644,0.0
2023-09-06 23:00:00,63.08424252456491,1.2123576540459295,217.7797441180354,0.0
2023-09-07 00:00:00,69.9599289115356,1.3576997894702039,222.2666959872066,0.0
2023-09-07 01:00:00,66.86926204366729,1.2082161728189509,216.6281015978615,0.0
2023-09-07 02:00:00,65.71957323754789,0.8585548010858894,217.0334620191031,0.0
2023-09-07 03:00:00,66.45892998005067,1.4264574749677876,219.78603445609104,0.0
2023-09-07 04:00:00,62.00467744136984,0.7994103172269613,217.47153203631123,0.0
2023-09-07 05:00:00,69.86977007158416,1.1166416697723316,222.44525055255184,0.0
2023-09-07 06:00:00,70.97411125525072,1.4414851498313297,217.64357072917417,0.0
2023-09-07 07:00:00,66.17874053164465,1.1286915142714429,223.11405430442062,0.0
2023-09-07 08:00:00,69.77121070572092,1.0612607015071192,222.07024433154314,0.0
2023-09-07 09:00:00,63.2925554039824,1.375852781033312,222.47011147101517,0.0
2023-09-07 10:00:00,62.608659301325055,1.0297770426331225,223.7742119659065,0.0
2023-09-07 11:00:00,65.12277424618676,0.9555548560816092,220.16245584819154,0.0
2023-09-07 12:00:00,66.3048231151037,1.2549027974986566,217.9740508083601,0.0
2023-09-07 13:00:00,63.81803995627064,1.1634153403174818,219.79398424846272,0.0
2023-09-07 14:00:00,66.61330457110545,0.9512653771622316,218.86666878918209,0.0
2023-09-07 15:00:00,65.91916844622024,1.3273905079989738,218.58161745497256,0.0
2023-09-07 16:00:00,62.00507967412683,1.2928975211154468,220.30170687361365,0.0
2023-09-07 17:00:00,66.55637905235517,1.1280489966788736,219.3765915715845,0.0
2023-09-07 18:00:00,67.59058472756456,1.1417335987750106,218.495580631366,0.0
2023-09-07 19:00:00,65.51440795277118,1.2940785484018313,219.5091952148255,0.0
2023-09-07 20:00:00,68.45794430978508,1.4380722839504132,221.0979569284074,0.0
2023-09-07 21:00:00,61.347788619509146,1.143441357978135,221.91283441318538,0.0
2023-09-07 22:00:00,66.40385126639555,1.3309376986016288,216.79415217361802,0.0
2023-09-07 23:00:00,61.48915788080968,1.3130400434169198,219.39359782734292,0.0
2023-09-08 00:00:00,61.657755925300734,1.3758614585417952,219.7173135890506,0.0
2023-09-08 01:00:00,63.10720749878663,1.207861839748693,217.63495995554473,0.0
2023-09-08 02:00:00,62.17381944927727,1.0175348971867284,219.7605885339186,0.0
2023-09-08 03:00:00,63.356012543776586,1.1075001693600062,220.29599121908007,0.0
2023-09-08 04:00:00,64.35754906786643,1.2685706931563296,221.037669090562,0.0
2023-09-08 05:00:00,67.51146345899416,1.5636928756763186,220.15431605126335,0.0
2023-09-08 06:00:00,64.0365228838829,1.1031960753607444,218.2381011800049,0.0
2023-09-08 07:00:00,60.24312287969122,1.3609574887054798,224.0240600551437,0.0
2023-09-08 08:00:00,68.42020353948548,1.134388709864648,221.6582535432432,0.0
2023-09-08 09:00:00,62.48872959915488,1.2220937511772272,221.10543948929973,0.0
2023-09-08 10:00:00,64.82383871868612,1.5030793498527184,222.00966251402187,0.0
2023-09-08 11:00:00,66.33960952082214,1.3528585162840865,220.48921834362096,0.0
2023-09-08 12:00:00,65.59883125520835,0.9517401454518086,222.5726017710439,0.0
2023-09-08 13:00:00,68.28253864256443,1.0855049952376818,220.11374390057154,0.0
2023-09-08 14:00:00,66.43700943017828,1.4512442688882716,220.00349492054838,0.0
2023-09-08 15:00:00,62.41607126090867,1.228375608525699,221.2704569575824,0.0
2023-09-08 16:00:00,71.53568652197498,0.9702319760768272,223.15271509258184,0.0
2023-09-08 17:00:00,65.5830003900147,1.0362095110052558,223.0240972305786,0.0
2023-09-08 18:00:00,64.55797932013549,1.3406987045422343,221.18569519652,0.0
2023-09-08 19:00:00,67.89177626916671,1.398882056243526,221.0332237171536,0.0
2023-09-08 20:00:00,65.74835283779022,1.203571060296435,221.39208482219297,0.0
2023-09-08 21:00:00,66.19768457881798,1.6950627601872204,221.9712418266732,0.0
2023-09-08 22:00:00,72.47655199580205,1.3648304726911276,222.5974638788265,0.0
2023-09-08 23:00:00,64.17463571523486,1.1513037860734199,219.5268318319923,0.0
2023-09-09 00:00:00,64.04671731794781,1.0368587903801312,222.63612257967478,0.0
2023-09-09 01:00:00,65.34973553603739,1.0050231390721915,220.6859902281426,0.0
2023-09-09 02:00:00,68.21454780674311,1.2670842640960738,221.3018632449999,0.0
2023-09-09 03:00:00,60.4803979094288,1.1022445910173186,222.763898643068,0.0
2023-09-09 04:00:00,59.103332325570484,1.5347487507966848,221.49412450018136,0.0
2023-09-09 05:00:00,63.238654188139556,1.493262360583572,221.83199112630567,0.0
2023-09-09 06:00:00,60.09823112282214,1.3266133094994454,219.22116293343515,0.0
2023-09-09 07:00:00,63.72550595742308,0.9642007654086209,222.99662308749936,0.0
2023-09-09 08:00:00,66.50749908838787,1.065556225489519,221.39137342215224,0.0
2023-09-09 09:00:00,62.32775340934321,1.4511355051482202,220.252131435681,0.0
2023-09-09 10:00:00,60.71952026965597,1.0873867600409794,222.2021487737862,0.0
2023-09-09 11:00:00,65.20801148514605,1.424428346783905,225.17566099552099,0.0
2023-09-09 12:00:00,67.5876304538455,1.2949207846069521,217.66215099635613,0.0
2023-09-09 13:00:00,59.91507968445016,1.2103435769626374,218.39253475415344,0.0
2023-09-09 14:00:00,67.46069719491796,1.0594334374129117,225.37061061767176,0.0
2023-09-09 15:00:00,67.45191861121498,1.1811512312950496,220.85338968460874,0.0
2023-09-09 16:00:00,67.86225530646989,1.2379295909749795,220.38173935726314,0.0
2023-09-09 17:00:00,68.65544064461506,1.4065077796602243,219.76922851667567,0.0
2023-09-09 18:00:00,71.60604177397884,1.022852879873249,222.4168720019429,0.0
2023-09-09 19:00:00,63.93172385414283,1.1474366314947768,225.22249461762058,0.0
2023-09-09 20:00:00,65.32871474023358,1.2089646263864569,218.66962291853332,0.0
2023-09-09 21:00:00,63.750684700255924,1.332535671537233,219.80624654562132,0.0
2023-09-09 22:00:00,65.00593053426743,1.0183071324954445,219.29854574286426,0.0
2023-09-09 23:00:00,69.59862006690894,0.9366860414225568,221.46572995363854,0.0
2023-09-10 00:00:00,60.964956548207994,1.33479303034201,222.44478687530116,0.0
2023-09-10 01:00:00,62.416850983503274,0.8964101770106593,223.24186557066622,0.0
2023-09-10 02:00:00,69.13154280951369,1.4569959429524335,221.53343656524055,0.0
2023-09-10 03:00:00,68.06010952070626,1.1688147805034184,225.03866558248723,0.0
2023-09-10 04:00:00,63.910605059548764,0.8904937835451107,218.85049403358516,0.0
2023-09-10 05:00:00,67.56320600336215,1.103915956119301,218.3309188951346,0.0
2023-09-10 06:00:00,66.0236475274761,1.2758247266138474,222.93868858663242,0.0
2023-09-10 07:00:00,69.50082382700296,1.0934597824890044,220.24566463919268,0.0
2023-09-10 08:00:00,65.22352878148031,1.2040059497648694,217.24811935316944,0.0
2023-09-10 09:00:00,68.07689634161775,1.3480156731410573,219.3678740567251,0.0
2023-09-10 10:00:00,72.92603573147787,1.159561932922476,220.51131730819455,0.0
2023-09-10 11:00:00,66.79429746514239,1.012588464706773,218.70750352418528,0.0
2023-09-10 12:00:00,65.14798449738453,1.1402032005256317,217.97067862581082,0.0
2023-09-10 13:00:00,67.16734095566294,1.482968027291852,219.58474172694824,0.0
2023-09-10 14:00:00,63.90415742538835,1.5370128690666367,217.87093315927657,0.0
2023-09-10 15:00:00,72.1639031165742,0.7960147652115449,221.27026207796047,0.0
2023-09-10 16:00:00,65.54021311308794,1.4182055818382953,216.1123903062143,0.0
2023-09-10 17:00:00,64.18120003932346,1.2500295432070712,220.18084985593086,0.0
2023-09-10 18:00:00,62.49293298493989,1.38479653582403,221.0390197762166,0.0
2023-09-10 19:00:00,68.29166057481932,1.089902347946474,219.81891752050325,0.0
2023-09-10 20:00:00,67.60156223848321,0.8463472980997027,222.18644579414175,0.0
2023-09-10 21:00:00,63.50793688575772,1.3168977577294922,217.25887753159174,0.0
2023-09-10 22:00:00,66.72935403536727,1.0118045477434565,218.59782099724777,0.0
2023-09-10 23:00:00,60.47433209536143,0.9223415137030295,219.3399307074982,0.0
2023-09-11 00:00:00,65.55491172521947,0.9363197235053067,221.4254491388186,0.0
2023-09-11 01:00:00,66.35826905623009,1.3201827564830668,220.43701517209223,0.0
2023-09-11 02:00:00,70.12198942867767,1.2278904932058394,224.28673196548485,0.0
2023-09-11 03:00:00,62.687543591813935,1.3564932043749347,218.38842820605223,0.0
2023-09-11 04:00:00,61.16494211359303,1.333815050899273,217.2100222028387,0.0
2023-09-11 05:00:00,62.31371611722487,1.1158132870832467,223.57817796586613,0.0
2023-09-11 06:00:00,60.99029449905524,1.1859052852245089,217.13828283213525,0.0
2023-09-11 07:00:00,69.00997207327696,1.097712494243492,221.3661254227981,0.0
2023-09-11 08:00:00,69.64591788507211,1.1579344454269018,218.04265991595605,0.0
2023-09-11 09:00:00,65.96064973384648,1.0065490524037868,215.86136329830464,0.0
2023-09-11 10:00:00,68.66388483705545,1.278096858774867,219.25043241237353,0.0
2023-09-11 11:00:00,65.4018751417407,1.4150241497963512,221.79899992495433,0.0
2023-09-11 12:00:00,64.7146650568977,1.0366773940358027,217.55645782305385,0.0
2023-09-11 13:00:00,64.00088714283872,1.4562539290802685,221.15218945628965,0.0
2023-09-11 14:00:00,64.06882702586731,1.2227042992955883,221.5257271223729,0.0
2023-09-11 15:00:00,60.35659533107291,1.2482157952811626,217.4566197169614,0.0
2023-09-11 16:00:00,65.79276429082202,0.8601140960784963,219.54447742257526,0.0
2023-09-11 17:00:00,64.87899826935787,0.8385475380868531,223.15414964465432,0.0
2023-09-11 18:00:00,67.23608217223362,1.2288232725559363,221.3011852399275,0.0
2023-09-11 19:00:00,65.28057048931583,1.3579464249264015,219.47701507084795,0.0
2023-09-11 20:00:00,64.51188889529273,1.0657239112710095,220.83059096250784,0.0
2023-09-11 21:00:00,62.386420909977105,1.5340187801166179,218.6294733830591,0.0
2023-09-11 22:00:00,65.21645971046529,1.346987194850863,222.22739135677006,0.0
2023-09-11 23:00:00,67.21471169244849,1.0183317496584028,222.2265201292043,0.0
2023-09-12 00:00:00,61.56998302674842,1.2061697334107013,220.2418118301721,0.0
2023-09-12 01:00:00,65.26242126104222,1.6953858267446824,220.4614123129154,0.0
2023-09-12 02:00:00,65.69912885458845,0.9514871994400589,218.00240624998867,0.0
2023-09-12 03:00:00,62.845805649145206,1.305653987783021,217.29592714586434,0.0
2023-09-12 04:00:00,63.236431085275996,1.1354510894553316,219.24679051211695,0.0
2023-09-12 05:00:00,65.69183254629864,1.3413792581837023,219.82519658061764,0.0
2023-09-12 06:00:00,61.59973694512213,1.4534547292636764,222.125254994776,0.0
2023-09-12 07:00:00,66.04977114574818,1.1227525822577265,221.84485550123662,0.0
2023-09-12 08:00:00,62.3139368790224,1.4237824543414348,220.3696657767182,0.0
2023-09-12 09:00:00,68.18856107909966,1.6442406788543922,222.3810779687456,0.0
2023-09-12 10:00:00,72.0134832361649,1.213254947468847,218.1130276423712,0.0
2023-09-12 11:00:00,62.41772959489454,1.356977737498837,222.15467377455673,0.0
2023-09-12 12:00:00,66.60262358712403,1.081911845959345,218.41914257130105,0.0
2023-09-12 13:00:00,62.819774285353944,1.2038518618062424,222.47938906012848,0.0
2023-09-12 14:00:00,68.12286252139337,1.1646649814583514,219.97330707046004,0.0
2023-09-12 15:00:00,61.204224772744354,1.3593871851317192,216.00342664692454,0.0
2023-09-12 16:00:00,66.44176027528314,1.4409351871513851,221.46031432806288,0.0
2023-09-12 17:00:00,62.381033099331944,1.178069030176508,221.61909151900156,0.0
2023-09-12 18:00:00,64.3790462327049,1.5067245691465847,219.08683989102283,0.0
2023-09-12 19:00:00,61.90692417455808,1.5060094883123258,219.25748084321197,0.0
2023-09-12 20:00:00,67.46705141268725,1.36937074863598,219.6809094402308,0.0
2023-09-12 21:00:00,62.48905893668124,1.0967946936556543,216.14969637474746,0.0
2023-09-12 22:00:00,66.65589277799549,1.0776342366520195,215.2705436538097,0.0
2023-09-12 23:00:00,63.967705915213,1.0375237290619923,222.60325127626078,0.0
2023-09-13 00:00:00,64.65658288460341,1.3898332140476322,218.35186466517885,0.0
2023-09-13 01:00:00,65.44326772220039,0.9576463585021271,223.71052821915274,0.0
2023-09-13 02:00:00,62.71452598502346,1.3353675308222015,222.74080360227782,0.0
2023-09-13 03:00:00,65.63110134062266,0.9837781304351774,223.13439062853948,0.0
2023-09-13 04:00:00,69.59100369306323,1.3647092239683947,218.6994020950657,0.0
2023-09-13 05:00:00,62.66571564250186,1.2034439165461122,216.78319762613884,0.0
2023-09-13 06:00:00,68.51543042982154,1.4667277123719655,217.82623538681128,0.0
2023-09-13 07:00:00,69.49429290046335,1.4282909156642543,219.10709054569418,0.0
2023-09-13 08:00:00,62.551535032915865,1.4870130824004222,215.2535405342987,0.0
2023-09-13 09:00:00,60.63483618472834,1.4921637436578226,219.04914862175167,0.0
2023-09-13 10:00:00,65.90588270051529,1.2287261667976395,219.59664394497779,0.0
2023-09-13 11:00:00,63.35777743169938,0.968241386715079,217.41115805682662,0.0
2023-09-13 12:00:00,70.605809657489,0.9894953890005243,217.91902980350832,0.0
2023-09-13 13:00:00,65.1044226214995,0.7826302941368124,219.5588029576384,0.0
2023-09-13 14:00:00,62.59340177589446,0.9832668333143813,220.71257309662062,0.0
2023-09-13 15:00:00,61.55852146696486,1.2137647315409297,218.21835466399952,0.0
2023-09-13 16:00:00,68.26971487727249,1.0880691638349675,220.58450521915253,0.0
2023-09-13 17:00:00,63.28644807774744,1.1639728791180297,220.2736920159757,0.0
2023-09-13 18:00:00,65.13148639838128,1.2985430838922802,220.09377171803678,0.0
2023-09-13 19:00:00,67.86740823533744,1.1391869483868484,218.69597175228685,0.0
2023-09-13 20:00:00,63.54722494420751,0.9756342399174831,217.33324080792923,0.0
2023-09-13 21:00:00,64.86221351377952,1.1893532664873134,223.3929039598015,0.0
2023-09-13 22:00:00,64.95029477053244,1.020301902645431,221.26061183291486,0.0
2023-09-13 23:00:00,67.04997353454827,1.1458427006041874,222.01146330612147,0.0
2023-09-14 00:00:00,66.77223300653098,1.4685553928846007,219.83274063032215,0.0
2023-09-14 01:00:00,64.33965880623552,1.145898939180765,219.67194911547972,0.0
2023-09-14 02:00:00,65.19094718448956,1.554191510669549,220.98131936145077,0.0
2023-09-14 03:00:00,63.884662965429534,1.486327197387594,216.33062329909552,0.0
2023-09-14 04:00:00,60.56716277924166,1.0841389382841913,217.77071306129372,0.0
2023-09-14 05:00:00,65.7728025721944,0.9777752467168448,218.40445024394324,0.0
2023-09-14 06:00:00,70.6765752824992,1.1894891676159614,219.09086715491648,0.0
2023-09-14 07:00:00,62.34884257792681,1.4306655526793777,218.24060864105968,0.0
2023-09-14 08:00:00,62.68091087119189,1.1019618187542624,220.6656142505015,0.0
2023-09-14 09:00:00,62.38781668506878,1.381618059652428,220.16289446892569,0.0
2023-09-14 10:00:00,67.17377533616937,1.4416879978272177,222.78572937950275,0.0
2023-09-14 11:00:00,66.34545636258932,1.045194869927479,224.94751831422514,0.0
2023-09-14 12:00:00,64.52438692275064,1.0647897823422825,217.47429951970312,0.0
2023-09-14 13:00:00,62.245942815083104,1.3425324064254014,220.2946104279369,0.0
2023-09-14 14:00:00,65.27713037491978,1.230369509928314,220.29105175641394,0.0
2023-09-14 15:00:00,60.306133617992586,1.0627876946912642,219.97160386047068,0.0
2023-09-14 16:00:00,65.43027970057248,1.1295639103760824,217.830350858069,0.0
2023-09-14 17:00:00,67.61457315826381,1.185896089454516,218.16560510871489,0.0
2023-09-14 18:00:00,61.24640259009897,0.8870291150089078,220.48081122383223,0.0
2023-09-14 19:00:00,60.40244516951101,1.353128621296539,218.10929985338552,0.0
2023-09-14 20:00:00,69.73831367508458,1.1042615622121617,220.318543944334,0.0
2023-09-14 21:00:00,63.16472108148625,0.6432567552403802,219.5081004309088,0.0
2023-09-14 22:00:00,68.40784353783147,1.1952258063381094,220.28331580624257,0.0
2023-09-14 23:00:00,64.53800700440651,1.0516857482212985,218.09339905913114,0.0
2023-09-15 00:00:00,64.51413554917602,1.5377644384605353,220.31493848466909,0.0
2023-09-15 01:00:00,66.31523809848994,1.0829109958160064,218.23809483304683,0.0
2023-09-15 02:00:00,62.34800342976068,0.9804713272842778,220.32139121731385,0.0
2023-09-15 03:00:00,65.39749143048694,1.301586533992403,222.6787922448783,0.0
2023-09-15 04:00:00,63.85553175552772,1.0679105263984834,220.52196770003215,0.0
2023-09-15 05:00:00,61.038519669784904,1.0441087597495535,220.6437407647661,0.0
2023-09-15 06:00:00,66.0124462241792,1.301900276564881,221.6344130349951,0.0
2023-09-15 07:00:00,64.21007657936624,0.9919065384220868,217.19288331105346,0.0
2023-09-15 08:00:00,64.52892551466587,0.9085452683601094,223.43784314744602,0.0
2023-09-15 09:00:00,61.36951716975753,1.5451996004188673,217.88882001477526,0.0
2023-09-15 10:00:00,69.77420110328842,1.3158997475201288,221.75932199473786,0.0
2023-09-15 11:00:00,67.63014255915834,1.1471581430011268,221.49381997451263,0.0
2023-09-15 12:00:00,67.89246765251593,1.1993045580596127,218.1956672769905,0.0
2023-09-15 13:00:00,64.08366589267496,1.3011728716232311,222.01777227353352,0.0
2023-09-15 14:00:00,59.81245133148974,1.394667489922684,220.9956255328266,0.0
2023-09-15 15:00:00,70.85875214746854,1.0488049417369976,223.77995728880452,0.0
2023-09-15 16:00:00,64.8167074759824,1.2732293051931365,220.3867575026826,0.0
2023-09-15 17:00:00,62.75360061193984,1.0986591647579522,219.7829133369548,0.0
2023-09-15 18:00:00,66.25040472344934,1.1622037510974752,218.97047494416358,0.0
2023-09-15 19:00:00,68.50136236400989,1.2321385734929808,216.51328945729765,0.0
2023-09-15 20:00:00,64.9308483317436,1.1986642853894656,219.3635448704977,0.0
2023-09-15 21:00:00,68.83572550381813,1.3471133796605144,219.44820321148225,0.0
2023-09-15 22:00:00,68.2489998155506,1.2974173118231187,220.52411636511488,0.0
2023-09-15 23:00:00,61.770856437793825,0.8983661581255644,217.15379377823507,0.0
2023-09-16 00:00:00,62.97862968302157,0.9284353585869115,219.52197557762625,0.0
2023-09-16 01:00:00,67.8726114898393,1.1260566630481414,221.15250278404423,0.0
2023-09-16 02:00:00,56.862162308568685,1.565725052488365,221.35101935098504,0.0
2023-09-16 03:00:00,64.55163292050503,1.0296816334996794,216.28036964772534,0.0
2023-09-16 04:00:00,60.70750639512598,1.1583554580774493,221.41281321730645,0.0
2023-09-16 05:00:00,63.570338595699425,1.0927307946086955,219.506852173757,0.0
2023-09-16 06:00:00,64.10353973291238,1.0891911231823839,219.6299782450029,0.0
2023-09-16 07:00:00,63.925266866277475,1.235647948781011,215.27096926028833,0.0
2023-09-16 08:00:00,63.34321624366218,1.4801554552391303,222.98714232511577,0.0
2023-09-16 09:00:00,61.70856905111356,1.291193679976118,220.3535977700226,0.0
2023-09-16 10:00:00,71.87573380045606,1.0392938077145815,216.93707914695457,0.0
2023-09-16 11:00:00,70.60238601248405,1.7506459021606413,220.75040314983292,0.0
2023-09-16 12:00:00,61.51380253923115,1.215714644192225,220.68895688169405,0.0
2023-09-16 13:00:00,69.7463502539107,1.0845558087235774,222.44508830586597,0.0
2023-09-16 14:00:00,63.80160352858144,1.4824192749355178,219.38062246141826,0.0
2023-09-16 15:00:00,65.38756241999513,1.1061858764112362,220.02399213787717,0.0
2023-09-16 16:00:00,64.81017812030925,1.5325827309974884,218.7143843995242,0.0
2023-09-16 17:00:00,63.020754076238106,1.0258714418066666,221.19589722798548,0.0
2023-09-16 18:00:00,67.95155703081844,1.4860060777842738,218.4330193166499,0.0
2023-09-16 19:00:00,65.37765959172998,1.240209532856339,218.21401896583953,0.0
2023-09-16 20:00:00,63.570345730342275,1.4582104465404866,219.86440492444015,0.0
2023-09-16 21:00:00,61.086231668598586,1.580353141740309,217.54827245739233,0.0
2023-09-16 22:00:00,62.319214958842636,0.9734785418957492,223.20426243707846,0.0
2023-09-16 23:00:00,60.07585965319371,1.4551543641516644,223.85453345548376,0.0
2023-09-17 00:00:00,65.03667064524551,0.918219219114919,219.09281982915638,0.0
2023-09-17 01:00:00,61.410003223146816,0.9905631289503543,217.22680998688566,0.0
2023-09-17 02:00:00,64.20331846244437,1.0393181080415126,220.6731840778041,0.0
2023-09-17 03:00:00,69.11030556083111,1.3007273272355722,219.03579496406215,0.0
2023-09-17 04:00:00,68.59789871876475,1.206603175386972,222.34936226505607,0.0
2023-09-17 05:00:00,64.90316931769215,1.1665727831674328,218.4257068089402,0.0
2023-09-17 06:00:00,64.73874582157055,1.2292470558044721,221.0890264448569,0.0
2023-09-17 07:00:00,70.63962364826303,1.3182579178586946,220.2279871787834,0.0
2023-09-17 08:00:00,66.56226836107614,1.3336496247882705,218.64747697877317,0.0
2023-09-17 09:00:00,64.01658062037043,1.4188333671230262,220.4800996569839,0.0
2023-09-17 10:00:00,60.721945648638645,1.5640069625534878,221.7570651169497,0.0
2023-09-17 11:00:00,66.18161965449423,1.1957275255117046,220.1736970381108,0.0
2023-09-17 12:00:00,67.48797131774859,1.0957822075738166,220.1945693302525,0.0
2023-09-17 13:00:00,63.10504542645907,1.3227072258370376,218.25443314429265,0.0
2023-09-17 14:00:00,65.87360826541409,0.9711490367470759,222.28840959580828,0.0
2023-09-17 15:00:00,63.909280115254916,1.0642591735776776,222.08909315628637,0.0
2023-09-17 16:00:00,64.447902802403,1.399876189278558,219.17888162262702,0.0
2023-09-17 17:00:00,57.53653382731301,1.175174325036459,219.751423081034,0.0
2023-09-17 18:00:00,64.33465578885159,0.9583615083283922,222.82844134538067,0.0
2023-09-17 19:00:00,67.90810790722416,0.9020393869269652,217.7328583579051,0.0
2023-09-17 20:00:00,63.10579233330033,1.2097433358787615,221.20857678271756,0.0
2023-09-17 21:00:00,65.15757910464595,1.428379307393602,218.88277245373774,0.0
2023-09-17 22:00:00,62.73214787992424,1.4257091555062373,223.55615575350328,0.0
2023-09-17 23:00:00,66.08132502887833,1.2221761005785674,220.12689345733068,0.0
2023-09-18 00:00:00,64.35043040739149,1.6017818838192257,222.5207570362801,0.0
2023-09-18 01:00:00,62.18227537795398,1.1790359268119075,218.47734530307775,0.0
2023-09-18 02:00:00,68.99765440299538,1.1722864753205178,217.50294263535147,0.0
2023-09-18 03:00:00,67.78679604059664,0.6865128180522,219.5314810855978,0.0
2023-09-18 04:00:00,63.185279708215475,1.110527410167757,220.52536691589367,0.0
2023-09-18 05:00:00,66.49336492825333,1.3704030069816988,218.97853663596717,0.0
2023-09-18 06:00:00,66.61223600846114,1.5127922673719407,221.51661485254994,0.0
2023-09-18 07:00:00,66.92690370503352,1.033953073266543,219.58009286437914,0.0
2023-09-18 08:00:00,59.91723231201477,1.2924504658586096,215.8371256764668,0.0
2023-09-18 09:00:00,68.01981962309789,1.4093758064646575,221.105623958386,0.0
2023-09-18 10:00:00,63.2909031112228,1.2022416306391799,218.2349258817057,0.0
2023-09-18 11:00:00,63.9265161996762,0.7433439084945539,219.27680523664696,0.0
2023-09-18 12:00:00,72.9136452567806,1.2494579999148505,223.1062624070787,0.0
2023-09-18 13:00:00,65.90562014216303,1.3522861248121787,223.54562344824217,0.0
2023-09-18 14:00:00,63.841032573658474,1.010515420996308,218.84901312981438,0.0
2023-09-18 15:00:00,58.38411688173228,1.1491690938251224,221.15557326126367,0.0
2023-09-18 16:00:00,69.16929240183907,0.9689007915742471,218.8954510191547,0.0
2023-09-18 17:00:00,60.96437098757419,0.6859704902839294,219.4262540422028,0.0
2023-09-18 18:00:00,61.98968328950149,1.4054008823575312,218.78844917020288,0.0
2023-09-18 19:00:00,64.00594310273645,1.1992502932396296,216.55131263920703,0.0
2023-09-18 20:00:00,69.24923537510088,1.5195349993409966,220.19011044746742,0.0
2023-09-18 21:00:00,67.31971995999727,1.3714644383812353,220.57633077389232,0.0
2023-09-18 22:00:00,64.52648747047922,1.12915804766691,218.6579965093777,0.0
2023-09-18 23:00:00,65.92487619091646,1.1833638679791183,222.1755834228742,0.0
2023-09-19 00:00:00,63.198842921386685,1.3132354781540345,219.12783956580955,0.0
2023-09-19 01:00:00,65.41896106869605,1.3933766833511487,218.72557635028198,0.0
2023-09-19 02:00:00,65.22001023433441,1.2645341261484022,221.05300623621622,0.0
2023-09-19 03:00:00,67.90630968704406,1.4211186290578968,216.91463602005493,0.0
2023-09-19 04:00:00,67.90153436731686,1.1406662526651057,221.81335806340562,0.0
2023-09-19 05:00:00,66.48193214661694,1.0005712906428628,219.19566168521126,0.0
2023-09-19 06:00:00,63.912957327361696,1.187038149287774,221.9785721527882,0.0
2023-09-19 07:00:00,67.22546688317038,1.2410369781472368,222.57626105165832,0.0
2023-09-19 08:00:00,64.72409460139086,0.9596929210521425,221.2803068847143,0.0
2023-09-19 09:00:00,61.7542568938606,0.9326555831706755,218.37605341454338,0.0
2023-09-19 10:00:00,63.790136624267184,1.2894772592946855,217.4983365870312,0.0
2023-09-19 11:00:00,65.60569362740931,1.1750666578949291,217.13185467332954,0.0
2023-09-19 12:00:00,68.4348727031069,1.2795078752056277,222.2058214034026,0.0
2023-09-19 13:00:00,65.50575351169755,1.2970755513668775,219.73039977559964,0.0
2023-09-19 14:00:00,62.780854570506534,1.7294722930286985,218.8015564109383,0.0
2023-09-19 15:00:00,66.93078843017216,1.7340423729240704,219.7358356969222,0.0
2023-09-19 16:00:00,67.45304417650769,1.2905574310062509,222.16124241790834,0.0
2023-09-19 17:00:00,68.02230161910262,1.4878075545670093,221.5574795707191,0.0
2023-09-19 18:00:00,70.576515956314,1.8207050789460313,220.8770123114177,0.0
2023-09-19 19:00:00,71.22578380477674,1.8274295009417751,221.2757721148528,0.0
2023-09-19 20:00:00,66.73849414341838,1.7550886892241837,220.3603447109939,0.0
2023-09-19 21:00:00,67.02480906247288,1.5921982688663079,220.60422611459285,0.0
2023-09-19 22:00:00,66.10475597980964,1.7395483287974598,220.4420504623021,0.0
2023-09-19 23:00:00,71.67391179957383,1.8290408526879252,219.9998775087449,0.0
2023-09-20 00:00:00,74.27603778980188,2.0441312605900173,221.50674776766257,0.0
2023-09-20 01:00:00,69.3364443571183,2.385815853474659,220.72256421240078,0.0
2023-09-20 02:00:00,69.90951112272643,1.9640324037465997,218.23856993778608,0.0
2023-09-20 03:00:00,75.38626316365468,1.9525394293621914,221.0577487710453,0.0
2023-09-20 04:00:00,72.85470172865911,2.1923672116766646,220.4944941327586,0.0
2023-09-20 05:00:00,72.99884795947358,2.4767703313140794,221.2228269378302,0.0
2023-09-20 06:00:00,68.46950400320557,2.037383970028141,219.79158617276994,0.0
2023-09-20 07:00:00,74.43055040502136,2.6738254217242856,221.62348062753432,0.0
2023-09-20 08:00:00,69.95906985171017,2.4050303472951757,219.87718289826768,0.0
2023-09-20 09:00:00,69.6965309914909,2.348910647424649,221.44775937320108,0.0
2023-09-20 10:00:00,72.41038949505197,2.2320748187039063,219.08705696809898,0.0
2023-09-20 11:00:00,72.04543873106238,2.7497548589094776,219.2254918918021,0.0
2023-09-20 12:00:00,73.49013049430967,2.630554493346059,221.20410504642024,0.0
2023-09-20 13:00:00,70.18409734994637,2.7552678571142817,219.33645321251052,0.0
2023-09-20 14:00:00,77.73560384898047,2.5973024405301217,224.41156538949633,0.0
2023-09-20 15:00:00,78.59432648918309,2.7699836100512036,221.13288997355806,0.0
2023-09-20 16:00:00,69.7213528592677,2.792824595799475,220.04984697230842,0.0
2023-09-20 17:00:00,78.85086637474613,2.9263602521637955,221.63980155351769,0.0
2023-09-20 18:00:00,73.83601974433793,2.8689064361332886,219.03863918004697,0.0
2023-09-20 19:00:00,79.19064492080751,2.7523187374400204,221.84602963846604,0.0
2023-09-20 20:00:00,76.76649150791624,3.6611929068058005,221.79047043332707,0.0
2023-09-20 21:00:00,77.41027035421482,2.8991501364479904,222.5070681155591,0.0
2023-09-20 22:00:00,77.1207633897645,3.264460815473015,219.11838093730285,0.0
2023-09-20 23:00:00,81.66455662678497,2.9301014765687126,217.5545334917245,0.0
2023-09-21 00:00:00,74.66151765256576,2.9414355830989405,218.7796907215949,0.0
2023-09-21 01:00:00,80.5559153824022,3.416748396962003,219.4367389680545,0.0
2023-09-21 02:00:00,82.38849753692217,3.488394644314224,223.33442320170352,0.0
2023-09-21 03:00:00,81.58563995993109,3.7621589530900543,224.3900240582555,0.0
2023-09-21 04:00:00,86.76282913733644,3.646106551301733,220.68932460928795,0.0
2023-09-21 05:00:00,78.55400478224844,3.5925730675184475,220.0187812160372,0.0
2023-09-21 06:00:00,83.36487221425946,3.488953190623619,219.30018433905158,0.0
2023-09-21 07:00:00,80.52679851651095,4.035013681252344,221.64938070042174,0.0
2023-09-21 08:00:00,84.89740132764956,3.9773195449846925,224.37716278398304,0.0
2023-09-21 09:00:00,81.52622878748377,3.598621428393977,223.57170178237655,0.0
2023-09-21 10:00:00,80.73778110511682,3.9118180977548027,222.27595322521168,0.0
2023-09-21 11:00:00,86.17173773837544,3.9893738265869896,222.2466050622277,0.0
2023-09-21 12:00:00,81.13094798576012,3.9477706771295704,221.66461977250822,0.0
2023-09-21 13:00:00,78.71956920217157,4.227609533781077,219.90541870858294,0.0
2023-09-21 14:00:00,81.75931850540809,4.2959240924583675,218.52690355491842,0.0
2023-09-21 15:00:00,85.51907067075152,4.147818353396725,219.95837182134412,0.0
2023-09-21 16:00:00,88.19020076180352,4.186079671967229,220.84467920426272,0.0
2023-09-21 17:00:00,84.69958530898813,4.59838324182928,217.0927322025634,0.0
2023-09-21 18:00:00,88.672901060857,4.541497355937237,219.69409854126758,0.0
2023-09-21 19:00:00,80.99589777077848,4.42573968361548,218.34813529081745,0.0
2023-09-21 20:00:00,84.09274481681389,4.141763825986806,222.0276823221363,0.0
2023-09-21 21:00:00,84.90892253586165,4.592743683232838,218.90058319568658,0.0
2023-09-21 22:00:00,85.78308228096273,4.719898383124379,206.25045547428817,0.0
2023-09-21 23:00:00,86.7311564041872,4.085715392630185,204.07163944586765,0.0
2023-09-22 00:00:00,88.90371878766953,4.743331636142479,215.98569622975273,0.0
2023-09-22 01:00:00,85.84867807703782,4.66595737728874,204.3127901697409,0.0
2023-09-22 02:00:00,87.95229732846501,4.761462946790991,206.49785938166337,0.0
2023-09-22 03:00:00,87.75195527268981,4.680495640433252,206.73678209605382,0.0
2023-09-22 04:00:00,85.46176690804486,4.888672001074201,211.8397312596986,0.0
2023-09-22 05:00:00,88.25054922853033,5.25304620256021,207.2342487685464,0.0
2023-09-22 06:00:00,88.51268338213964,4.941706215729855,206.71153158936656,0.0
2023-09-22 07:00:00,88.80053295287817,5.280438655420609,208.4261798183257,0.0
2023-09-22 08:00:00,89.74316569368801,4.982395728055064,212.36796950659505,0.0
2023-09-22 09:00:00,90.22702062184015,5.351751238531207,211.80937248970858,0.0
2023-09-22 10:00:00,63.70311446267801,1.2003311711243903,219.67189335382238,1.0
2023-09-22 11:00:00,68.8181442019138,1.270404965757856,220.06326803235783,0.0
2023-09-22 12:00:00,61.49155811239095,1.2014306512194974,220.39072079351777,0.0
2023-09-22 13:00:00,62.83708967459031,1.3283250464882417,219.86863905438602,0.0
2023-09-22 14:00:00,73.33989087267067,0.6864829764132483,221.4591808419689,0.0
2023-09-22 15:00:00,61.88602593503231,0.916034937308486,220.1867739403019,0.0
2023-09-22 16:00:00,60.93873597587073,1.283416099601729,220.40265193524323,0.0
2023-09-22 17:00:00,67.20343023500365,0.7912923292207528,219.23469530337695,0.0
2023-09-22 18:00:00,58.768640438678375,1.0938839288705582,217.89511614677116,0.0
2023-09-22 19:00:00,64.29417827008268,1.18913183179267,220.30805786146493,0.0
2023-09-22 20:00:00,71.43747477522946,1.0343719724774205,222.41489208792586,0.0
2023-09-22 21:00:00,60.3651922335398,1.0616877194612453,220.88772246146084,0.0
2023-09-22 22:00:00,59.054106542783856,1.2543164400307185,218.36501211757042,0.0
2023-09-22 23:00:00,60.50245639412691,1.4018589911559618,221.62948005163722,0.0
2023-09-23 00:00:00,67.69507870504096,1.0083101237490384,219.32976586441208,0.0
2023-09-23 01:00:00,68.37433015995744,1.084988360762526,221.42930796096059,0.0
2023-09-23 02:00:00,63.46223360906448,1.053747805334591,219.2624082702077,0.0
2023-09-23 03:00:00,67.0496372120032,0.7157240496245443,220.70661287965473,0.0
2023-09-23 04:00:00,69.17076598253597,1.2283423580635018,218.9630053267513,0.0
2023-09-23 05:00:00,70.36203924328947,1.3869435491656983,219.01389500705932,0.0
2023-09-23 06:00:00,64.26099415646046,1.4033286414631765,216.86746926580852,0.0
2023-09-23 07:00:00,58.095584846990036,1.0258467247118521,221.0241496383223,0.0
2023-09-23 08:00:00,62.53736323277094,0.9496603902959715,220.74033926964069,0.0
2023-09-23 09:00:00,63.719587415194226,1.2043211095183368,220.85288543252187,0.0
2023-09-23 10:00:00,64.22318361026483,1.3658547373132934,220.55066112226362,0.0
2023-09-23 11:00:00,64.43642179697385,1.2309700896620768,218.4754999333534,0.0
2023-09-23 12:00:00,68.356683793792,1.2578609271747523,221.93179852898717,0.0
2023-09-23 13:00:00,68.82328528006275,1.4283661855472467,221.98555860018453,0.0
2023-09-23 14:00:00,64.48497903822565,1.0521726881538593,218.42352506965884,0.0
2023-09-23 15:00:00,68.29545462815545,1.156005982665394,221.06424798269992,0.0
2023-09-23 16:00:00,66.07298409989326,1.5269211023522402,221.74998237073595,0.0
2023-09-23 17:00:00,65.19351791858772,1.1606377753804746,219.05980345331255,0.0
2023-09-23 18:00:00,67.71963247132989,0.9465326068066857,219.4079286215113,0.0
2023-09-23 19:00:00,65.21675614471374,1.066128780749941,221.06822681642356,0.0
2023-09-23 20:00:00,71.17343353129328,1.0123640297557515,216.9793404611714,0.0
2023-09-23 21:00:00,60.68476649961632,1.271432517140254,217.822965556932,0.0
2023-09-23 22:00:00,63.45448730272395,1.0208105992822443,218.02044998426086,0.0
2023-09-23 23:00:00,64.62044330913815,1.2542068505722488,216.407367270349,0.0
2023-09-24 00:00:00,66.31835807137398,1.05278695629187,222.16987954837495,0.0
2023-09-24 01:00:00,68.80388146130926,0.7753242923203543,216.02373637161668,0.0
2023-09-24 02:00:00,64.92680429829153,1.2613239573963844,220.68622132686272,0.0
2023-09-24 03:00:00,60.73331105148138,1.2296927363093777,221.62336678951044,0.0
2023-09-24 04:00:00,67.52754168936501,1.303551563141768,219.41280809117347,0.0
2023-09-24 05:00:00,67.26487629842589,1.0654025561669487,218.6632647505375,0.0
2023-09-24 06:00:00,59.17442402186178,1.0440911049281247,220.46568490147328,0.0
2023-09-24 07:00:00,64.9885875989876,1.2802933716963092,220.00366600118898,0.0
2023-09-24 08:00:00,60.22957450795911,1.503803914506196,222.00700972483284,0.0
2023-09-24 09:00:00,63.00604670749381,1.2022336019012656,214.74295771920407,0.0
2023-09-24 10:00:00,62.2915732191116,1.284917019209429,218.16258504770374,0.0
2023-09-24 11:00:00,67.42779409472595,1.1356824631148585,221.12315376783212,0.0
2023-09-24 12:00:00,65.35049052251655,0.891273895625263,220.1008948855489,0.0
2023-09-24 13:00:00,61.143226997731915,1.3934858838308115,221.50406831839373,0.0
2023-09-24 14:00:00,67.64019788887202,1.3816828478172323,220.5240399524793,0.0
2023-09-24 15:00:00,60.69858252821476,1.3421548050350387,219.73052587351737,0.0
2023-09-24 16:00:00,65.99034137141282,1.1636109123315161,219.395423113813,0.0
2023-09-24 17:00:00,62.557967992125334,1.3194112199477082,224.65011003175118,0.0
2023-09-24 18:00:00,63.90296875240844,1.3787523594775661,223.06989254806302,0.0
2023-09-24 19:00:00,66.51281224411515,1.5240317369913414,220.99101019619044,0.0
2023-09-24 20:00:00,66.56434819717859,1.3977052209294882,220.15692778689683,0.0
2023-09-24 21:00:00,69.01090722066787,1.2127642450067277,221.07626509870687,0.0
2023-09-24 22:00:00,64.75323890098564,0.9383493489151256,221.65366943574583,0.0
2023-09-24 23:00:00,65.91935258889002,1.2311316595343482,220.837653371409,0.0
2023-09-25 00:00:00,63.68678803278703,1.2513154791698615,218.4972397532269,0.0
2023-09-25 01:00:00,65.54596964786839,1.3418059550636607,223.56902153544902,0.0
2023-09-25 02:00:00,66.31845814402554,1.470778371864685,220.49241645550805,0.0
2023-09-25 03:00:00,64.70507045763688,1.180969897588644,224.02786006077963,0.0
2023-09-25 04:00:00,59.58874854772251,1.6201974379626223,220.37429497375467,0.0
2023-09-25 05:00:00,65.99441268899268,0.8481425959918845,219.50869329574894,0.0
2023-09-25 06:00:00,66.09368443206637,1.283868374492325,222.76828024809294,0.0
2023-09-25 07:00:00,62.95947957095615,1.0402959215631944,220.60237391615553,0.0
2023-09-25 08:00:00,61.14683889178246,0.8185556000622394,220.26684526901857,0.0
2023-09-25 09:00:00,69.4276374515119,1.1596451247401682,217.5992715887148,0.0
2023-09-25 10:00:00,66.47433653268321,0.9085654603158086,221.32043561027166,0.0
2023-09-25 11:00:00,64.31275690723487,1.1677144203934366,219.01337923408818,0.0
2023-09-25 12:00:00,61.588901350557535,1.2069538496188914,219.10441758185206,0.0
2023-09-25 13:00:00,62.53455551473596,1.4237082818671898,219.01890230918966,0.0
2023-09-25 14:00:00,68.90777119035869,0.8984829730472124,220.87806766939062,0.0
2023-09-25 15:00:00,65.41298582260414,1.3816890331291545,216.9292474528486,0.0
2023-09-25 16:00:00,63.34823879899788,1.2196160900559587,219.5783093145484,0.0
2023-09-25 17:00:00,66.52906769367397,1.4057698307219189,221.96055798221875,0.0
2023-09-25 18:00:00,62.556805437661026,1.1136497649937744,217.50866226131998,0.0
2023-09-25 19:00:00,69.50252909084114,0.9335510826473108,220.34575792186916,0.0
2023-09-25 20:00:00,69.05840160469018,0.9565001347568267,218.73720115945832,0.0
2023-09-25 21:00:00,63.60027778639167,0.9416385092665767,219.19261376106874,0.0
2023-09-25 22:00:00,63.11398925890742,1.295562830584131,223.31030452077982,0.0
2023-09-25 23:00:00,57.14560040392316,1.4953844044429399,216.69902163291,0.0
2023-09-26 00:00:00,60.55525768534589,1.0870096946689558,221.53126067634324,0.0
2023-09-26 01:00:00,60.98159067512673,1.3258270596515567,219.04414346244556,0.0
2023-09-26 02:00:00,65.40557102296216,0.8953115883728759,218.94467202970867,0.0
2023-09-26 03:00:00,64.02129888667592,1.2360642498354597,217.77687531502346,0.0
2023-09-26 04:00:00,60.96399353775428,1.3337125232674252,221.50779927454727,0.0
2023-09-26 05:00:00,64.15650787260633,0.9103750449446262,219.61719076743196,0.0
2023-09-26 06:00:00,66.51601144294204,1.1592233062040291,219.3646611724107,0.0
2023-09-26 07:00:00,66.58351804974676,1.343183428097113,220.21967385840816,0.0
2023-09-26 08:00:00,59.30098915742336,0.6132458705541045,219.6594257485164,0.0
2023-09-26 09:00:00,64.61520955854851,1.4670906123403484,215.99862424049294,0.0
2023-09-26 10:00:00,60.84997766908517,1.2707358751782096,219.01835163404527,0.0
2023-09-26 11:00:00,67.70518609142083,1.3433455295434684,221.79088178189664,0.0
2023-09-26 12:00:00,67.3524392490605,1.117456144161047,216.98676707177538,0.0
2023-09-26 13:00:00,62.305918321026624,0.8554555036869289,217.8201242002873,0.0
2023-09-26 14:00:00,62.7018643927988,1.3068125912633903,219.14641720920295,0.0
2023-09-26 15:00:00,63.61619884850508,1.1834819349166976,218.54875316272572,0.0
2023-09-26 16:00:00,58.24161981580598,1.2064230910864642,219.94422903571677,0.0
2023-09-26 17:00:00,66.00790452032173,1.4175213970397906,217.81384649664253,0.0
2023-09-26 18:00:00,64.18146636097961,1.3524127747725196,219.22429095238127,0.0
2023-09-26 19:00:00,67.91052524770357,1.5842474834179225,219.90401093680134,0.0
2023-09-26 20:00:00,61.70477234611234,1.2307708457746998,221.29788083241596,0.0
2023-09-26 21:00:00,63.14263115525021,1.0617575124417766,222.4895787721992,0.0
2023-09-26 22:00:00,60.48042422588266,1.1623166306182546,219.47690569229312,0.0
2023-09-26 23:00:00,61.98712830951724,1.2831326745077212,223.77612048249165,0.0
2023-09-27 00:00:00,61.45405401179534,1.4031713037985956,219.63219083891096,0.0
2023-09-27 01:00:00,67.98792103653933,0.9065932097122562,221.65775029651306,0.0
2023-09-27 02:00:00,62.90521445374582,1.2017075230358338,223.86301546945356,0.0
2023-09-27 03:00:00,65.37252705423384,1.5219083314076738,220.27861681847187,0.0
2023-09-27 04:00:00,63.85770978841459,1.151958225799496,217.25294675684492,0.0
2023-09-27 05:00:00,61.19160420196156,1.386202370973821,220.18180771441527,0.0
2023-09-27 06:00:00,64.49509873048507,1.298623505443201,218.77671422359018,0.0
2023-09-27 07:00:00,66.79730999559078,1.391172121304996,219.4511359460551,0.0
2023-09-27 08:00:00,61.376721822369944,1.0380478916800135,223.96995376499044,0.0
2023-09-27 09:00:00,67.42733837219414,1.0389196659868838,217.55447315355224,0.0
2023-09-27 10:00:00,62.45083723556691,1.2040543784244575,220.60093364461173,0.0
2023-09-27 11:00:00,63.55104822178148,0.8935556425519376,218.24455743935656,0.0
2023-09-27 12:00:00,66.59204936903015,1.1460518786776683,219.38468411759817,0.0
2023-09-27 13:00:00,63.009691528341534,1.2505753315031334,221.48968467040896,0.0
2023-09-27 14:00:00,65.1127245780076,1.5569271213899545,220.63632788694605,0.0
2023-09-27 15:00:00,64.05592751363572,1.2805436378539643,219.54993546207683,0.0
2023-09-27 16:00:00,65.38810402011146,1.3250456941746205,218.70039934947076,0.0
2023-09-27 17:00:00,57.857782683429505,1.4328951694100012,220.63215638430722,0.0
2023-09-27 18:00:00,59.51095455437575,1.0070684822209885,223.41537343430673,0.0
2023-09-27 19:00:00,66.84790101814052,1.1669834675258028,218.19729611475276,0.0
2023-09-27 20:00:00,68.11154421694715,1.6850825183607785,223.82332777091554,0.0
2023-09-27 21:00:00,62.26853988940544,1.1841755555230982,222.3989949014503,0.0
2023-09-27 22:00:00,64.2679149434866,1.4232861497564415,222.73870673515555,0.0
2023-09-27 23:00:00,65.8841577587069,1.3927475754346215,220.6168647618592,0.0
2023-09-28 00:00:00,67.0796528049761,0.9043772571224621,222.3422595510198,0.0
2023-09-28 01:00:00,58.916968184987454,1.2620958554011865,217.98233743509874,0.0
2023-09-28 02:00:00,62.34187925906487,1.229349494441045,218.66391218430297,0.0
2023-09-28 03:00:00,64.00226186045037,1.2659917575680868,221.53162762784078,0.0
2023-09-28 04:00:00,67.10942059170814,1.049177504041788,220.59169011044764,0.0
2023-09-28 05:00:00,72.49529145116449,0.9766160976175682,219.70324148300446,0.0
2023-09-28 06:00:00,64.31598281957085,1.1047979999958297,214.99478221878516,0.0
2023-09-28 07:00:00,60.779067613688035,1.1804410005831594,219.12905190392365,0.0
2023-09-28 08:00:00,66.2068042316039,1.436996889520063,217.65189243940347,0.0
2023-09-28 09:00:00,68.96298736862212,1.5634621639451214,220.987068622623,0.0
2023-09-28 10:00:00,65.3240423629385,1.4793195692446355,219.61766294286554,0.0
2023-09-28 11:00:00,62.28005436453712,1.3720370421563688,218.743398911667,0.0
2023-09-28 12:00:00,67.87398182444005,0.9991319475400819,225.2858209652486,0.0
2023-09-28 13:00:00,66.99063685549531,1.1182207650021008,222.07634895338848,0.0
2023-09-28 14:00:00,61.92175746741313,1.2419852104825995,222.11174428271212,0.0
2023-09-28 15:00:00,66.14427685260303,1.073512192384765,224.40443028936434,0.0
2023-09-28 16:00:00,67.99179670297661,1.3154411305055902,221.60438356536622,0.0
2023-09-28 17:00:00,68.54567012767669,1.3440972216508575,218.45809198105428,0.0
2023-09-28 18:00:00,64.80065307407163,1.3072580125130937,218.22420729661653,0.0
2023-09-28 19:00:00,63.92576166146204,1.4050269209115163,221.92980551750847,0.0
2023-09-28 20:00:00,68.68182146624379,1.0190817572573851,215.88129144044964,0.0
2023-09-28 21:00:00,61.36951849105734,1.3865657408184395,219.84444073798088,0.0
2023-09-28 22:00:00,66.31573787276302,1.0608709099759608,215.6577512448871,0.0
2023-09-28 23:00:00,60.88992011790671,1.011812809471423,220.197687016779,0.0
2023-09-29 00:00:00,68.19612881677881,1.3064232268372762,221.7081405014239,0.0
2023-09-29 01:00:00,64.22586345316651,1.443174712439796,220.55883106920726,0.0
2023-09-29 02:00:00,68.80574970694241,1.297602697275202,221.87621871794119,0.0
2023-09-29 03:00:00,66.47423826906657,1.2041608047545087,223.92965388331982,0.0
2023-09-29 04:00:00,61.33033930981421,1.2620307652203013,219.71292312547598,0.0
2023-09-29 05:00:00,69.27388319623174,1.227285383613456,225.61530156655778,0.0
2023-09-29 06:00:00,69.65373579928318,0.9748098207729211,220.42533991234032,0.0
2023-09-29 07:00:00,67.64685947779765,0.9514759710110169,221.8983301253807,0.0
2023-09-29 08:00:00,62.71523640489134,1.184234824105309,218.77787457086987,0.0
2023-09-29 09:00:00,64.08195813692777,1.2159713671538608,223.23862795926135,0.0
2023-09-29 10:00:00,65.43628165221727,1.2022664756735468,222.08342039708526,0.0
2023-09-29 11:00:00,62.8888688020057,1.3352203227299826,222.942902605136,0.0
2023-09-29 12:00:00,70.07703971738961,1.156904656767132,220.1090088435479,0.0
2023-09-29 13:00:00,65.43297941517811,1.312595836380971,217.4891648712334,0.0
2023-09-29 14:00:00,56.88995585867793,1.1710826465347104,220.92079487925082,0.0
2023-09-29 15:00:00,66.01806743826866,1.5646717924072933,216.60596037335296,0.0
2023-09-29 16:00:00,63.95552780954806,1.2161427453452893,219.32762839275608,0.0
2023-09-29 17:00:00,64.77522033164466,1.6681445223051354,220.3821608732645,0.0
2023-09-29 18:00:00,63.8941419026429,1.2704023182181727,224.75444858502152,0.0
2023-09-29 19:00:00,67.42113924982006,1.1572645658823568,220.63709722388387,0.0
2023-09-29 20:00:00,68.35906333566014,1.0201104047480651,220.27907493816608,0.0
2023-09-29 21:00:00,65.84915948677596,0.9114222851884612,219.8739351519294,0.0
2023-09-29 22:00:00,63.98206643858552,1.0017115431207686,217.31581819046997,0.0
2023-09-29 23:00:00,64.87598838557248,1.0240787381672019,220.171651680026,0.0
2023-09-30 00:00:00,65.05879884973288,1.2789640040824353,220.20576535227354,0.0
2023-09-30 01:00:00,62.592709880405486,1.0947669257879624,218.06278300909256,0.0
2023-09-30 02:00:00,66.7367859457137,1.2373854105108995,217.62650877114328,0.0
2023-09-30 03:00:00,66.3801269715814,1.4563956724753373,219.03685863446452,0.0
2023-09-30 04:00:00,69.62132371933002,1.1824383296730292,220.1298659571454,0.0
2023-09-30 05:00:00,68.76604934086542,1.6158313396933608,219.0848916372371,0.0
2023-09-30 06:00:00,62.94297524722961,0.9648378039321603,217.89824910069694,0.0
2023-09-30 07:00:00,67.4608951235269,1.1698832903250145,220.57854450400862,0.0
2023-09-30 08:00:00,62.147139850716584,1.0921374152778043,221.07773364833847,0.0
2023-09-30 09:00:00,67.08779630282255,1.3873013212114016,220.24259541844447,0.0
2023-09-30 10:00:00,63.45015740371968,0.7520416739267757,218.87403457224613,0.0
2023-09-30 11:00:00,61.93024032987324,0.9113769421644378,221.1896820424645,0.0
2023-09-30 12:00:00,65.84013602809222,1.1785306355098073,219.61892542054605,0.0
2023-09-30 13:00:00,56.97629861553758,1.5102755442018987,217.6218325853097,0.0
2023-09-30 14:00:00,59.74707327678431,1.2451683668074613,222.0724887100028,0.0
2023-09-30 15:00:00,64.46752434867714,0.9296905091471532,220.70701603853297,0.0
2023-09-30 16:00:00,65.24732529990453,0.9605666814619539,219.76141938860852,0.0
2023-09-30 17:00:00,63.89204368952544,1.5345979405689905,216.85789559033054,0.0
2023-09-30 18:00:00,60.261691103847205,1.0757730402407517,218.51027944172958,0.0
2023-09-30 19:00:00,62.546324473584484,1.011407325510047,224.03713142476585,0.0
2023-09-30 20:00:00,66.17362798171219,1.495474512126172,216.9833158762386,0.0
2023-09-30 21:00:00,66.74534531188509,1.402219401117398,219.49730144071663,0.0
2023-09-30 22:00:00,64.95133064721217,1.4548119286533592,219.96732847529276,0.0
2023-09-30 23:00:00,68.47050134311097,1.0099916239468367,220.64095357882312,0.0
2023-10-01 00:00:00,66.1921910703777,0.8949788717971279,217.00565812834716,0.0
2023-10-01 01:00:00,62.75763303812536,1.2266332978725412,220.3483525128092,0.0
2023-10-01 02:00:00,64.15849383976514,1.2670252266147328,216.62778907505665,0.0
2023-10-01 03:00:00,60.79140152837644,1.2729203607409663,220.19485759239103,0.0
2023-10-01 04:00:00,64.67558302882576,1.4956367871278005,218.69520416198083,0.0
2023-10-01 05:00:00,68.33630185766401,0.8532465819983504,218.26826146616438,0.0
2023-10-01 06:00:00,67.0558702541329,1.371939010259553,221.66963431733518,0.0
2023-10-01 07:00:00,69.20602797775737,0.9806749911705364,219.52878751327225,0.0
2023-10-01 08:00:00,64.09134426860302,1.3711470641721681,220.94742160981514,0.0
2023-10-01 09:00:00,69.03829938354278,1.1050086590957244,221.01365382275563,0.0
2023-10-01 10:00:00,64.4200873206561,1.0372056408218977,222.5399069779102,0.0
2023-10-01 11:00:00,69.41475524770968,1.0780194586101595,217.58348451675795,0.0
2023-10-01 12:00:00,64.93442975767363,0.9108779598446874,221.8380313250395,0.0
2023-10-01 13:00:00,67.12169412141283,1.2080857879666933,220.0329232448761,0.0
2023-10-01 14:00:00,69.42533709292957,1.0454653218679084,219.24375083926083,0.0
2023-10-01 15:00:00,64.41971711425639,1.3572596461800557,217.70149896161942,0.0
2023-10-01 16:00:00,65.65516696263252,1.3280112162065834,221.2131817230857,0.0
2023-10-01 17:00:00,68.8665902756189,1.5376314105805582,218.15555095733222,0.0
2023-10-01 18:00:00,64.6009905082098,1.2732654967082153,221.0356131739543,0.0
2023-10-01 19:00:00,61.03732315248152,1.3041355534160146,223.85566154593425,0.0
2023-10-01 20:00:00,71.42902116375473,1.4800199623655628,221.95995408071866,0.0
2023-10-01 21:00:00,63.59070660698859,1.0744674607946607,222.7828686503013,0.0
2023-10-01 22:00:00,65.47626815281262,0.9023483574353934,218.56199044554992,0.0
2023-10-01 23:00:00,68.46802000835338,1.2400188118256787,221.525466092264,0.0
2023-10-02 00:00:00,63.1745182888064,0.9154733061571192,217.71157008972722,0.0
2023-10-02 01:00:00,61.97639626033361,1.690787734585078,219.53303419485079,0.0
2023-10-02 02:00:00,65.7612118903245,1.4910996584157887,223.48254411243823,0.0
2023-10-02 03:00:00,59.62077080626283,1.632795266660316,218.78431558714703,0.0
2023-10-02 04:00:00,64.13628176939623,1.212489395332626,222.22271236834618,0.0
2023-10-02 05:00:00,65.73511599294622,1.3101147187403195,222.03129346599943,0.0
2023-10-02 06:00:00,64.19014430952451,1.1081049136094712,222.14948250044168,0.0
2023-10-02 07:00:00,60.36964717044276,1.3765849611173504,217.46599604775744,0.0
2023-10-02 08:00:00,69.78253386861203,0.9568913575897886,221.05040193203135,0.0
2023-10-02 09:00:00,65.31061446184752,0.6913813621050442,219.68680286816627,0.0
2023-10-02 10:00:00,69.29345635328522,1.0418578761022865,222.17699371505822,0.0
2023-10-02 11:00:00,64.21989124945867,0.9089053048765368,216.6899992005463,0.0
2023-10-02 12:00:00,62.35996405492771,1.4955853472319072,220.7355757781312,0.0
2023-10-02 13:00:00,65.80754276076549,1.5631354910160633,220.45275040568012,0.0
2023-10-02 14:00:00,64.35263862101534,0.9194141855173777,216.01976652550212,0.0
2023-10-02 15:00:00,61.46671562602592,1.458343121504248,218.22915928781003,0.0
2023-10-02 16:00:00,69.40935277636248,1.390276996700154,216.3396955737663,0.0
2023-10-02 17:00:00,63.133189331318015,0.8860446630562246,218.54728939615418,0.0
2023-10-02 18:00:00,59.47920084561329,1.1219464938136763,221.0984341693303,0.0
2023-10-02 19:00:00,68.984498161872,1.083967255575096,220.39073115129722,0.0
2023-10-02 20:00:00,63.48710595256213,1.34959907972544,220.3388001611871,0.0
2023-10-02 21:00:00,63.176528322153125,0.9542441298189972,217.92050378213725,0.0
2023-10-02 22:00:00,59.703837238910076,1.1802254748681034,222.24090098302108,0.0
2023-10-02 23:00:00,70.22282445979097,1.0628130992100764,219.96236064327732,0.0
2023-10-03 00:00:00,61.131558238370935,1.2946682366770286,220.06740762451503,0.0
2023-10-03 01:00:00,65.17534844211696,1.1566415936624141,221.88079913789227,0.0
2023-10-03 02:00:00,67.73786096762132,1.0929508592119208,218.01730850461493,0.0
2023-10-03 03:00:00,66.26515079900929,1.1573406848735843,220.45709553974385,0.0
2023-10-03 04:00:00,64.82103706402343,1.6072085665680225,220.84692498320283,0.0
2023-10-03 05:00:00,59.895002425137754,1.1166200727761222,218.9088636994123,0.0
2023-10-03 06:00:00,62.57082549269815,0.9917989563432426,221.30474676151954,0.0
2023-10-03 07:00:00,65.56340101412756,1.316686713831193,220.95424634125914,0.0
2023-10-03 08:00:00,62.63847779003901,1.1712950661154087,219.79764657544516,0.0
2023-10-03 09:00:00,65.61007837999631,0.9169532138267054,219.73569821973027,0.0
2023-10-03 10:00:00,67.04523022644543,1.6462992670404932,221.0470953157426,0.0
2023-10-03 11:00:00,67.8875086574003,1.1295042108826703,221.57694208002638,0.0
2023-10-03 12:00:00,61.32146192656195,1.1244261092077297,220.12579983481328,0.0
2023-10-03 13:00:00,71.58993816493687,1.2319670703816195,222.2403789208137,0.0
2023-10-03 14:00:00,67.3024380336624,1.5460233538417678,221.31705192486118,0.0
2023-10-03 15:00:00,64.9948575389928,0.8640509346962009,216.42307210054636,0.0
2023-10-03 16:00:00,68.26860974922992,1.255197169884108,217.19020660491572,0.0
2023-10-03 17:00:00,72.09622331599992,1.6174544323587254,222.36447043804333,0.0
2023-10-03 18:00:00,60.683839696829395,1.2257457361479296,219.5064537370582,0.0
2023-10-03 19:00:00,64.32421207252594,0.952933204139304,220.32835164559495,0.0
2023-10-03 20:00:00,57.864705020380015,1.0763206294078693,222.2785810353183,0.0
2023-10-03 21:00:00,65.57795459794407,1.241376505951358,219.98717756525633,0.0
2023-10-03 22:00:00,66.09618272577542,1.4661607831279724,220.0745352191787,0.0
2023-10-03 23:00:00,64.88251365367172,1.1321328311167878,218.26254153441656,0.0
2023-10-04 00:00:00,63.03639928700507,1.3653303594864863,220.73998901445503,0.0
2023-10-04 01:00:00,58.85145645143503,0.9129262345906222,221.17302443793363,0.0
2023-10-04 02:00:00,66.12060105023531,0.9112563260809889,218.84423632599427,0.0
2023-10-04 03:00:00,69.36630345174598,1.10343986226301,218.15595724338826,0.0
2023-10-04 04:00:00,63.2269446327997,1.4876057443746524,225.25257851039046,0.0
2023-10-04 05:00:00,66.32017978706943,1.2137749279027539,219.81418306030344,0.0
2023-10-04 06:00:00,60.29556705973985,1.2579622391133238,218.6326153207814,0.0
2023-10-04 07:00:00,66.37163919107755,1.2556159191147054,221.41317289058452,0.0
2023-10-04 08:00:00,63.819853106766026,1.421841596517346,219.8984119295442,0.0
2023-10-04 09:00:00,62.71274614819126,1.0779558614924292,217.8284673534758,0.0
2023-10-04 10:00:00,62.71890907635161,1.3376570216976464,220.96610714330288,0.0
2023-10-04 11:00:00,63.81916525390097,1.033823467228974,218.29375806184837,0.0
2023-10-04 12:00:00,66.14729994707761,1.596654531184152,223.15291600431127,0.0
2023-10-04 13:00:00,61.06351039641345,1.0399217791406619,220.9890092595048,0.0
2023-10-04 14:00:00,63.80865400529644,1.0235221393842757,219.44623915094783,0.0
2023-10-04 15:00:00,64.87558466600255,1.3099339626976099,220.2186940360442,0.0
2023-10-04 16:00:00,61.70288232640442,1.2159576862864647,221.8065762421964,0.0
2023-10-04 17:00:00,70.38999560502505,1.2653704812521869,220.3719225071216,0.0
2023-10-04 18:00:00,62.43951355981598,1.2454627590984635,224.2442189144671,0.0
2023-10-04 19:00:00,62.99168925909953,0.9819215602385122,222.27173503279104,0.0
2023-10-04 20:00:00,62.065076150532505,1.5226717858158967,220.97521473512225,0.0
2023-10-04 21:00:00,70.39544026141435,1.3787084411778219,218.12602825298302,0.0
2023-10-04 22:00:00,66.65871568579844,1.471789990253423,219.70622379219603,0.0
2023-10-04 23:00:00,62.19022398126907,1.094333822177915,220.95774994010492,0.0
2023-10-05 00:00:00,68.31869467657991,1.2833047089430343,218.35427716848372,0.0
2023-10-05 01:00:00,65.60209608286664,1.2394736924469383,222.5868537499259,0.0
2023-10-05 02:00:00,65.7717602633345,1.4256005252403015,218.05168531644392,0.0
2023-10-05 03:00:00,63.96656837374264,1.4320496263659237,218.7255486039082,0.0
2023-10-05 04:00:00,62.75175203912908,1.2386101605916229,218.87540163021023,0.0
2023-10-05 05:00:00,66.0132982971638,0.8964097736313497,221.48764892126627,0.0
2023-10-05 06:00:00,63.36473831001323,1.5559323774175378,218.39012726565846,0.0
2023-10-05 07:00:00,70.45026688872531,1.3111974867380278,216.4000468591619,0.0
2023-10-05 08:00:00,61.19212668427069,1.0783125917217715,222.17607767152342,0.0
2023-10-05 09:00:00,69.60847031856484,1.2813084276533389,219.11122742978887,0.0
2023-10-05 10:00:00,64.6660434536066,0.8977812903094953,217.86298473569613,0.0
2023-10-05 11:00:00,65.89725720206332,1.4110706134942088,218.49028289359492,0.0
2023-10-05 12:00:00,67.49947329988831,0.9057576511441694,223.4335254983687,0.0
2023-10-05 13:00:00,63.10925211498669,1.1558331015925833,218.68591260545418,0.0
2023-10-05 14:00:00,67.59274515409591,1.24889088992111,219.7532637892462,0.0
2023-10-05 15:00:00,56.87736843385647,1.4077679423964187,219.10616327542797,0.0
2023-10-05 16:00:00,62.84003140033418,1.2213089352868747,217.53467491313248,0.0
2023-10-05 17:00:00,62.2278115779768,1.32699257472251,218.51456287550607,0.0
2023-10-05 18:00:00,61.23948196288472,1.1943666183100894,217.397783185987,0.0
2023-10-05 19:00:00,64.35513548576314,1.1935628098111435,221.91176255136142,0.0
2023-10-05 20:00:00,66.15724990454508,1.2170954500696594,220.2017581292272,0.0
2023-10-05 21:00:00,67.10797999549791,1.162188415829525,224.96535552434864,0.0
2023-10-05 22:00:00,65.72263027160122,0.8626859513837128,218.58217855001882,0.0
2023-10-05 23:00:00,63.00291960531936,1.0463353012606742,218.28227950770875,0.0
2023-10-06 00:00:00,66.1070493134755,1.2489549682223395,223.06751953671065,0.0
2023-10-06 01:00:00,65.37285708455255,1.150175799302256,222.11595406413628,0.0
2023-10-06 02:00:00,67.80816850380805,1.1688381835636186,220.76953004354203,0.0
2023-10-06 03:00:00,67.33081010879455,1.135329266112257,217.77261696982345,0.0
2023-10-06 04:00:00,65.09142924176189,1.0272803214536363,223.48999253545585,0.0
2023-10-06 05:00:00,62.30824098151623,1.1013801078047412,219.8557936804593,0.0
2023-10-06 06:00:00,63.04114953250376,1.138633651122281,219.13864974300992,0.0
2023-10-06 07:00:00,63.3506319210859,1.2010286281083697,222.28591947383657,0.0
2023-10-06 08:00:00,64.05420099825123,1.2786756688939425,219.95540975749253,0.0
2023-10-06 09:00:00,65.80415128276925,1.163889941822852,217.66865982873622,0.0
2023-10-06 10:00:00,67.14552317038418,0.9940689488615161,220.08060519899718,0.0
2023-10-06 11:00:00,64.84664392095387,0.9203835920162433,218.43730239685848,0.0
2023-10-06 12:00:00,65.04837436370141,1.719487441475045,213.98131771463366,0.0
2023-10-06 13:00:00,65.42991891500002,0.9740369939470873,218.23657961569972,0.0
2023-10-06 14:00:00,63.45228406060298,1.0962749997471233,218.9445288582643,0.0
2023-10-06 15:00:00,62.22382322707113,1.303400060502787,217.6887097814139,0.0
2023-10-06 16:00:00,59.733686308067874,1.2721721219131361,221.15049306422807,0.0
2023-10-06 17:00:00,62.91455192576938,1.3041731385123145,218.44510448534243,0.0
2023-10-06 18:00:00,66.41943635980336,1.1114565860935648,220.95685240166893,0.0
2023-10-06 19:00:00,62.8912656858813,1.2477116141279094,217.53336052726337,0.0
2023-10-06 20:00:00,64.28657888772219,1.2122687328481727,221.81843784216508,0.0
2023-10-06 21:00:00,66.39929386223695,1.1375737264917425,217.447034946667,0.0
2023-10-06 22:00:00,66.562068489268,1.249081948354268,215.31693918121786,0.0
2023-10-06 23:00:00,61.76140144350188,1.4110731093501414,222.47452517032644,0.0
2023-10-07 00:00:00,67.99117806936093,1.195559955312935,218.28821239253764,0.0
2023-10-07 01:00:00,68.38205026806645,1.196890569271285,223.5138581163988,0.0
2023-10-07 02:00:00,61.61045042834432,1.4136322069751968,221.12918380241615,0.0
2023-10-07 03:00:00,62.52848939107654,1.3922720719637627,221.5805266367625,0.0
2023-10-07 04:00:00,68.57327204943857,1.5167872881926967,222.09094500093215,0.0
2023-10-07 05:00:00,64.5594394362341,0.8487539531040846,220.22535869249813,0.0
2023-10-07 06:00:00,58.34066615764445,1.3810238366338778,220.24811083567707,0.0
2023-10-07 07:00:00,60.80095548580194,1.3203160090804358,222.56268004838861,0.0
2023-10-07 08:00:00,64.25189112448255,1.0228695204493468,220.2227169913962,0.0
2023-10-07 09:00:00,61.510872049146194,1.2503175835997689,218.54364630640677,0.0
2023-10-07 10:00:00,63.759728688090675,1.4102243495515996,221.17151712032444,0.0
2023-10-07 11:00:00,65.09718864105074,1.03416821550292,215.7727131712301,0.0
2023-10-07 12:00:00,69.38676381210419,1.2885124858045613,222.63911760312044,0.0
2023-10-07 13:00:00,64.12863825131663,1.3742707351462036,222.68087827193017,0.0
2023-10-07 14:00:00,68.21762539871828,0.9857960874937024,222.39633333624616,0.0
2023-10-07 15:00:00,69.28628048611031,1.1715428615109704,222.31954392475538,0.0
2023-10-07 16:00:00,69.30292900805622,1.2601936753284821,219.83164934931776,0.0
2023-10-07 17:00:00,65.8542637801567,1.040773698891409,219.78663523101395,0.0
2023-10-07 18:00:00,59.11013255648308,1.0241693601812907,217.5407198204583,0.0
2023-10-07 19:00:00,66.3824745962116,1.1729910796274452,223.4960825034221,0.0
2023-10-07 20:00:00,68.14519966344062,1.3603279433807383,219.02996365394745,0.0
2023-10-07 21:00:00,64.75679868369375,1.328746800238422,220.67977061950376,0.0
2023-10-07 22:00:00,70.23375161022574,1.0277174541627314,220.50809056590955,0.0
2023-10-07 23:00:00,67.57950068440238,1.3304335770231372,217.31916163679168,0.0
2023-10-08 00:00:00,66.70482013145835,1.0328120447666982,216.51064995175358,0.0
2023-10-08 01:00:00,68.25914213361752,0.877966040401313,220.0111732417347,0.0
2023-10-08 02:00:00,66.00010955378264,1.1265712857905537,219.092487764777,0.0
2023-10-08 03:00:00,57.52156850181394,1.4245938743171471,219.82112628151333,0.0
2023-10-08 04:00:00,63.5025831455889,1.3311921104282747,222.13083126040647,0.0
2023-10-08 05:00:00,68.59150408174357,1.1996856385253611,220.44988830107405,0.0
2023-10-08 06:00:00,62.57722597970511,1.1166589032817884,221.51704508152946,0.0
2023-10-08 07:00:00,64.32958248428918,1.1220475727767136,220.89065632435114,0.0
2023-10-08 08:00:00,61.865491058290786,1.2217569811721591,219.36733161352035,0.0
2023-10-08 09:00:00,70.3517677856053,0.9863125028308342,217.99639366561388,0.0
2023-10-08 10:00:00,70.04447737225405,1.1303785309597405,220.52943573622693,0.0
2023-10-08 11:00:00,62.34839331457781,1.1568861077280461,220.16778523869218,0.0
2023-10-08 12:00:00,65.44189400116726,0.9297851083097004,221.83031267500948,0.0
2023-10-08 13:00:00,62.95851785670786,1.0323103498204849,219.698199860555,0.0
2023-10-08 14:00:00,66.84483391709414,1.2821013582972762,219.40531690976894,0.0
2023-10-08 15:00:00,66.52904923172699,1.2019023679881988,219.5410012324368,0.0
2023-10-08 16:00:00,67.4351167148398,1.1382476417613234,218.16254672998912,0.0
2023-10-08 17:00:00,65.99575534312366,1.0177145124924072,222.89381988964092,0.0
2023-10-08 18:00:00,73.8062186191654,1.5153699651178434,222.2792575092315,0.0
2023-10-08 19:00:00,61.916228704967786,1.0324041570641362,217.57394034208392,0.0
2023-10-08 20:00:00,59.868189936690456,1.2503185614523475,221.6078962839451,0.0
2023-10-08 21:00:00,63.82072939789562,1.1024261823852408,216.30998987213528,0.0
2023-10-08 22:00:00,60.2960352033192,1.207255858527667,221.97057846622204,0.0
2023-10-08 23:00:00,60.522613189982025,1.2915219483880744,218.60729909778465,0.0
2023-10-09 00:00:00,61.9960560374061,0.9259486821584227,220.7198011153565,0.0
2023-10-09 01:00:00,62.23343328370512,1.1986767511693024,216.14098062091665,0.0
2023-10-09 02:00:00,62.13614569414982,1.438145729795969,217.6025915366441,0.0
2023-10-09 03:00:00,66.55465685133623,1.5523003786984007,220.93740593449883,0.0
2023-10-09 04:00:00,63.48143281674399,1.1739972053489738,218.59818363323444,0.0
2023-10-09 05:00:00,64.46145627538256,1.2083362414433818,218.3200742592556,0.0
2023-10-09 06:00:00,67.6826983235028,1.6422666057203066,222.79172339490418,0.0
2023-10-09 07:00:00,62.70103242565572,1.4269848563198395,224.42191842254576,0.0
2023-10-09 08:00:00,64.20636230388584,1.0765430861489562,221.87402787363897,0.0
2023-10-09 09:00:00,66.09727995827875,1.0762033098227755,217.81623885652988,0.0
2023-10-09 10:00:00,59.17529659813934,1.3913098923574536,223.5270386656354,0.0
2023-10-09 11:00:00,57.84528347314826,0.9977925739908539,216.87713548070323,0.0
2023-10-09 12:00:00,66.03835198639317,1.4175453502677706,219.39101709184933,0.0
2023-10-09 13:00:00,66.47604284170069,1.2668599927502016,220.10955553397474,0.0
2023-10-09 14:00:00,71.19266040455723,1.3035441528054144,223.8480756876775,0.0
2023-10-09 15:00:00,65.47428462760043,1.1486532393039892,221.82531827510346,0.0
2023-10-09 16:00:00,67.45921915177428,1.074035039150718,219.07248461040095,0.0
2023-10-09 17:00:00,64.41358206924208,1.492398566173664,218.1100874584405,0.0
2023-10-09 18:00:00,65.89168166475525,1.150652543889305,222.0043853076065,0.0
2023-10-09 19:00:00,70.0017705252486,1.1178129846852276,218.93328208555928,0.0
2023-10-09 20:00:00,58.62802154562309,1.183972586424038,220.43348017572995,0.0
2023-10-09 21:00:00,66.24084877271504,1.2386044265435885,217.26044702148178,0.0
2023-10-09 22:00:00,71.40676019023209,0.9938349746561103,221.1385157104484,0.0
2023-10-09 23:00:00,65.84610265762802,1.0870257011586175,220.97739029149497,0.0
2023-10-10 00:00:00,69.95171888969854,1.0763935852187885,217.51675987668366,0.0
2023-10-10 01:00:00,63.112363551411676,1.3690560609213696,222.06324622574328,0.0
2023-10-10 02:00:00,64.90385751750885,1.022807486400022,221.10949161648557,0.0
2023-10-10 03:00:00,65.10057410716577,0.8488464284483892,221.4800485055602,0.0
2023-10-10 04:00:00,58.347226761923686,0.8065810874187691,219.24264261449974,0.0
2023-10-10 05:00:00,61.4954665164494,0.9059239730648565,220.35791282257287,0.0
2023-10-10 06:00:00,61.70937476184804,1.4723076405696223,220.12675773773066,0.0
2023-10-10 07:00:00,67.46619823409758,1.2032413198968104,219.70365919049155,0.0
2023-10-10 08:00:00,67.61645931705216,1.3002498173614405,220.34100655633168,0.0
2023-10-10 09:00:00,65.9721093281196,1.307297545424266,222.51288594759276,0.0
2023-10-10 10:00:00,67.47230869056712,1.211236783678464,222.14990127740785,0.0
2023-10-10 11:00:00,64.50755176183468,1.1850437406697383,217.63627864506228,0.0
2023-10-10 12:00:00,68.60579500861863,1.4089052859636282,221.9708036338139,0.0
2023-10-10 13:00:00,65.02636532789622,1.229199182862528,222.38228674549606,0.0
2023-10-10 14:00:00,65.17359214228027,1.479819495852683,219.69764465329527,0.0
2023-10-10 15:00:00,64.20322210021277,1.3241659890579731,221.01689420759556,0.0
2023-10-10 16:00:00,67.05335143290928,1.0764407453037943,220.98800333460605,0.0
2023-10-10 17:00:00,63.73640355016126,1.1005731952260127,218.3000667666514,0.0
2023-10-10 18:00:00,67.9292941315942,1.054507038709144,219.23608742494335,0.0
2023-10-10 19:00:00,61.60355257785198,1.443509604390143,221.50162047770323,0.0
2023-10-10 20:00:00,61.703251235815415,1.1189898094108894,219.00835552633708,0.0
2023-10-10 21:00:00,67.06228026537951,1.0403054406400734,221.9509991185246,0.0
2023-10-10 22:00:00,64.73436735625096,1.263955608225364,222.60994488169953,0.0
2023-10-10 23:00:00,63.63832575154061,1.1805665787254993,222.28734368396096,0.0
2023-10-11 00:00:00,67.67017319742638,1.2589137025150328,223.9596092063389,0.0
2023-10-11 01:00:00,63.17821575774175,1.5779627807787686,219.81853543541777,0.0
2023-10-11 02:00:00,64.39939623709888,1.3826141611857719,220.35440214793812,0.0
2023-10-11 03:00:00,69.19768385021348,1.2054021108603812,220.64132609552527,0.0
2023-10-11 04:00:00,69.61742703743195,0.9183153231587982,219.87920415001852,0.0
2023-10-11 05:00:00,69.71719463081098,1.1000075005582728,221.0843579482033,0.0
2023-10-11 06:00:00,64.15362266919827,1.3422092205090606,216.577591941976,0.0
2023-10-11 07:00:00,68.6921087149534,0.9657917920676367,220.40981077738505,0.0
2023-10-11 08:00:00,62.153141516693964,1.6281940592660709,217.2451267002342,0.0
2023-10-11 09:00:00,62.279291375833814,1.2028833125271097,218.07475344478485,0.0
2023-10-11 10:00:00,57.948632442126915,1.209769678641897,221.4657796220598,0.0
2023-10-11 11:00:00,70.01860460569559,1.0666709614084044,219.60176752310196,0.0
2023-10-11 12:00:00,62.408060452771764,1.2993475513551436,221.3952289494316,0.0
2023-10-11 13:00:00,64.62040226075882,0.9683996386955536,219.55844679279775,0.0
2023-10-11 14:00:00,62.26902697421515,1.6329785178202916,222.21281263278232,0.0
2023-10-11 15:00:00,67.08549574499042,1.4634702609304022,219.5218385887574,0.0
2023-10-11 16:00:00,63.87309901784798,1.3968592890394091,216.09016302087375,0.0
2023-10-11 17:00:00,61.08554932870115,0.9219141988420381,220.45078516402253,0.0
2023-10-11 18:00:00,66.32498769255818,1.24108265409155,215.6622803085949,0.0
2023-10-11 19:00:00,60.698809925569314,1.4418172796028008,217.0945581949352,0.0
2023-10-11 20:00:00,62.487782824053525,1.3186210798715479,218.23410694200285,0.0
2023-10-11 21:00:00,58.67933265612176,0.999578179073245,217.98458104445962,0.0
2023-10-11 22:00:00,60.72812566340718,1.069981248938269,218.90989839116742,0.0
2023-10-11 23:00:00,65.53558750916143,1.1096127723988018,217.91586435293777,0.0
2023-10-12 00:00:00,59.106391885691224,1.0793124331022785,217.18809467282864,0.0
2023-10-12 01:00:00,60.55656282613485,1.5057557671420614,223.08367148968154,0.0
2023-10-12 02:00:00,64.99289325160157,0.8157973722353487,218.64371090721622,0.0
2023-10-12 03:00:00,63.36917931172084,1.3311838279317674,215.5384646937052,0.0
2023-10-12 04:00:00,70.97610990787793,0.9415393250143097,219.2781632539815,0.0
2023-10-12 05:00:00,70.50168963807313,1.0077497025097863,217.7505378839449,0.0
2023-10-12 06:00:00,62.39623261174654,0.7980533266262564,218.23006474541438,0.0
2023-10-12 07:00:00,66.67141285521045,1.0901891137682267,221.42068496270497,0.0
2023-10-12 08:00:00,67.24784767063835,1.5021463303078426,219.10368476242957,0.0
2023-10-12 09:00:00,63.20756342592679,1.2529648484929556,217.69480679756424,0.0
2023-10-12 10:00:00,60.51337539050539,0.9603276906001805,220.8925070199145,0.0
2023-10-12 11:00:00,64.96310465207583,1.4034295348758625,222.29988166121817,0.0
2023-10-12 12:00:00,64.48146297555766,1.446260852713737,221.07374432527968,0.0
2023-10-12 13:00:00,63.69270650908814,1.220809296207817,215.09288885669915,0.0
2023-10-12 14:00:00,66.32695060449346,1.606949831630518,217.77002099520598,0.0
2023-10-12 15:00:00,62.747811178983206,1.3643128249249228,220.0948970612724,0.0
2023-10-12 16:00:00,61.54400735726257,1.3365305014585176,219.51140118947197,0.0
2023-10-12 17:00:00,65.3272489110495,1.039324258566742,219.3454496921216,0.0
2023-10-12 18:00:00,66.15791027770663,1.3254796971242682,218.03448661431833,0.0
2023-10-12 19:00:00,61.47006516829984,1.2433582555208986,217.18883183384511,0.0
2023-10-12 20:00:00,67.78427183297325,1.3039658005342054,224.01556343562604,0.0
2023-10-12 21:00:00,59.688556586671766,1.063082876171734,220.05422190627783,0.0
2023-10-12 22:00:00,63.26565962385307,1.2256197768717974,221.28424357773483,0.0
2023-10-12 23:00:00,64.22597439140718,1.0366276999570083,220.0125023471676,0.0
2023-10-13 00:00:00,63.09132886204421,0.7705735800067935,220.09269739727597,0.0
2023-10-13 01:00:00,63.304818579346424,1.3996609137156766,219.87579320038142,0.0
2023-10-13 02:00:00,70.61322344692434,0.8995222036620965,217.75910828185113,0.0
2023-10-13 03:00:00,62.4473477328833,1.2214372929564832,216.9710210839315,0.0
2023-10-13 04:00:00,72.32366516741574,1.2666004258898078,220.77245074748998,0.0
2023-10-13 05:00:00,66.31138033919315,1.265312603172611,220.37568481454232,0.0
2023-10-13 06:00:00,65.27616541193598,1.14338418528035,221.87656179691942,0.0
2023-10-13 07:00:00,66.428721060163,1.2542422950559946,221.47072165328404,0.0
2023-10-13 08:00:00,72.58978324775586,1.2941934139570324,218.38297561450065,0.0
2023-10-13 09:00:00,62.01922098820565,1.346992963150397,222.26518261784375,0.0
2023-10-13 10:00:00,61.63874624319083,1.5466882678768525,221.53005439030903,0.0
2023-10-13 11:00:00,62.73540141028424,1.246838830299641,221.38168313971468,0.0
2023-10-13 12:00:00,65.09642944089369,1.2128097690035404,224.4986535839576,0.0
2023-10-13 13:00:00,59.822686625562284,1.018654206929981,224.08791752501637,0.0
2023-10-13 14:00:00,65.06701771795582,1.2871892647798673,221.37982753310976,0.0
2023-10-13 15:00:00,70.08064140024102,1.3334766206281137,221.13039441167507,0.0
2023-10-13 16:00:00,65.45422217187433,1.1615393631436746,222.16331036353935,0.0
2023-10-13 17:00:00,64.12194362307417,1.3089225008368073,218.83209246065925,0.0
2023-10-13 18:00:00,63.14551865394912,1.1414967612901317,218.8603414848179,0.0
2023-10-13 19:00:00,67.6955351136547,1.3341985304177848,221.34684281418382,0.0
2023-10-13 20:00:00,62.522501680285856,1.3825204628059486,218.28704782174486,0.0
2023-10-13 21:00:00,70.53918776179775,1.3797255733460971,221.1855389710465,0.0
2023-10-13 22:00:00,70.80007924314307,1.2235688652282601,220.31366433307238,0.0
2023-10-13 23:00:00,65.77025239598537,0.9920063696765897,218.28761979081577,0.0
2023-10-14 00:00:00,64.96545473577007,1.0776173894716359,220.0517330205766,0.0
2023-10-14 01:00:00,68.09197942472468,1.3190314647769457,222.61016318427684,0.0
2023-10-14 02:00:00,68.28439550668197,1.6897624611480455,220.16474090130768,0.0
2023-10-14 03:00:00,62.58202480682176,1.1318558456935837,220.17309529523595,0.0
2023-10-14 04:00:00,63.4203346005899,1.291167535677628,220.6579705578092,0.0
2023-10-14 05:00:00,61.03295769595012,1.0887894885041192,220.91837704578322,0.0
2023-10-14 06:00:00,66.22719481500218,1.0052065911501797,219.3383190678376,0.0
2023-10-14 07:00:00,66.99988365037068,1.0647368272845275,220.7005220959341,0.0
2023-10-14 08:00:00,60.95022308641618,0.7835056046594656,217.90185928081854,0.0
2023-10-14 09:00:00,63.63440328555152,1.47068701258155,218.40185788633224,0.0
2023-10-14 10:00:00,60.95823824725595,0.7539739494170772,218.65770178384875,0.0
2023-10-14 11:00:00,62.30360056926849,1.1472343539198735,220.93952537926822,0.0
2023-10-14 12:00:00,66.6530511806789,0.964374420929989,220.32046565511254,0.0
2023-10-14 13:00:00,62.79955379996516,1.023123956927559,219.7312808455121,0.0
2023-10-14 14:00:00,64.0975221319031,1.4753045319477336,221.38153997917058,0.0
2023-10-14 15:00:00,60.11806481615805,1.2402133980062784,220.75772416548466,0.0
2023-10-14 16:00:00,65.560970629174,1.0069207681636598,219.42004644003427,0.0
2023-10-14 17:00:00,64.86718004046605,1.0820965735006978,217.92953831436037,0.0
2023-10-14 18:00:00,62.813122249900516,1.0469037559115828,218.3605823975465,0.0
2023-10-14 19:00:00,64.43295710695257,1.1912908655842238,217.06638106921423,0.0
2023-10-14 20:00:00,65.54088464151033,1.2345783369575385,220.28113910030166,0.0
2023-10-14 21:00:00,62.555395553271964,1.579114954645712,218.27572243509266,0.0
2023-10-14 22:00:00,60.57121236799466,0.8167398468004585,219.00935403603225,0.0
2023-10-14 23:00:00,70.41672329806045,1.1930375370484094,219.74481863874226,0.0
2023-10-15 00:00:00,63.10018188586918,1.1368864614930956,222.08799038266136,0.0
2023-10-15 01:00:00,64.70971969043933,1.3893097055433565,221.85758119663365,0.0
2023-10-15 02:00:00,68.03251920506094,1.2709636236356787,219.89058305749205,0.0
2023-10-15 03:00:00,75.58716556271145,1.318072441622989,222.5310069788006,0.0
2023-10-15 04:00:00,61.266540650333404,1.2690172372030164,215.97530298135828,0.0
2023-10-15 05:00:00,66.34948164117952,1.013601774943292,223.75444109953304,0.0
2023-10-15 06:00:00,62.87734314411768,1.4422530992986027,221.38499942860918,0.0
2023-10-15 07:00:00,63.38362908626987,1.3597009809231337,220.20560657003986,0.0
2023-10-15 08:00:00,62.83936393697963,1.3831059583449485,218.21728063849588,0.0
2023-10-15 09:00:00,61.623035096598244,1.452810034101433,219.12386526773906,0.0
2023-10-15 10:00:00,64.87612591464601,1.283535020130392,221.2187017911561,0.0
2023-10-15 11:00:00,60.57649193885529,1.4961984808234985,221.26415876706284,0.0
2023-10-15 12:00:00,67.84042269953561,1.2755279143573282,221.33678674118158,0.0
2023-10-15 13:00:00,65.16500880810013,1.1561882823950782,218.54300653126708,0.0
2023-10-15 14:00:00,66.26730491870433,1.198679217903327,218.1403045739696,0.0
2023-10-15 15:00:00,63.60143416416133,1.1952312463727766,220.39041048870502,0.0
2023-10-15 16:00:00,63.89838819736475,1.0961217355818913,221.53970791554295,0.0
2023-10-15 17:00:00,65.86269171550198,1.5263777696740441,220.00636969900972,0.0
2023-10-15 18:00:00,61.507848102782525,1.2592590731007336,222.96296849377035,0.0
2023-10-15 19:00:00,63.92602869675999,1.2189476951665812,220.06627492438022,0.0
2023-10-15 20:00:00,62.421159458364635,1.2776548509852867,219.99858271233404,0.0
2023-10-15 21:00:00,62.328293568226954,1.7959709033474294,221.34111998238535,0.0
2023-10-15 22:00:00,58.670485278123074,0.9736551622800681,222.43846027518407,0.0
2023-10-15 23:00:00,69.01797976844,1.030992297656745,217.3014894803909,0.0
2023-10-16 00:00:00,62.94038374053869,0.9238857965106007,217.7639765839288,0.0
2023-10-16 01:00:00,68.49012816549065,1.1534801523129028,219.37347712451194,0.0
2023-10-16 02:00:00,68.20637696418288,1.249103688665472,226.31788356917733,0.0
2023-10-16 03:00:00,61.14200088045052,1.1069354963317846,219.47706287491815,0.0
2023-10-16 04:00:00,61.73476629298146,1.0920546403696458,219.75643411397886,0.0
2023-10-16 05:00:00,72.68150887806705,1.2284809733256263,221.23670385961583,0.0
2023-10-16 06:00:00,70.25277782578144,1.0995784350340605,221.95385780562694,0.0
2023-10-16 07:00:00,64.90544446001569,1.2620351654365676,220.33957023290952,0.0
2023-10-16 08:00:00,65.77211931925204,1.4228468693485208,222.32869499008052,0.0
2023-10-16 09:00:00,63.10746079115843,1.3354060939601613,217.61205763394815,0.0
2023-10-16 10:00:00,66.29705814260102,1.3762026694330405,218.46782315051456,0.0
2023-10-16 11:00:00,62.84845429783259,1.417183682301344,222.32497390115927,0.0
2023-10-16 12:00:00,58.902938707104845,1.2565656320237406,220.02188622956695,0.0
2023-10-16 13:00:00,61.03533264046685,1.1682717947913797,217.47509878998267,0.0
2023-10-16 14:00:00,65.06327824355176,1.0455493858233609,217.3549241367656,0.0
2023-10-16 15:00:00,61.60679829349224,1.1217643672728557,218.3781183893106,0.0
2023-10-16 16:00:00,64.7981676052594,1.0952628934646211,220.00425108431583,0.0
2023-10-16 17:00:00,61.77601688170141,1.3463344653241822,220.93475913945358,0.0
2023-10-16 18:00:00,62.65293823249402,1.2693565109188392,219.34188000011173,0.0
2023-10-16 19:00:00,67.55949591923958,1.3393515725428602,220.76999837847904,0.0
2023-10-16 20:00:00,65.74244164292031,0.9679326287799697,219.12586702661278,0.0
2023-10-16 21:00:00,64.97100673605996,1.4863498968482158,222.44784040323384,0.0
2023-10-16 22:00:00,67.63689191921195,1.1146039256986475,225.1036801891447,0.0
2023-10-16 23:00:00,66.44182578004204,0.9799966715850674,219.21477453583114,0.0
2023-10-17 00:00:00,69.3396898737541,1.1121564470356373,220.95986562159788,0.0
2023-10-17 01:00:00,63.62042221305458,1.6967531985175017,220.79682164830024,0.0
2023-10-17 02:00:00,63.71109506441747,1.1224566267016864,220.27739085251986,0.0
2023-10-17 03:00:00,61.096672200825964,1.1349807057058148,221.30650189068257,0.0
2023-10-17 04:00:00,63.71305784788274,1.1615790638740648,220.95764237795964,0.0
2023-10-17 05:00:00,67.89430968290733,1.170275923313709,219.0578928592302,0.0
2023-10-17 06:00:00,68.8999621167864,1.043704786839749,222.63309154524538,0.0
2023-10-17 07:00:00,67.88091550426,1.228642616641226,220.40333249497354,0.0
2023-10-17 08:00:00,59.617424400351695,1.415118981639666,219.23039916033926,0.0
2023-10-17 09:00:00,68.2494356379822,1.2628578630957414,224.8864050476948,0.0
2023-10-17 10:00:00,59.48444413018379,0.9777669402200029,219.7675732456888,0.0
2023-10-17 11:00:00,67.69435197236704,1.1311308190132583,220.5098876828475,0.0
2023-10-17 12:00:00,63.896646420286835,1.089694519979674,220.35088068916068,0.0
2023-10-17 13:00:00,67.10759994180157,1.2105878936469603,219.74021077809758,0.0
2023-10-17 14:00:00,61.002654956316306,1.4660903343124634,220.89732941008802,0.0
2023-10-17 15:00:00,68.51350289811845,1.1702234407958234,218.31000018181675,0.0
2023-10-17 16:00:00,60.605075761685335,1.1823690262259219,221.1930867730461,0.0
2023-10-17 17:00:00,62.994635267440465,1.5555289637638858,216.48329194321514,0.0
2023-10-17 18:00:00,62.005716116692895,1.375241198334332,217.40386049748574,0.0
2023-10-17 19:00:00,59.737145441532505,1.314816256421307,223.65144909433704,0.0
2023-10-17 20:00:00,65.2835827027654,1.5916263230603551,217.4876399465564,0.0
2023-10-17 21:00:00,70.41826735351088,1.2979622509588027,216.08008229592627,0.0
2023-10-17 22:00:00,73.00071566696002,0.8026945716044955,217.5371676618676,0.0
2023-10-17 23:00:00,65.29146736125874,1.3665331515760721,223.48011453839348,0.0
2023-10-18 00:00:00,68.35004382520256,0.88159830857627,216.41627651945458,0.0
2023-10-18 01:00:00,65.6962839137856,1.2904010737164895,218.0883716348169,0.0
2023-10-18 02:00:00,66.49664958430463,0.857251285174152,217.08361503136604,0.0
2023-10-18 03:00:00,63.97355404661828,1.1066289179200162,219.45174160582,0.0
2023-10-18 04:00:00,65.5852307762678,1.1272430940780258,219.1279582036385,0.0
2023-10-18 05:00:00,66.61243611381929,1.0459761785536492,219.03848698654593,0.0
2023-10-18 06:00:00,63.264620813371,1.13022960056176,223.71226759881029,0.0
2023-10-18 07:00:00,64.76751710032103,1.4065123440721106,217.6018493647249,0.0
2023-10-18 08:00:00,64.82470964300754,1.0572094175680893,219.79562444056577,0.0
2023-10-18 09:00:00,67.47920995199158,1.309028175902108,220.67720249264147,0.0
2023-10-18 10:00:00,61.80190348511696,1.00687007207854,218.0395814758557,0.0
2023-10-18 11:00:00,64.84537337417704,1.1621000847215741,220.9731799624932,0.0
2023-10-18 12:00:00,70.73601640715809,1.26476785326549,219.20037901089339,0.0
2023-10-18 13:00:00,68.49218045775781,1.000694316676288,220.7486181323797,0.0
2023-10-18 14:00:00,69.04753714666612,0.9376559134178619,219.7840014969487,0.0
2023-10-18 15:00:00,65.0732955205341,1.2983756301157776,215.8989375488674,0.0
2023-10-18 16:00:00,65.96299269105808,1.4246160798681278,222.6121974255315,0.0
2023-10-18 17:00:00,68.00670850010877,1.1841869961025255,224.14091663070815,0.0
2023-10-18 18:00:00,69.68076658859279,1.1085374186886592,219.64649163613038,0.0
2023-10-18 19:00:00,59.14519126135134,1.2311350775376773,218.20409589626678,0.0
2023-10-18 20:00:00,61.053676078850465,1.2110959837530761,223.0120254423514,0.0
2023-10-18 21:00:00,68.92833230420794,1.2485805081422503,223.78076580573494,0.0
2023-10-18 22:00:00,64.1693319326936,0.694350979937257,219.66240917682,0.0
2023-10-18 23:00:00,62.98483763222577,0.9861791417668073,219.56263876955896,0.0
2023-10-19 00:00:00,61.23751703901319,1.0309539789126292,219.840177804657,0.0
2023-10-19 01:00:00,63.33494989536767,1.2301735257023125,216.6509022215094,0.0
2023-10-19 02:00:00,60.79289214972852,1.2371755767244532,219.41774824261356,0.0
2023-10-19 03:00:00,71.27328281819743,1.3272360977368072,223.4298837750985,0.0
2023-10-19 04:00:00,64.93269184405828,1.2515163498420874,219.6626226784589,0.0
2023-10-19 05:00:00,64.82614837471185,0.9398529859225329,217.91993094425558,0.0
2023-10-19 06:00:00,66.7642300255035,1.489400923517012,220.99337123860897,0.0
2023-10-19 07:00:00,67.88703550779971,1.4543836606844733,218.66560240301177,0.0
2023-10-19 08:00:00,67.83766446966392,0.9483605419946148,219.86709575266414,0.0
2023-10-19 09:00:00,68.22086583172272,1.2665410588748365,217.46230243890545,0.0
2023-10-19 10:00:00,63.10746334762743,1.0809151229513967,217.92675167762653,0.0
2023-10-19 11:00:00,64.10639958512941,1.2277727978401096,221.47531850972717,0.0
2023-10-19 12:00:00,67.30709496632683,1.410662055928374,220.23173355880218,0.0
2023-10-19 13:00:00,63.41783281508114,1.6260208532641918,218.44788522631436,0.0
2023-10-19 14:00:00,64.98468010391832,1.350255541028522,220.2390702606098,0.0
2023-10-19 15:00:00,66.19629129327444,1.2589869470220272,218.7857065825455,0.0
2023-10-19 16:00:00,67.35555524693113,1.1320357663383405,218.43247966125966,0.0
2023-10-19 17:00:00,59.6669571128894,1.2364269742022354,222.3280687944966,0.0
2023-10-19 18:00:00,67.14423694966683,1.4719543786656626,221.56575510637754,0.0
2023-10-19 19:00:00,64.29882782644482,1.191058248648083,219.95745430073782,0.0
2023-10-19 20:00:00,67.12237313259314,1.02277746973047,220.28867467449942,0.0
2023-10-19 21:00:00,67.33079507706448,0.8760620268966746,219.9832039653313,0.0
2023-10-19 22:00:00,69.82374518335747,1.3026095734820502,220.97401851834707,0.0
2023-10-19 23:00:00,69.06036094286361,1.2494576251255478,218.4009966830886,0.0
2023-10-20 00:00:00,69.03971498783089,1.0708183653475407,221.72500946673728,0.0
2023-10-20 01:00:00,69.33101095749872,1.4052028251414594,220.70713167578162,0.0
2023-10-20 02:00:00,65.87413695444783,1.1156446271224738,219.4738873242209,0.0
2023-10-20 03:00:00,65.09655526111052,1.173071181635041,219.02444393698292,0.0
2023-10-20 04:00:00,67.618451249535,1.1966671733404113,221.6822618835336,0.0
2023-10-20 05:00:00,67.19624285429907,1.1298094515723824,219.69902736769978,0.0
2023-10-20 06:00:00,64.07280128978522,1.2471730131499141,218.60221380834034,0.0
2023-10-20 07:00:00,66.21447022642481,1.4303030291866001,219.23086046605135,0.0
2023-10-20 08:00:00,64.89471059964622,0.9715036203763154,221.53840929777832,0.0
2023-10-20 09:00:00,62.43820127461983,1.2977040276948018,216.77889359750793,0.0
2023-10-20 10:00:00,68.87138222412905,1.2344317339212882,219.28918218883905,0.0
2023-10-20 11:00:00,65.16559772759027,1.2307527659089412,222.14116533935152,0.0
2023-10-20 12:00:00,71.14612477309655,1.374368913974818,219.66356645579347,0.0
2023-10-20 13:00:00,60.1235231894005,1.2098594850434317,220.5456334645557,0.0
2023-10-20 14:00:00,63.3296636814699,1.2960458523811405,222.1735379290744,0.0
2023-10-20 15:00:00,65.09791651007261,1.3431729259142293,221.78465930679434,0.0
2023-10-20 16:00:00,68.41214329288674,1.0991269599238787,219.11988245392016,0.0
2023-10-20 17:00:00,66.19840811780655,1.2598366921627595,219.73921289559232,0.0
2023-10-20 18:00:00,65.93141826254225,1.1498424785578736,221.80952780345802,0.0
2023-10-20 19:00:00,61.61820862233756,1.1734636440560209,221.8789389745678,0.0
2023-10-20 20:00:00,61.529175808311585,1.1355877207043337,219.82389974937013,0.0
2023-10-20 21:00:00,65.96751398086971,1.2942160808193772,219.89290869541514,0.0
2023-10-20 22:00:00,60.907682018544925,1.2163289418036507,220.53536738906772,0.0
2023-10-20 23:00:00,63.404366749132016,1.2789088068633347,222.73380138003458,0.0
2023-10-21 00:00:00,66.50275198725757,1.1964965274208503,222.13513224131592,0.0
2023-10-21 01:00:00,62.053027183169675,0.8791757975059349,221.38677340759804,0.0
2023-10-21 02:00:00,69.81606788708542,1.2062736832199417,217.84266144787222,0.0
2023-10-21 03:00:00,68.67180903271367,1.2127075910313634,219.4503331869035,0.0
2023-10-21 04:00:00,60.2857400049851,1.248519187430692,219.55542665262018,0.0
2023-10-21 05:00:00,62.20288627045404,1.0812541612628515,222.83697006520694,0.0
2023-10-21 06:00:00,58.14266826651515,0.9609060566668975,219.52227121764074,0.0
2023-10-21 07:00:00,62.652225912355604,1.3249213289788555,222.50688564615524,0.0
2023-10-21 08:00:00,67.29916542971719,1.1452786886931663,218.85860265893783,0.0
2023-10-21 09:00:00,63.75831517317543,1.234248809536999,219.0182320846785,0.0
2023-10-21 10:00:00,66.3823917308479,1.1437079840223408,220.96290821162629,0.0
2023-10-21 11:00:00,60.432997045154764,1.198787634845281,223.13629341114353,0.0
2023-10-21 12:00:00,67.39392576374571,1.1101429304128383,219.57644574146425,0.0
2023-10-21 13:00:00,63.33467231621495,1.0063832821692342,214.8744642762776,0.0
2023-10-21 14:00:00,65.03650904684872,1.2947463321537314,216.87163319532223,0.0
2023-10-21 15:00:00,64.72137649582085,1.079375982354776,220.5959231123289,0.0
2023-10-21 16:00:00,61.18535443732315,1.232790296178962,217.05040794643645,0.0
2023-10-21 17:00:00,61.540747004780656,1.2820920443804156,218.26887434720717,0.0
2023-10-21 18:00:00,67.90338340701028,1.0826374568793837,220.02468390127652,0.0
2023-10-21 19:00:00,66.19697647250509,0.959222873125403,215.10126550850708,0.0
2023-10-21 20:00:00,68.15014712466028,1.6852171227706105,219.2405484213491,0.0
2023-10-21 21:00:00,65.97397470650756,1.0944456248109147,217.67038288427946,0.0
2023-10-21 22:00:00,65.42897190442766,1.3246834317202316,217.0016405641985,0.0
2023-10-21 23:00:00,59.8219681439997,1.5878927099140248,218.39563112156387,0.0
2023-10-22 00:00:00,64.1888999097165,1.3579815493707785,217.86158214986114,0.0
2023-10-22 01:00:00,64.91784703878876,1.1399114382344897,220.9389604359846,0.0
2023-10-22 02:00:00,70.85932159481771,1.1865767224929777,222.39305357336576,0.0
2023-10-22 03:00:00,67.06086989629603,1.0334785560522302,219.27114629677789,0.0
2023-10-22 04:00:00,69.60818354512858,1.3763392853915484,218.80774844190634,0.0
2023-10-22 05:00:00,66.79261311768418,1.3132541416117376,219.1715899976842,0.0
2023-10-22 06:00:00,62.86609031915156,1.0971148363476513,217.78362578412307,0.0
2023-10-22 07:00:00,65.70348532450589,1.0479030667493252,217.42251620876064,0.0
2023-10-22 08:00:00,66.41289629090537,1.0484293088052898,216.70889109421333,0.0
2023-10-22 09:00:00,63.23887131885697,1.5663168852678824,217.34095808336366,0.0
2023-10-22 10:00:00,65.25528857444658,1.4494267384671684,223.26398201422526,0.0
2023-10-22 11:00:00,66.14326239925018,1.5246870481116208,218.6191579292731,0.0
2023-10-22 12:00:00,71.9295355540334,1.373438443841613,214.11674305647247,0.0
2023-10-22 13:00:00,61.22256715622143,1.3016655765222174,218.82588612303798,0.0
2023-10-22 14:00:00,71.43435667059883,1.8432269402944392,216.81917092647836,0.0
2023-10-22 15:00:00,65.3586283796289,1.715450060920573,220.11896987999432,0.0
2023-10-22 16:00:00,64.40488919875453,1.944827213701665,219.90329268952598,0.0
2023-10-22 17:00:00,72.4130658267351,1.7425316845560421,220.11177127538411,0.0
2023-10-22 18:00:00,71.42104632037919,1.8286927694207973,219.91854784250964,0.0
2023-10-22 19:00:00,73.34102089587597,2.0750540015213095,219.2545793907605,0.0
2023-10-22 20:00:00,72.33168330742546,2.135202010296302,217.08820775692,0.0
2023-10-22 21:00:00,76.46122514605727,2.204583547072402,219.85069185605715,0.0
2023-10-22 22:00:00,72.30997432773486,2.0423682000836862,222.0378491782714,0.0
2023-10-22 23:00:00,70.51648336458827,2.280655926403413,223.62734616759042,0.0
2023-10-23 00:00:00,72.36680730097811,2.435904400137597,219.524017345388,0.0
2023-10-23 01:00:00,75.42054823010831,2.249468132874961,219.74078010943262,0.0
2023-10-23 02:00:00,69.70412754534641,2.224062890625471,221.00085435817778,0.0
2023-10-23 03:00:00,70.43870044958896,2.6516481122126487,222.98648311894422,0.0
2023-10-23 04:00:00,71.81959882944572,2.3085474730080486,219.0274067789909,0.0
2023-10-23 05:00:00,66.78484315299977,2.6216699473102194,221.38530263390066,0.0
2023-10-23 06:00:00,73.86493945060475,2.5404282139523655,218.35436146895123,0.0
2023-10-23 07:00:00,68.14443078955537,2.2401375809284403,220.659697980531,0.0
2023-10-23 08:00:00,74.31410751626264,2.890507545890082,221.94120835323673,0.0
2023-10-23 09:00:00,77.10291152192687,2.1695560346539065,217.4182787869044,0.0
2023-10-23 10:00:00,73.42852554764596,2.380639175380873,218.94971055596358,0.0
2023-10-23 11:00:00,80.24261521619442,2.9392688327975427,221.90956619339,0.0
2023-10-23 12:00:00,71.18187758343468,2.9955550848060453,221.23232246102958,0.0
2023-10-23 13:00:00,79.48927500264197,2.8189629016639293,222.0718922806297,0.0
2023-10-23 14:00:00,78.29301680302358,3.0323813194690996,221.69687929290814,0.0
2023-10-23 15:00:00,71.47161856492708,2.5528689204218638,219.3177929441666,0.0
2023-10-23 16:00:00,85.10421388303709,3.256888050640599,224.39838029678938,0.0
2023-10-23 17:00:00,77.13270780545993,3.2217760833262123,220.2738199815068,0.0
2023-10-23 18:00:00,75.04360427156126,3.219040443417748,213.8885821017116,0.0
2023-10-23 19:00:00,73.80690742973246,3.2886753386810756,219.4353072552454,0.0
2023-10-23 20:00:00,77.72022760716183,3.4394959056611416,219.06165748600134,0.0
2023-10-23 21:00:00,78.3501737490273,3.3914027938919773,221.59049833473455,0.0
2023-10-23 22:00:00,79.39244362787251,3.0787100262143197,219.09762936960374,0.0
2023-10-23 23:00:00,78.54323124963797,3.949125601834082,222.19793999163826,0.0
2023-10-24 00:00:00,81.68840832471147,3.8063573469842815,221.1161987448134,0.0
2023-10-24 01:00:00,78.97795557243279,3.3655462788766397,217.99981907705987,0.0
2023-10-24 02:00:00,74.68806539475746,3.609845793341302,219.71925332877714,0.0
2023-10-24 03:00:00,80.39698593558629,3.6880044295744256,218.4489331114492,0.0
2023-10-24 04:00:00,74.09475013847171,4.0073192090764405,220.36951729370733,0.0
2023-10-24 05:00:00,82.61060766732206,3.4160335368797083,218.43701826552976,0.0
2023-10-24 06:00:00,78.96350775985633,3.804423699226718,220.14887046101813,0.0
2023-10-24 07:00:00,82.74360219150796,3.6084360916141893,219.45538849801918,0.0
2023-10-24 08:00:00,86.5478587473907,3.9598823052850367,219.69555349064035,0.0
2023-10-24 09:00:00,80.11150039306924,3.9787392580027374,224.10188075959618,0.0
2023-10-24 10:00:00,86.49362793046592,4.145516278265275,219.2790295465856,0.0
2023-10-24 11:00:00,82.36180313092746,4.06494061315591,216.1311338247656,0.0
2023-10-24 12:00:00,89.273668913239,4.092048842848656,222.0316522894687,0.0
2023-10-24 13:00:00,83.27073934350395,4.4225228876484035,222.015911803604,0.0
2023-10-24 14:00:00,82.19683090263486,4.445864125653305,216.04211965240634,0.0
2023-10-24 15:00:00,87.13213788639713,4.521547274189452,218.59820075758387,0.0
2023-10-24 16:00:00,84.11516602239669,4.432225615704649,220.87162111369304,0.0
2023-10-24 17:00:00,83.25029934493692,4.409595945526793,221.04840652243414,0.0
2023-10-24 18:00:00,84.69324101126891,4.556511193736691,205.79231411894395,0.0
2023-10-24 19:00:00,86.34505364288762,4.736852132323549,207.16405235500088,0.0
2023-10-24 20:00:00,90.85752630922752,4.257601806284503,206.8550162322909,0.0
2023-10-24 21:00:00,81.38083535517056,4.82811816072206,201.11101402560726,0.0
2023-10-24 22:00:00,87.60445324445689,4.867461440283861,216.4403271401751,0.0
2023-10-24 23:00:00,89.7620347276241,4.874402012203061,208.8455334248664,0.0
2023-10-25 00:00:00,88.81978234469369,4.888447174780595,214.49514157612296,0.0
2023-10-25 01:00:00,92.52114480407525,4.461424010137462,210.12048579711023,0.0
2023-10-25 02:00:00,88.72062598255542,4.943015262872876,211.73038780856987,0.0
2023-10-25 03:00:00,88.74212032132948,5.445211685877447,209.06912519036368,0.0
2023-10-25 04:00:00,91.4248759649837,5.146242230944647,214.66648977534032,0.0
2023-10-25 05:00:00,90.29794144485405,5.138542032265057,209.40670331164512,0.0
2023-10-25 06:00:00,63.82877378515859,1.2033812391180225,218.33332185491548,1.0
2023-10-25 07:00:00,66.54843211875914,1.2709545737256016,221.48926609319798,0.0
2023-10-25 08:00:00,63.042415120350064,1.3317640489378928,221.30933645014386,0.0
2023-10-25 09:00:00,63.16646854394202,1.1542239673684116,218.09669435276558,0.0
2023-10-25 10:00:00,63.416017934703156,1.2849839204787368,216.84394283455777,0.0
2023-10-25 11:00:00,69.05920748049923,1.535330160552272,220.25315861344586,0.0
2023-10-25 12:00:00,55.33695093204286,1.401250159886543,214.18645190240838,0.0
2023-10-25 13:00:00,66.18679650428882,1.668060043171396,217.7026514953245,0.0
2023-10-25 14:00:00,65.10281544260067,1.0686459283296568,223.52032215031062,0.0
2023-10-25 15:00:00,59.95738862228564,1.535237901500403,222.89013465774752,0.0
2023-10-25 16:00:00,65.92918033740801,1.041865272015481,220.97449871753028,0.0
2023-10-25 17:00:00,66.4272559754946,1.2707132293480927,220.61467262896252,0.0
2023-10-25 18:00:00,66.7689176940722,1.34649530584762,216.0996584309512,0.0
2023-10-25 19:00:00,57.04451581086515,1.0978445616191055,218.51866552670177,0.0
2023-10-25 20:00:00,69.09916823556331,1.2175928554948552,219.40966280406846,0.0
2023-10-25 21:00:00,62.78678988594548,1.3820922204903683,218.56117250099763,0.0
2023-10-25 22:00:00,67.05970324025952,1.0579458203376184,219.29951333018428,0.0
2023-10-25 23:00:00,67.22322134204686,1.5338766919095295,222.59844884869258,0.0
2023-10-26 00:00:00,62.36990874314212,0.9230806750545302,218.91635387745737,0.0
2023-10-26 01:00:00,66.98137985705465,1.5879382885456768,219.31812163888648,0.0
2023-10-26 02:00:00,63.843520277262925,1.4002652269599185,221.47906257336751,0.0
2023-10-26 03:00:00,58.78586846198553,1.1820548847344443,217.1610485627944,0.0
2023-10-26 04:00:00,68.50322577658334,1.1194663577526536,218.3195908423223,0.0
2023-10-26 05:00:00,62.67486511095128,1.0985943474417952,218.5245548244863,0.0
2023-10-26 06:00:00,62.43651961178584,1.172840871948597,220.1111842931035,0.0
2023-10-26 07:00:00,63.790802395889834,1.1903008276902347,219.31007586501266,0.0
2023-10-26 08:00:00,65.81671017598217,1.4510452493269164,219.37331818130573,0.0
2023-10-26 09:00:00,64.82818876753369,1.5937308200769167,218.67029202579502,0.0
2023-10-26 10:00:00,66.64420077412151,1.2398759841308016,217.8583394795705,0.0
2023-10-26 11:00:00,60.981531900414026,1.0308743024021192,221.21828584842115,0.0
2023-10-26 12:00:00,62.7728408887078,1.0908547918727611,219.3243917620755,0.0
2023-10-26 13:00:00,64.6520087830354,1.163381843077743,221.23803796029475,0.0
2023-10-26 14:00:00,70.69366187797611,0.9939755789406448,217.77674533903772,0.0
2023-10-26 15:00:00,64.65856238475872,0.9642117195785243,218.6695156845007,0.0
2023-10-26 16:00:00,68.25566679098489,1.6194254424746055,219.55763394430647,0.0
2023-10-26 17:00:00,65.11566550635295,1.2605227051892507,219.74426592636758,0.0
2023-10-26 18:00:00,63.54902408768729,1.0333733732639305,221.50873745186442,0.0
2023-10-26 19:00:00,64.25982672765667,1.3633207140715424,219.13898142081527,0.0
2023-10-26 20:00:00,64.49474086391335,0.9643307750386308,221.49348448562176,0.0
2023-10-26 21:00:00,66.81093721688221,0.9807975904257893,220.7498880171194,0.0
2023-10-26 22:00:00,69.12383380272966,1.0393915197871508,219.7862947798341,0.0
2023-10-26 23:00:00,66.07904254305896,1.5309026561730066,218.09740240700697,0.0
2023-10-27 00:00:00,68.56123303622526,1.1494239868443252,221.51375053092664,0.0
2023-10-27 01:00:00,62.10563078711094,0.7116586026195026,218.1473250653727,0.0
2023-10-27 02:00:00,63.75610847355791,1.4420131866351187,219.95743923968544,0.0
2023-10-27 03:00:00,62.827092397377,1.1387237271675286,219.89211911412784,0.0
2023-10-27 04:00:00,65.94333377262456,0.8301183988243188,219.58580971476545,0.0
2023-10-27 05:00:00,63.92312484446176,1.136663302407318,219.22136055402936,0.0
2023-10-27 06:00:00,67.18931881110258,1.3042007793209807,218.35584661007667,0.0
2023-10-27 07:00:00,62.20699486510267,1.2808098333065938,216.76612712525986,0.0
2023-10-27 08:00:00,65.12909291996384,1.5596829958329639,222.8076094656807,0.0
2023-10-27 09:00:00,67.06057373303676,1.0294464274860138,219.0165530714855,0.0
2023-10-27 10:00:00,58.804091674878165,1.2093440240529945,219.74377580976505,0.0
2023-10-27 11:00:00,71.36489392199061,1.0600861442843157,219.7315452321321,0.0
2023-10-27 12:00:00,64.15054434536037,0.8915614211625553,222.1912086744575,0.0
2023-10-27 13:00:00,58.924880258971484,1.377105474461191,223.86638844303528,0.0
2023-10-27 14:00:00,65.47428169573035,1.292653913829504,220.31969483917737,0.0
2023-10-27 15:00:00,65.10033040391946,1.2567356899397706,219.68599466308618,0.0
2023-10-27 16:00:00,64.75431686128252,1.285358038651729,217.75308598568117,0.0
2023-10-27 17:00:00,67.97357333878,1.062905429462316,217.11282310117446,0.0
2023-10-27 18:00:00,67.24233491428117,0.9988609825363612,216.4520501407118,0.0
2023-10-27 19:00:00,65.89362857307154,1.207529474433872,218.40831008095307,0.0
2023-10-27 20:00:00,66.35046690183994,1.4322422804823227,215.81829040537377,0.0
2023-10-27 21:00:00,64.68692465168574,1.5216154270907094,222.15765990748022,0.0
2023-10-27 22:00:00,70.32647254772014,1.3590865413614865,220.84619248798685,0.0
2023-10-27 23:00:00,60.5624119449267,1.2058348853536192,219.49671897063044,0.0
2023-10-28 00:00:00,65.4189550226477,1.2539567858799872,222.2187679615216,0.0
2023-10-28 01:00:00,65.19507389356635,1.2023187718650743,217.85768784519345,0.0
2023-10-28 02:00:00,67.43984121819378,0.9948113320601143,218.3600378892709,0.0
2023-10-28 03:00:00,62.468438367725305,1.2049294756421085,216.13241343939652,0.0
2023-10-28 04:00:00,59.76898219281039,0.9330346364823012,221.54870739004042,0.0
2023-10-28 05:00:00,65.47046904829458,1.175184554779392,218.37931742738147,0.0
2023-10-28 06:00:00,65.8436914766558,1.5272210221192637,220.03139122655165,0.0
2023-10-28 07:00:00,69.46879822834295,1.3645718445566704,222.00515280114936,0.0
2023-10-28 08:00:00,61.188913861024744,1.015376163152694,222.74170151099884,0.0
2023-10-28 09:00:00,68.46408130015016,1.1855141860715432,219.94170729701887,0.0
2023-10-28 10:00:00,72.10224309208137,1.0331247376490524,220.76847487254273,0.0
2023-10-28 11:00:00,63.86670533743257,1.187497246364558,218.19229950791268,0.0
2023-10-28 12:00:00,61.127173341520326,1.4082215633049127,223.36674668601506,0.0
2023-10-28 13:00:00,63.779076900879886,1.3306015876619808,219.66769887940126,0.0
2023-10-28 14:00:00,65.04201490211415,1.6968288161490672,220.16056990373625,0.0
2023-10-28 15:00:00,66.69136362502074,1.4384954805015142,219.18629385547354,0.0
2023-10-28 16:00:00,63.225815810485855,1.2408000762155382,222.3984979968275,0.0
2023-10-28 17:00:00,69.66559560244202,1.3354299948266586,220.39918784616637,0.0
2023-10-28 18:00:00,61.65640305497581,1.1595113651633329,221.52186915482724,0.0
2023-10-28 19:00:00,59.7823845434816,0.9744991505827008,220.70791627995777,0.0
2023-10-28 20:00:00,68.32013127286196,1.4611553156575041,219.55918123356798,0.0
2023-10-28 21:00:00,58.1761369063814,1.4017982953863295,221.85893712259917,0.0
2023-10-28 22:00:00,64.38761069338184,1.151789157081207,220.69063238915075,0.0
2023-10-28 23:00:00,74.35304338762414,1.2547871473862675,218.07804187830553,0.0
2023-10-29 00:00:00,64.9638693411202,1.4481878374769612,218.02157723238125,0.0
2023-10-29 01:00:00,61.63769704791125,1.369270285241204,220.29765345806328,0.0
2023-10-29 02:00:00,64.82780760863962,0.9073797497500602,221.81491580477527,0.0
2023-10-29 03:00:00,64.8475976341414,1.2487240042979648,223.27884109701282,0.0
2023-10-29 04:00:00,65.48194982105935,1.166473694902327,216.4455730848384,0.0
2023-10-29 05:00:00,66.98678894647885,1.4226001398277361,220.05131969819743,0.0
2023-10-29 06:00:00,61.88266649489678,1.4062085477565323,220.97929532435,0.0
2023-10-29 07:00:00,70.06264416571038,1.463721565635609,220.59133826998954,0.0
2023-10-29 08:00:00,65.73534285311786,0.9764211322559584,222.0186542100674,0.0
2023-10-29 09:00:00,67.1803821392054,1.0431776931887522,221.311067952983,0.0
2023-10-29 10:00:00,63.11555180073307,1.4228164872270876,218.02899963283932,0.0
2023-10-29 11:00:00,68.8591464109866,1.081670836931511,217.97041662261853,0.0
2023-10-29 12:00:00,64.2288427735608,0.8957134038171384,220.62490971230343,0.0
2023-10-29 13:00:00,65.8326575404806,1.306519297522813,221.98101084884505,0.0
2023-10-29 14:00:00,62.20068176843867,1.0905563119468054,220.2868351059054,0.0
2023-10-29 15:00:00,62.00920512079362,1.55795815406168,216.84413386086345,0.0
2023-10-29 16:00:00,67.06461591935864,1.2592369107976926,217.90565716936746,0.0
2023-10-29 17:00:00,63.66917950937784,1.232051857328333,221.38303171173067,0.0
2023-10-29 18:00:00,62.43853073748687,1.1261512216768486,219.30270981816574,0.0
2023-10-29 19:00:00,63.07044997391891,1.5181670667853941,220.23591460640657,0.0
2023-10-29 20:00:00,67.09685921515226,1.271710891977964,222.1308360783035,0.0
2023-10-29 21:00:00,63.112886416389166,1.1183000963687586,217.59558190476008,0.0
2023-10-29 22:00:00,64.6470352051935,1.0411832586789105,219.17151468819608,0.0
2023-10-29 23:00:00,65.0450832508613,1.1853053890871563,218.95425437325213,0.0
2023-10-30 00:00:00,59.2479533419691,1.004470632569039,220.71080507305572,0.0
2023-10-30 01:00:00,60.58662078387945,1.405775488335789,221.545776356544,0.0
2023-10-30 02:00:00,66.00883366774269,0.838331589195153,217.03946508620243,0.0
2023-10-30 03:00:00,62.788911916541906,1.1720971943333858,219.98892728166746,0.0
2023-10-30 04:00:00,68.17017473384125,1.3220267090175868,221.73865820809243,0.0
2023-10-30 05:00:00,67.90042131275163,1.2684238840219313,216.29042709707832,0.0
2023-10-30 06:00:00,67.15750599906632,1.056543405396866,219.87121511712078,0.0
2023-10-30 07:00:00,70.4593153619378,1.3320517413413098,217.56843111843355,0.0
2023-10-30 08:00:00,64.75073201677046,1.0227921223228185,218.71686619290094,0.0
2023-10-30 09:00:00,66.94664577771152,1.195523068700638,214.98993082103695,0.0
2023-10-30 10:00:00,63.246797070211905,1.3303683143960712,222.78546823751006,0.0
2023-10-30 11:00:00,72.35710973860617,1.2925825558986226,219.28834174519298,0.0
2023-10-30 12:00:00,70.95090095730806,1.0649921977161063,218.38561627192817,0.0
2023-10-30 13:00:00,65.03564130355338,1.4394989033128727,220.6565340909143,0.0
2023-10-30 14:00:00,66.15975868971557,1.2173389142971067,217.91537953462552,0.0
2023-10-30 15:00:00,69.07789279809441,1.3485990821878302,217.7255109422374,0.0
2023-10-30 16:00:00,64.55858148555768,1.5058202013346493,223.02065833962746,0.0
2023-10-30 17:00:00,63.03012778760088,1.4235041097549215,223.6173260566536,0.0
2023-10-30 18:00:00,67.62196925302065,1.4240258812662088,218.81587265543504,0.0
2023-10-30 19:00:00,65.23531773825101,1.2385359859698943,222.13470941983235,0.0
2023-10-30 20:00:00,65.54898334893578,1.3587870241821018,220.71208088797619,0.0
2023-10-30 21:00:00,62.4971859707961,1.2427193149128632,217.1723374165793,0.0
2023-10-30 22:00:00,59.84698355490981,0.9581351064443173,218.14373621230044,0.0
2023-10-30 23:00:00,65.70842722963731,1.2605487585010084,223.10219959839387,0.0
2023-10-31 00:00:00,67.7148861244826,1.251272196747693,217.14640993435165,0.0
2023-10-31 01:00:00,64.32257975277187,1.316745872304364,224.56199867614973,0.0
2023-10-31 02:00:00,69.3092885586766,1.174400604957321,218.85727564817645,0.0
2023-10-31 03:00:00,62.88825102375337,1.0477088886472299,223.16162981258645,0.0
2023-10-31 04:00:00,61.83588663510224,1.3313012166350453,219.38887241071433,0.0
2023-10-31 05:00:00,64.7983090784116,0.9373455425495503,221.5998071830023,0.0
2023-10-31 06:00:00,64.75222227394613,1.4917638271712939,222.79006628024138,0.0
2023-10-31 07:00:00,67.30990619400566,1.1537163877590015,222.779907635362,0.0
2023-10-31 08:00:00,62.67511152780804,1.2491056344112337,218.83126893841407,0.0
2023-10-31 09:00:00,69.10428271044469,1.3117116306563144,218.28522380020175,0.0
2023-10-31 10:00:00,70.90075088752477,1.3181376089688381,219.83757598049772,0.0
2023-10-31 11:00:00,64.88256791909498,0.918203140009653,217.39904075793206,0.0
2023-10-31 12:00:00,68.74913126055296,1.3648173161088528,220.47852835122112,0.0
2023-10-31 13:00:00,61.83050878812422,1.2606307656752547,218.35840669544496,0.0
2023-10-31 14:00:00,68.22566462354575,1.0729477230882782,222.16541954708583,0.0
2023-10-31 15:00:00,68.14182922567839,1.0500666098108171,218.85977516756373,0.0
2023-10-31 16:00:00,67.59031184056964,1.1331893835886309,216.51548206103996,0.0
2023-10-31 17:00:00,64.95331073338912,0.9402516626779016,222.8018295523386,0.0
2023-10-31 18:00:00,56.13725317627391,1.544453478197405,220.36673600666373,0.0
2023-10-31 19:00:00,63.074818569043615,1.4972302650286688,220.05826978084013,0.0
2023-10-31 20:00:00,63.12225194694619,1.2903400401951879,222.1887895698924,0.0
2023-10-31 21:00:00,62.065235185818565,1.1553203167315818,221.7431530045963,0.0
2023-10-31 22:00:00,65.3667290136412,1.160578402412521,218.47629291197916,0.0
2023-10-31 23:00:00,63.74310966343629,1.3516131412347936,219.10043678794767,0.0
2023-11-01 00:00:00,62.526163970704935,1.5515653799003901,217.7740894998813,0.0
2023-11-01 01:00:00,61.82359955525654,1.0859206520806512,217.07109588975038,0.0
2023-11-01 02:00:00,62.853461043544314,0.9764827914753351,221.15718506983077,0.0
2023-11-01 03:00:00,68.36449763554978,1.5095281547190542,220.78436862008337,0.0
2023-11-01 04:00:00,63.01692483611752,0.8425722824831097,221.52165842304504,0.0
2023-11-01 05:00:00,63.45518388070018,0.9982938383494707,222.56321088299188,0.0
2023-11-01 06:00:00,63.62990715493026,1.1506284214978293,221.54894958985133,0.0
2023-11-01 07:00:00,66.01698054142825,0.8879133064389937,221.7269189526105,0.0
2023-11-01 08:00:00,66.3687484655856,1.4224298125613197,215.84407748365572,0.0
2023-11-01 09:00:00,55.866030382270516,1.37138105410102,219.38602951615002,0.0
2023-11-01 10:00:00,68.06490564148282,1.0850413545569366,221.92915298933997,0.0
2023-11-01 11:00:00,69.30910410273125,1.4559228238355495,217.66358252758957,0.0
2023-11-01 12:00:00,61.84944038791499,1.4898584856807653,220.18334276567552,0.0
2023-11-01 13:00:00,62.083105265795496,1.1773658703419871,221.038928881227,0.0
2023-11-01 14:00:00,63.64923983666519,1.1098663644863984,220.88570698767697,0.0
2023-11-01 15:00:00,62.73198794163019,1.6519204055484957,220.7375926159166,0.0
2023-11-01 16:00:00,65.67178062183982,1.344232364416831,221.19782543809114,0.0
2023-11-01 17:00:00,59.16042414092341,1.2512649305937706,220.36148778985643,0.0
2023-11-01 18:00:00,61.64621717588978,1.4727091893279225,217.07414358521797,0.0
2023-11-01 19:00:00,69.61759160052472,1.2603861270006043,221.01391107080698,0.0
2023-11-01 20:00:00,62.215340097955945,1.0988758828161622,220.56949312110748,0.0
2023-11-01 21:00:00,68.73028483430878,1.2160319520975107,217.1005030982891,0.0
2023-11-01 22:00:00,66.06601458677041,1.4077308574639469,222.75947042217314,0.0
2023-11-01 23:00:00,59.57219685623522,0.8015628867301572,221.06767539949607,0.0
2023-11-02 00:00:00,66.90598758564862,1.1423938521121557,217.23930335804508,0.0
2023-11-02 01:00:00,64.64699809342144,1.476611479716321,218.3655496720557,0.0
2023-11-02 02:00:00,63.63359883125078,1.0976263197812965,218.87189591650764,0.0
2023-11-02 03:00:00,65.73487127951601,1.5092217120862819,218.8704731223987,0.0
2023-11-02 04:00:00,66.42390045670038,1.4829487638719625,220.58610037763688,0.0
2023-11-02 05:00:00,67.12277546592387,1.1868941769022097,218.04729649788348,0.0
2023-11-02 06:00:00,68.53475854264401,1.0862921390221998,222.25627349424386,0.0
2023-11-02 07:00:00,66.22440773833507,1.142528225170073,222.09160690273598,0.0
2023-11-02 08:00:00,60.87309773364092,1.732922898400287,221.2386346191992,0.0
2023-11-02 09:00:00,63.57906362704642,1.5748848893866487,220.0884835507877,0.0
2023-11-02 10:00:00,73.82914500580587,1.2250781943613476,221.87489503030307,0.0
2023-11-02 11:00:00,67.17347318114518,1.078369289675918,219.448104554392,0.0
2023-11-02 12:00:00,72.1078619024345,1.2234082071162526,218.55102227723359,0.0
2023-11-02 13:00:00,69.18630224659756,1.248765385323353,222.38021929123948,0.0
2023-11-02 14:00:00,65.72540621466725,0.9513282524781291,220.63508551403802,0.0
2023-11-02 15:00:00,65.90422120934335,1.216008253843052,218.63188471883723,0.0
2023-11-02 16:00:00,64.89025988036946,1.464480864962346,219.16451526591683,0.0
2023-11-02 17:00:00,59.7865861524605,0.8401286637567053,218.52714403246947,0.0
2023-11-02 18:00:00,65.05414175740468,1.3653167930274497,224.0443497176572,0.0
2023-11-02 19:00:00,68.63202365762659,1.4749595940109559,220.00819687490105,0.0
2023-11-02 20:00:00,63.20108001553639,1.0878885309811264,220.31554262250734,0.0
2023-11-02 21:00:00,66.23585899718543,1.5388351516382113,221.44243809572387,0.0
2023-11-02 22:00:00,67.55477313767959,1.061932587510331,217.56927803478598,0.0
2023-11-02 23:00:00,62.27095868206257,1.2882165323720807,222.19309453257245,0.0
2023-11-03 00:00:00,63.646091406969006,1.1386454630672738,218.7843077384243,0.0
2023-11-03 01:00:00,61.946265528568524,1.1386007285674793,223.6600325722303,0.0
2023-11-03 02:00:00,62.53350317993178,1.076540186048391,219.37468253997082,0.0
2023-11-03 03:00:00,61.13718414904082,1.3397150961724038,222.07528002952637,0.0
2023-11-03 04:00:00,62.29865461586592,1.3697610915462897,215.00640376576183,0.0
2023-11-03 05:00:00,69.25836704239352,1.1871155600845622,217.64973384782806,0.0
2023-11-03 06:00:00,62.25356891272912,0.928006357265545,219.41278568200474,0.0
2023-11-03 07:00:00,65.37937765718208,1.280634033326878,215.93843400375022,0.0
2023-11-03 08:00:00,63.491393738987135,1.2844028718821388,221.2017688976828,0.0
2023-11-03 09:00:00,68.53659781111082,1.1566569977227146,220.6259162508725,0.0
2023-11-03 10:00:00,68.93348688981085,1.5734462574361616,218.01834470028024,0.0
2023-11-03 11:00:00,67.59220994641684,0.8872141470198691,219.968082740271,0.0
2023-11-03 12:00:00,65.91840365930827,0.7565432579492863,221.61295445984626,0.0
2023-11-03 13:00:00,64.3068213894773,1.0538330200604658,215.79390096626005,0.0
2023-11-03 14:00:00,61.42437588742625,1.3420849068182898,217.45302196753067,0.0
2023-11-03 15:00:00,70.83058664336659,0.9888310725132318,219.3298234015533,0.0
2023-11-03 16:00:00,62.72098094674234,1.003805816294785,220.04744725326495,0.0
2023-11-03 17:00:00,66.99093904109853,1.390204267235631,219.88277715679692,0.0
2023-11-03 18:00:00,68.1786967178702,1.29250958455955,221.77858957087142,0.0
2023-11-03 19:00:00,63.33415850928401,1.2754121819256798,220.9544224913108,0.0
2023-11-03 20:00:00,68.11403758194788,1.3562857838931057,221.39326968114213,0.0
2023-11-03 21:00:00,67.29263961001656,1.114961409345423,217.22024853439126,0.0
2023-11-03 22:00:00,70.1838915061453,1.1242031851883616,220.28964770959877,0.0
2023-11-03 23:00:00,63.591960600719865,1.361955854512285,219.3857149815241,0.0
2023-11-04 00:00:00,61.14240794816085,0.9310226438437601,222.92414376333753,0.0
2023-11-04 01:00:00,63.48353073366647,0.7714560307202907,220.3487912747558,0.0
2023-11-04 02:00:00,65.626560627603,1.113343165274429,218.66189213056794,0.0
2023-11-04 03:00:00,65.17463818125518,1.3861746578131382,221.70500255191007,0.0
2023-11-04 04:00:00,63.81968631117635,1.2511119397973607,221.12659559172928,0.0
2023-11-04 05:00:00,59.27240762306827,1.371458300824603,218.35679665471903,0.0
2023-11-04 06:00:00,66.41144898838732,0.7967411379153668,219.30302059446166,0.0
2023-11-04 07:00:00,70.9170334372466,1.2630993616646984,219.33710708078328,0.0
2023-11-04 08:00:00,66.39275371436901,1.3307729009284754,222.45492218455908,0.0
2023-11-04 09:00:00,66.82740655716054,0.9298405154778631,220.40648374775688,0.0
2023-11-04 10:00:00,66.71733591846531,1.3724115181093088,221.45356495712034,0.0
2023-11-04 11:00:00,66.1911400096472,1.1776962206988413,219.01345655773983,0.0
2023-11-04 12:00:00,67.79499790060429,1.8142673403212004,220.6696005822789,0.0
2023-11-04 13:00:00,66.186121043557,0.7645527862206528,222.6067218058593,0.0
2023-11-04 14:00:00,64.06196849104018,1.4738228735349501,219.2778464694987,0.0
2023-11-04 15:00:00,62.612033269973736,1.1211683806947852,220.23030960767557,0.0
2023-11-04 16:00:00,64.25307903415798,0.8765696571119912,217.2733874875248,0.0
2023-11-04 17:00:00,65.942388489352,1.0946089712870015,218.46888382017994,0.0
2023-11-04 18:00:00,64.05175111663108,1.2554958482674932,219.33111421600435,0.0
2023-11-04 19:00:00,65.94301604939429,1.4074933339130087,217.87832138209654,0.0
2023-11-04 20:00:00,66.31745040110125,1.544392857626435,222.6439473550437,0.0
2023-11-04 21:00:00,67.49953829381055,1.4843786177408684,218.32398595951696,0.0
2023-11-04 22:00:00,68.84838490651694,1.0069235958591012,221.5735971842345,0.0
2023-11-04 23:00:00,65.23402225543657,1.4260329384532233,220.37367247506296,0.0
2023-11-05 00:00:00,61.07667030455702,1.2782569914241746,220.06170389702092,0.0
2023-11-05 01:00:00,63.96468770954243,1.0690793958142024,222.97232728993032,0.0
2023-11-05 02:00:00,65.1321877022198,1.1576178813045037,215.47879940614484,0.0
2023-11-05 03:00:00,59.492693731468734,1.0580314681110552,219.6075902063538,0.0
2023-11-05 04:00:00,69.16599356030744,1.207418468387291,217.83923932686912,0.0
2023-11-05 05:00:00,65.42713373753139,1.054068423541176,216.07715918173392,0.0
2023-11-05 06:00:00,66.14405850374085,0.9944011853565121,217.61053653248462,0.0
2023-11-05 07:00:00,69.0965793875788,1.2958238255565544,220.03447507000615,0.0
2023-11-05 08:00:00,63.10957150957296,1.3257461096519274,218.54930574158712,0.0
2023-11-05 09:00:00,66.7221257926521,1.1624805999816776,221.7932271796503,0.0
2023-11-05 10:00:00,64.6704076306942,1.4735302607871945,219.57230830411734,0.0
2023-11-05 11:00:00,64.44773939895224,1.1479138827009774,219.3505232905581,0.0
2023-11-05 12:00:00,62.683422836586864,1.1394450909748923,219.35943809898782,0.0
2023-11-05 13:00:00,69.99680964105958,1.3320977964691394,219.80301118774094,0.0
2023-11-05 14:00:00,63.873499879773284,1.1735148830113327,219.1630429301145,0.0
2023-11-05 15:00:00,67.0983927406871,1.2169595458052287,218.29749260487168,0.0
2023-11-05 16:00:00,59.37497783758419,0.6959123058761869,221.97836976795207,0.0
2023-11-05 17:00:00,68.53996558906935,1.203341476947595,218.7518098992221,0.0
2023-11-05 18:00:00,68.15663346787117,0.834560812505748,219.23294676730762,0.0
2023-11-05 19:00:00,65.29230233089191,0.9558098858002259,220.8588101601806,0.0
2023-11-05 20:00:00,64.31917260158623,0.9329354922488989,220.63748249231452,0.0
2023-11-05 21:00:00,66.2000000168407,0.9914833692932348,218.2131238753079,0.0
2023-11-05 22:00:00,71.86637198264087,1.0902292280735493,221.5099638882215,0.0
2023-11-05 23:00:00,59.71028990328954,1.102701476890903,221.0753406796768,0.0
2023-11-06 00:00:00,67.34608216272238,1.332855040851425,220.3559496683745,0.0
2023-11-06 01:00:00,62.26514809353829,1.2444775628269393,219.137366298837,0.0
2023-11-06 02:00:00,64.94024481110081,0.8197851142364028,219.18653861895717,0.0
2023-11-06 03:00:00,64.25635964276401,1.2166589275093616,219.59640579399678,0.0
2023-11-06 04:00:00,63.71504522660673,1.2636510493166855,217.53633611774447,0.0
2023-11-06 05:00:00,64.96860461284182,1.1342866967494083,219.9214631028061,0.0
2023-11-06 06:00:00,61.59748656416663,1.1878228046186594,221.784204080894,0.0
2023-11-06 07:00:00,68.0875413083839,1.2380620250794112,221.75274237966804,0.0
2023-11-06 08:00:00,59.6175694664042,1.352919919527116,219.2382964574471,0.0
2023-11-06 09:00:00,66.61929353848502,0.885024002507453,222.12816654545108,0.0
2023-11-06 10:00:00,64.02039244239629,1.1511365922720702,223.81180910905888,0.0
2023-11-06 11:00:00,61.487225318577636,1.5016672196115457,219.36758492947433,0.0
2023-11-06 12:00:00,65.60715011179609,1.4833322616595912,221.38302941286435,0.0
2023-11-06 13:00:00,60.329146739880564,1.3701873855551558,215.4743800746184,0.0
2023-11-06 14:00:00,65.1191414651589,1.307364936791135,217.483706543636,0.0
2023-11-06 15:00:00,60.73136927656534,1.5309269496804176,220.18224205866704,0.0
2023-11-06 16:00:00,66.3838162529535,1.583569600321333,217.98653387496321,0.0
2023-11-06 17:00:00,62.226927999108874,1.1741840023906294,224.0784040894449,0.0
2023-11-06 18:00:00,63.64701794891207,1.0061135113423358,221.1957593745931,0.0
2023-11-06 19:00:00,65.88184816382949,1.1459415364751009,221.93166329371627,0.0
2023-11-06 20:00:00,62.68237366447329,1.8193391027544106,219.94194718767884,0.0
2023-11-06 21:00:00,64.82610800099509,0.8861287314549611,217.9935839602727,0.0
2023-11-06 22:00:00,60.45850849626544,1.1058921720941166,218.96237943565023,0.0
2023-11-06 23:00:00,66.89262681078847,0.9174617695014737,220.50876095925273,0.0
2023-11-07 00:00:00,70.29474141665231,1.224952772575477,218.72416932318197,0.0
2023-11-07 01:00:00,73.37662660372989,0.9594617942210264,221.3423839834544,0.0
2023-11-07 02:00:00,65.27350443999931,1.1782497954332765,221.42282993840928,0.0
2023-11-07 03:00:00,67.36461242239156,0.8099809679962482,220.00996260787917,0.0
2023-11-07 04:00:00,59.65812298127753,1.32352413301693,216.348729825966,0.0
2023-11-07 05:00:00,69.50820297891677,1.444469051293595,223.4295698673319,0.0
2023-11-07 06:00:00,67.32868551417232,1.123211275587308,219.57465428662096,0.0
2023-11-07 07:00:00,63.5481996651463,1.1729739985848595,225.41855329694206,0.0
2023-11-07 08:00:00,68.71154240086703,1.1673185538537374,221.30507139270438,0.0
2023-11-07 09:00:00,64.23657177006397,1.236182135045005,219.58008984653588,0.0
2023-11-07 10:00:00,63.62592445095633,1.1923660826067144,220.895643752996,0.0
2023-11-07 11:00:00,66.42600477628247,1.3536233904861388,215.96142896584277,0.0
2023-11-07 12:00:00,61.809936500509046,1.4466078266901892,222.05228480647193,0.0
2023-11-07 13:00:00,68.06487429319985,1.0371857555015633,225.13388247505895,0.0
2023-11-07 14:00:00,61.83203056421947,1.1381343014451406,215.82153305231324,0.0
2023-11-07 15:00:00,61.84983563053044,1.380323889784949,219.42518198034858,0.0
2023-11-07 16:00:00,62.270930634775,0.9156661903881935,219.78932375441696,0.0
2023-11-07 17:00:00,67.27850011254837,0.805855743630886,221.75045725832612,0.0
2023-11-07 18:00:00,63.14967391544088,1.2452631905796956,224.21195134833107,0.0
2023-11-07 19:00:00,60.95601264689849,1.2992692822140983,220.76576424519112,0.0
2023-11-07 20:00:00,63.18296000019261,1.0555399624092816,224.28358364843106,0.0
2023-11-07 21:00:00,64.90387288795854,1.084269789175909,220.3408649537693,0.0
2023-11-07 22:00:00,61.45708254900684,1.0479615356518202,220.90284763759246,0.0
2023-11-07 23:00:00,61.54495667289697,1.026614952131113,220.65647113232052,0.0
2023-11-08 00:00:00,71.33388900229875,1.33869916412092,222.44059956601018,0.0
2023-11-08 01:00:00,62.41830378855834,0.9639003026004722,219.1553578837796,0.0
2023-11-08 02:00:00,64.03087289368098,1.1468954277133303,221.636573517523,0.0
2023-11-08 03:00:00,63.898288997602144,1.0189327664970294,217.53840678748713,0.0
2023-11-08 04:00:00,63.735929576688676,0.9089422048197568,219.4309917906972,0.0
2023-11-08 05:00:00,66.86404021990731,1.374035634949354,218.72651275412238,0.0
2023-11-08 06:00:00,67.84442885141615,1.0960349555652922,220.1759231172359,0.0
2023-11-08 07:00:00,64.08213670540522,1.2376880160841512,219.36784050119243,0.0
2023-11-08 08:00:00,61.29056514022295,0.8983848240397979,222.26426738491395,0.0
2023-11-08 09:00:00,68.82332068354671,1.0516121092487047,218.2426638096567,0.0
2023-11-08 10:00:00,64.71397672640995,1.351217576139001,216.53736812837798,0.0
2023-11-08 11:00:00,70.1909654445715,1.7174542911690618,217.2854323605769,0.0
2023-11-08 12:00:00,58.26324230730451,0.8047567871219377,221.98833609260265,0.0
2023-11-08 13:00:00,65.58620966384996,1.1597784409421146,218.06088531336755,0.0
2023-11-08 14:00:00,70.75581900162862,1.2824561196286999,220.79568883104142,0.0
2023-11-08 15:00:00,63.94020759368553,1.0767799693521432,219.41042499350385,0.0
2023-11-08 16:00:00,64.3235197299961,1.3699043973988247,221.6484881095065,0.0
2023-11-08 17:00:00,65.88653507477102,1.0266534658679374,219.53846858976678,0.0
2023-11-08 18:00:00,63.32361254334513,1.2307695320433283,225.52869703223428,0.0
2023-11-08 19:00:00,64.0637842038418,1.095585619100328,223.796234031637,0.0
2023-11-08 20:00:00,63.98655471742579,1.4438862165909545,219.36957963918863,0.0
2023-11-08 21:00:00,63.11773779672088,1.0647270993928788,219.09573082181004,0.0
2023-11-08 22:00:00,68.68656965060168,1.1296252407426968,226.26465230161693,0.0
2023-11-08 23:00:00,66.38323409688931,1.389137807499431,217.84229807734283,0.0
2023-11-09 00:00:00,65.7518846963099,0.9943922681814272,219.8899529041633,0.0
2023-11-09 01:00:00,67.42571302067034,1.2137500113527144,220.04489783941085,0.0
2023-11-09 02:00:00,64.2069325003896,0.8354931312626797,219.99532420437086,0.0
2023-11-09 03:00:00,62.6773885449413,0.982413308274185,216.52257655893894,0.0
2023-11-09 04:00:00,63.192127086156326,1.2764262551781607,220.9932048193519,0.0
2023-11-09 05:00:00,65.00534912331382,1.0018604980927535,218.05929981721536,0.0
2023-11-09 06:00:00,61.822364874881295,1.0910854136352417,222.87197824833814,0.0
2023-11-09 07:00:00,63.499216950239976,1.2986172804095875,217.08806991513075,0.0
2023-11-09 08:00:00,63.4516500743857,1.084162771770614,220.11893185475094,0.0
2023-11-09 09:00:00,71.37366868948705,1.3645684146432715,215.5677587060962,0.0
2023-11-09 10:00:00,56.67855518019825,1.2431325574972127,215.69123258731855,0.0
2023-11-09 11:00:00,64.4611408357831,1.2871366223849006,218.32129608341472,0.0
2023-11-09 12:00:00,70.17708137844431,1.4481931197477065,218.60357983532595,0.0
2023-11-09 13:00:00,65.36553339239737,1.263964612522813,222.93145282597888,0.0
2023-11-09 14:00:00,67.26025242026328,1.5077694580938688,219.9188163274762,0.0
2023-11-09 15:00:00,65.2994789452993,1.3822524566075647,222.58481380182312,0.0
2023-11-09 16:00:00,62.99799985635056,1.0953095140331086,219.24042681064665,0.0
2023-11-09 17:00:00,58.27425219647326,1.4586296150042544,221.21217036576067,0.0
2023-11-09 18:00:00,65.6163670611089,1.252773204180589,218.5490493661622,0.0
2023-11-09 19:00:00,62.67318018619282,1.1210640582678992,218.4130538618028,0.0
2023-11-09 20:00:00,62.59899378150409,1.2556771390641766,216.35829972216422,0.0
2023-11-09 21:00:00,63.503038232062664,1.4224653648780525,220.67150798770254,0.0
2023-11-09 22:00:00,70.23458421987048,1.2910090188484444,220.5241668294003,0.0
2023-11-09 23:00:00,72.21451262676192,1.5644785665102794,221.55462577457172,0.0
2023-11-10 00:00:00,65.6516238125852,1.4173061115797643,220.4298365742828,0.0
2023-11-10 01:00:00,63.605698328264815,1.3046320066804324,224.05239195438793,0.0
2023-11-10 02:00:00,61.468320747646366,0.9947863834517684,220.352055273355,0.0
2023-11-10 03:00:00,66.4056204846382,1.1640534971979757,221.98365342867623,0.0
2023-11-10 04:00:00,70.34871680019543,1.2143328279501702,219.3517818340018,0.0
2023-11-10 05:00:00,64.25797883892453,1.3393263002435494,218.18305993139722,0.0
2023-11-10 06:00:00,57.86301187774033,1.3274666082544384,221.43539034037326,0.0
2023-11-10 07:00:00,67.01014901544657,1.2339080820436572,219.82170402435932,0.0
2023-11-10 08:00:00,67.95619913435014,1.2240699830754342,221.66408609185925,0.0
2023-11-10 09:00:00,60.242463078842455,1.3440913790152138,220.70587308368937,0.0
2023-11-10 10:00:00,65.52945255098886,1.0282827548740028,218.41397334641968,0.0
2023-11-10 11:00:00,66.3536780484083,1.5391031638499713,222.14867575535405,0.0
2023-11-10 12:00:00,64.78067809397318,0.7905666229673056,218.25762009243067,0.0
2023-11-10 13:00:00,62.62768724274394,1.4910818964344057,221.250652526591,0.0
2023-11-10 14:00:00,68.04781167069066,1.1909628943149675,222.5632222230517,0.0
2023-11-10 15:00:00,63.78986076209395,1.400515962854319,219.2308103231697,0.0
2023-11-10 16:00:00,60.5444415119002,1.2727680868585225,222.31198890734464,0.0
2023-11-10 17:00:00,58.851576542990955,1.2692068821821603,220.7952336681064,0.0
2023-11-10 18:00:00,68.78254855999793,1.3108508952053042,221.70388755679252,0.0
2023-11-10 19:00:00,66.84999192941335,1.3618108578175556,218.32648861779484,0.0
2023-11-10 20:00:00,65.2639206413875,1.134233834682552,220.4286004641075,0.0
2023-11-10 21:00:00,63.67917608944759,1.4069598261052472,217.183837379951,0.0
2023-11-10 22:00:00,63.41300475739062,0.9831058752842432,223.42260103062094,0.0
2023-11-10 23:00:00,61.77279005467517,1.198933885334775,215.97200335683098,0.0
2023-11-11 00:00:00,63.705633066320345,1.3671939848544554,219.2904963607423,0.0
2023-11-11 01:00:00,58.639738354639476,1.399003515923178,218.13658281160076,0.0
2023-11-11 02:00:00,62.791809039594455,1.2921577696522801,221.34940083040448,0.0
2023-11-11 03:00:00,64.06718745094672,1.121321512408853,223.84789189185983,0.0
2023-11-11 04:00:00,66.82964014157126,1.3793415556737407,221.30983019737505,0.0
2023-11-11 05:00:00,64.88022060987991,1.0661267521762492,225.9225673939027,0.0
2023-11-11 06:00:00,67.38476934162668,1.550281814749782,217.24411964688233,0.0
2023-11-11 07:00:00,69.04740531534028,1.183065820500067,217.39763173494288,0.0
2023-11-11 08:00:00,68.17451028147231,0.8920748611588079,218.2137715367692,0.0
2023-11-11 09:00:00,66.41152954213567,0.9610633063966896,220.2424893905918,0.0
2023-11-11 10:00:00,65.03558803754235,1.2087287273759175,217.9461552494335,0.0
2023-11-11 11:00:00,62.05763597475932,1.2279650542652105,218.49667449138994,0.0
2023-11-11 12:00:00,67.21983215413795,1.593931336990219,221.24096704785458,0.0
2023-11-11 13:00:00,70.03924214666459,0.9923001324771547,217.52165623377238,0.0
2023-11-11 14:00:00,66.02631811895125,1.2078924398607862,217.7336079740598,0.0
2023-11-11 15:00:00,70.75177744527836,0.9881157185835886,219.20292249401984,0.0
2023-11-11 16:00:00,60.42328487581675,1.1014690293573193,219.39111385832135,0.0
2023-11-11 17:00:00,61.537509845661376,1.5367944060138676,222.02003143444264,0.0
2023-11-11 18:00:00,67.56560452324479,0.9727327553688018,218.19872050404376,0.0
2023-11-11 19:00:00,65.79287063045976,1.3174084848135668,218.55944003175821,0.0
2023-11-11 20:00:00,68.94134652971542,1.2785814718028783,221.163340232558,0.0
2023-11-11 21:00:00,64.95358507781978,1.1951657147283583,221.60278864756677,0.0
2023-11-11 22:00:00,62.396073732415005,1.3038873246383476,222.85744893425317,0.0
2023-11-11 23:00:00,64.35922027338488,0.9679959236113422,220.9382407097295,0.0
2023-11-12 00:00:00,60.401948087228796,1.5312645015607114,220.26072811992364,0.0
2023-11-12 01:00:00,61.6142279807089,1.584969099024704,221.15007681349232,0.0
2023-11-12 02:00:00,67.91733199375403,1.2094209395518627,219.4651743882229,0.0
2023-11-12 03:00:00,67.61836224340882,1.6846212261227107,219.45046481124905,0.0
2023-11-12 04:00:00,66.08901285441823,1.120194413690016,216.4517793754425,0.0
2023-11-12 05:00:00,59.836767437118596,1.280086398771256,221.78683191337868,0.0
2023-11-12 06:00:00,63.924789273461336,1.4863778127549025,220.4229178901035,0.0
2023-11-12 07:00:00,61.32500033401985,1.108199107955418,221.5540785327366,0.0
2023-11-12 08:00:00,68.5295997613633,0.9236901882241122,214.36837901104542,0.0
2023-11-12 09:00:00,63.2488335993122,0.8776565868762292,219.9057965842129,0.0
2023-11-12 10:00:00,61.74275686765535,1.6121653127805318,218.28823698724474,0.0
2023-11-12 11:00:00,65.08938849536428,1.0941950698722445,223.00272500964047,0.0
2023-11-12 12:00:00,63.07953662949616,1.1628526473163003,221.22843383096765,0.0
2023-11-12 13:00:00,69.45123173061113,0.977447184335789,220.4684708216211,0.0
2023-11-12 14:00:00,62.79556730739743,1.3896678558658375,219.13613406131796,0.0
2023-11-12 15:00:00,60.80231522232611,1.0436880281550829,220.7944166202633,0.0
2023-11-12 16:00:00,58.54125945272745,1.1017473944677356,218.1436287412438,0.0
2023-11-12 17:00:00,64.90764049275975,1.259904083883232,219.80054930462848,0.0
2023-11-12 18:00:00,63.31420965842622,0.9871908145508854,218.84327322602516,0.0
2023-11-12 19:00:00,60.71328618046482,1.1642835460971548,224.5329793099634,0.0
2023-11-12 20:00:00,68.56767938376736,1.480441917900654,222.93989551238167,0.0
2023-11-12 21:00:00,67.00173544228772,1.2856508795033725,222.12609496796566,0.0
2023-11-12 22:00:00,64.9153463631883,1.2261084584856716,217.01937795569168,0.0
2023-11-12 23:00:00,69.0929787325126,1.242972941892773,221.7283142245681,0.0
2023-11-13 00:00:00,66.98760810019584,1.1221729808046872,220.37533335028388,0.0
2023-11-13 01:00:00,62.5314322954447,1.5992304639509851,222.4469202790323,0.0
2023-11-13 02:00:00,61.8823395080277,1.0375685738931866,220.64479019025387,0.0
2023-11-13 03:00:00,67.45394463336159,1.242185232392786,219.9865646679234,0.0
2023-11-13 04:00:00,66.18910086940205,1.2230051132685613,220.4675685926731,0.0
2023-11-13 05:00:00,65.50924330391199,1.401752501426627,216.38873341675492,0.0
2023-11-13 06:00:00,62.460506591393276,1.420634787758728,218.4651934556644,0.0
2023-11-13 07:00:00,66.82384270101726,1.1935962391025858,220.74667107740655,0.0
2023-11-13 08:00:00,62.733503350598156,1.25813329862261,222.27877671681316,0.0
2023-11-13 09:00:00,64.69404003621896,1.2657069507827896,218.89901376737578,0.0
2023-11-13 10:00:00,69.34083243916093,0.7455716688858784,219.91838624027213,0.0
2023-11-13 11:00:00,63.017497292569566,0.8822020795044448,216.79801511064923,0.0
2023-11-13 12:00:00,60.28103222878141,1.0789872618556058,222.91862162670753,0.0
2023-11-13 13:00:00,61.84235842438967,1.0876802647246262,222.22748346446625,0.0
2023-11-13 14:00:00,67.98289648006286,0.9601435156071735,221.3042052371344,0.0
2023-11-13 15:00:00,65.76419341214063,1.349916514274726,220.81361237526178,0.0
2023-11-13 16:00:00,64.61336786393375,1.2004236842034945,223.10509813029358,0.0
2023-11-13 17:00:00,63.47271858406529,1.1570610905226326,218.38997801737057,0.0
2023-11-13 18:00:00,66.45607972265957,0.9487689450985226,218.1736768873467,0.0
2023-11-13 19:00:00,62.45268544702933,1.1910910271510422,222.12303957251285,0.0
2023-11-13 20:00:00,65.91699670592779,0.6746630488002776,221.98862676341625,0.0
2023-11-13 21:00:00,62.80623629356113,1.1674087378388318,217.6130088278217,0.0
2023-11-13 22:00:00,62.30702184417484,1.2126367337615511,218.93728023684628,0.0
2023-11-13 23:00:00,63.087537695524965,1.2483829968642997,223.37818626215477,0.0
2023-11-14 00:00:00,63.873777660548114,0.887179647304144,220.8233346564318,0.0
2023-11-14 01:00:00,64.8535104921989,1.2449633473382948,221.57432303603633,0.0
2023-11-14 02:00:00,65.70636738533334,0.9917137460270915,217.6819069149413,0.0
2023-11-14 03:00:00,53.93490412571467,1.0375060335415331,221.31328904907437,0.0
2023-11-14 04:00:00,62.57704832675971,1.3435862771645328,217.16091690845823,0.0
2023-11-14 05:00:00,63.82529006793188,1.6028227446719487,216.04035726879863,0.0
2023-11-14 06:00:00,69.51518611582499,1.210271751760536,221.45364792036173,0.0
2023-11-14 07:00:00,61.7599921748536,1.0365809082719535,222.86889033926897,0.0
2023-11-14 08:00:00,65.48838985429974,1.2377340895019997,219.49242784850168,0.0
2023-11-14 09:00:00,69.48509092920752,1.3878058314998292,218.9068986362911,0.0
2023-11-14 10:00:00,61.061094410158184,1.324199513174547,223.42169731249274,0.0
2023-11-14 11:00:00,66.18192567759321,1.748622574492749,219.6104332617708,0.0
2023-11-14 12:00:00,62.593184498196436,1.0569324861810667,219.8684625528855,0.0
2023-11-14 13:00:00,63.4860987731323,1.2504462959838596,223.38791445288066,0.0
2023-11-14 14:00:00,62.59066749814006,1.5097835906836405,219.2928303739436,0.0
2023-11-14 15:00:00,62.804428074752344,1.4972318474037063,218.69194478131027,0.0
2023-11-14 16:00:00,73.16573644371948,0.8099844146951238,221.63101644827418,0.0
2023-11-14 17:00:00,67.533367616215,1.1993284759920038,218.57628769124176,0.0
2023-11-14 18:00:00,68.30521358535863,1.4969041531697398,219.71079692375562,0.0
2023-11-14 19:00:00,66.47598046050949,1.7781285980798276,217.3616827965756,0.0
2023-11-14 20:00:00,60.18122963479413,1.3407591767501637,220.37079417675304,0.0
2023-11-14 21:00:00,66.18487391096993,1.1264273412607033,220.13619497440618,0.0
2023-11-14 22:00:00,68.21878884352203,0.9981593695125219,221.9360405494463,0.0
2023-11-14 23:00:00,62.43980157788267,1.6437486715061698,221.71451307332347,0.0
2023-11-15 00:00:00,67.89598000148338,1.3457483172931517,221.10303601693917,0.0
2023-11-15 01:00:00,67.11300862956223,1.0303866146229164,220.78851138556203,0.0
2023-11-15 02:00:00,70.55612013444102,1.1593687267332438,219.85349177249532,0.0
2023-11-15 03:00:00,63.74665096245914,1.2620373033657408,221.2191119379916,0.0
2023-11-15 04:00:00,61.70716705317282,1.3087613307776236,217.77533565266202,0.0
2023-11-15 05:00:00,63.91511567188236,1.020076268490842,215.3020678562914,0.0
2023-11-15 06:00:00,69.30671297949087,1.0771619163749013,222.32383534242578,0.0
2023-11-15 07:00:00,59.51478235747411,0.869413087525408,221.34832092449582,0.0
2023-11-15 08:00:00,58.794872853706906,1.4079524579209564,219.74602713144017,0.0
2023-11-15 09:00:00,65.26818583679484,1.1316763066459368,222.14911721689197,0.0
2023-11-15 10:00:00,63.67223212167753,1.2932643298366584,218.53700516610695,0.0
2023-11-15 11:00:00,65.02318367952705,1.4844517017152654,218.5890149358337,0.0
2023-11-15 12:00:00,67.8359353137076,1.243974028474789,218.31172455261168,0.0
2023-11-15 13:00:00,63.34229196164344,1.1774059048101864,221.13524395023177,0.0
2023-11-15 14:00:00,59.38098250720814,1.2387842953767867,216.8340838455705,0.0
2023-11-15 15:00:00,71.13344467159983,1.2126387207700453,218.4660767864359,0.0
2023-11-15 16:00:00,62.008315137683674,1.4492329995755888,220.57943004647228,0.0
2023-11-15 17:00:00,61.82288863396371,1.2621676795077579,217.59169784815478,0.0
2023-11-15 18:00:00,68.3111600411678,1.0911197960842174,218.67937918867764,0.0
2023-11-15 19:00:00,63.846532636875445,1.40956981137795,215.57686484577087,0.0
2023-11-15 20:00:00,64.80983044389556,1.4460968712716704,221.2116132988031,0.0
2023-11-15 21:00:00,66.44837037218096,0.9323338746359072,218.62432961331544,0.0
2023-11-15 22:00:00,68.25074930932999,1.506556776953621,217.80143749971768,0.0
2023-11-15 23:00:00,63.99961792045468,1.2729423546416971,217.40995454808285,0.0
2023-11-16 00:00:00,69.5598560177429,1.2566539900293197,219.1635729755898,0.0
2023-11-16 01:00:00,58.59260045379558,1.4013249263193028,216.83968882621713,0.0
2023-11-16 02:00:00,67.27936171085923,1.0866047217991441,223.88475935429733,0.0
2023-11-16 03:00:00,62.48141732594703,1.3908329028381847,215.23051076566202,0.0
2023-11-16 04:00:00,69.11681394982398,1.1246449060524288,219.09876170042702,0.0
2023-11-16 05:00:00,65.42613343649164,0.9050098640579323,220.2138138585825,0.0
2023-11-16 06:00:00,62.981284003971794,1.0004487441786132,218.4492419917269,0.0
2023-11-16 07:00:00,66.98852327906489,1.3134043665806452,220.42426347458624,0.0
2023-11-16 08:00:00,67.67956504162176,1.0109063320010683,218.40079685010767,0.0
2023-11-16 09:00:00,66.92568236857592,1.5220152246379297,223.0601889273463,0.0
2023-11-16 10:00:00,61.910911281100816,1.4378566906879287,217.76224597178046,0.0
2023-11-16 11:00:00,63.54794862913374,1.466687833206593,215.29755211730335,0.0
2023-11-16 12:00:00,64.98778148863569,1.2249557159354822,217.40300029909335,0.0
2023-11-16 13:00:00,64.87622104204982,1.251572323458992,220.77298954962743,0.0
2023-11-16 14:00:00,67.24923642631504,0.9612576291511444,219.76415124090227,0.0
2023-11-16 15:00:00,58.95529630248018,1.3991567020314981,221.50426581596423,0.0
2023-11-16 16:00:00,66.00298116366051,1.275966691007417,221.00348923342193,0.0
2023-11-16 17:00:00,64.13005593669008,1.313461125058452,218.7274393005496,0.0
2023-11-16 18:00:00,62.48449815084814,1.5376623622905763,219.0218330124089,0.0
2023-11-16 19:00:00,62.7725396666912,1.078807403210498,219.22934244869356,0.0
2023-11-16 20:00:00,64.35638700644611,1.1747716900245364,223.7686921669933,0.0
2023-11-16 21:00:00,54.19674468662144,1.2653341843084336,221.38164462937473,0.0
2023-11-16 22:00:00,62.89613128762535,1.0129129189082586,223.78337379835702,0.0
2023-11-16 23:00:00,62.37255552606112,1.162480235744632,221.68155874468363,0.0
2023-11-17 00:00:00,66.59834962796788,1.2985899620933938,219.8728332101569,0.0
2023-11-17 01:00:00,62.58341995246844,1.1349157457254337,217.96127702602868,0.0
2023-11-17 02:00:00,64.35465859948853,1.4617978819458224,220.4030393422975,0.0
2023-11-17 03:00:00,69.62682988298391,0.8978150876366011,219.87826165556754,0.0
2023-11-17 04:00:00,67.98305455944627,1.4245542480466684,219.8127054293236,0.0
2023-11-17 05:00:00,67.70681419983036,1.332237094963201,219.5818018462015,0.0
2023-11-17 06:00:00,63.50038270876745,1.0862342824886817,215.89507458484755,0.0
2023-11-17 07:00:00,66.62909683786896,1.0151182863540003,222.5216796330693,0.0
2023-11-17 08:00:00,64.29830659863921,0.7839434765515096,219.89909302156536,0.0
2023-11-17 09:00:00,64.41172036796918,1.040964997517233,217.1714937679427,0.0
2023-11-17 10:00:00,66.22905603123965,1.4094353310005994,220.9635254181473,0.0
2023-11-17 11:00:00,63.209019234737205,1.1887828547442651,218.28832766278694,0.0
2023-11-17 12:00:00,69.47900931332961,1.4325961760783683,221.12428124594157,0.0
2023-11-17 13:00:00,64.51960958120618,1.0760257858750895,221.76331292102492,0.0
2023-11-17 14:00:00,66.85508169877899,1.3414212320213126,222.03927298133863,0.0
2023-11-17 15:00:00,69.3668014377719,1.0565002795831155,219.67816654669036,0.0
2023-11-17 16:00:00,68.09496132372553,1.0068849987580322,219.17244454396297,0.0
2023-11-17 17:00:00,60.773242691928424,1.1785745565658647,218.74892327947066,0.0
2023-11-17 18:00:00,66.33468768502965,1.0670066977360007,218.554887823079,0.0
2023-11-17 19:00:00,67.55215818338193,0.8914355701925574,219.96553987157816,0.0
2023-11-17 20:00:00,67.67558906648225,1.1635370598566013,219.58131387521652,0.0
2023-11-17 21:00:00,61.66011549765611,1.2212870832862577,218.34939236835567,0.0
2023-11-17 22:00:00,63.02889428894803,1.4536717222992135,217.7124304923942,0.0
2023-11-17 23:00:00,67.98367470722486,1.387361135426612,219.78248781548282,0.0
2023-11-18 00:00:00,62.71471888795206,1.4439886398465662,219.13160476411232,0.0
2023-11-18 01:00:00,64.10091183000706,1.3440714996787015,217.71726605343628,0.0
2023-11-18 02:00:00,69.72762742850591,1.266522551789995,221.6611420268428,0.0
2023-11-18 03:00:00,64.85660224884563,0.9542110187056214,223.5441855016505,0.0
2023-11-18 04:00:00,62.81967758649847,1.2299744395870549,221.92517642796844,0.0
2023-11-18 05:00:00,62.36714792941129,1.3193587554661628,218.5596239766479,0.0
2023-11-18 06:00:00,65.99815798875557,1.4914875898740871,219.89954063082013,0.0
2023-11-18 07:00:00,61.00055597456837,1.3372577083463626,223.08085790337492,0.0
2023-11-18 08:00:00,64.25799210831075,1.4480766869210844,217.65260071444501,0.0
2023-11-18 09:00:00,65.99969160497007,0.9936004217269522,221.56519025337045,0.0
2023-11-18 10:00:00,68.897449461643,1.1347164747703808,217.10383358371203,0.0
2023-11-18 11:00:00,67.00264424110999,1.285870142732254,223.36807525486265,0.0
2023-11-18 12:00:00,62.85780464605347,1.4321905381485123,219.13937095049803,0.0
2023-11-18 13:00:00,68.53525795269115,1.170954270832216,224.45808744904764,0.0
2023-11-18 14:00:00,64.10145488735756,1.1835108081701693,223.45612759728365,0.0
2023-11-18 15:00:00,61.29289093385177,1.3374280612005958,219.78713898083723,0.0
2023-11-18 16:00:00,64.48387592220358,0.974825834570975,218.5611892537792,0.0
2023-11-18 17:00:00,69.31450760343711,1.5214809099646858,220.38955094378184,0.0
2023-11-18 18:00:00,65.49572015019477,1.024172781378463,219.63968206670688,0.0
2023-11-18 19:00:00,65.03756559298935,0.8162821152881393,219.1968660728288,0.0
2023-11-18 20:00:00,69.91163493410856,1.202013401704516,216.6837734908434,0.0
2023-11-18 21:00:00,60.70593545883672,1.539691740475113,218.97089283269082,0.0
2023-11-18 22:00:00,61.143202657841684,1.3172906260667219,217.77904175648752,0.0
2023-11-18 23:00:00,60.152460587099505,1.3502181086007266,221.10329541285049,0.0
2023-11-19 00:00:00,66.11794455944016,1.2082771524614229,221.98214263319485,0.0
2023-11-19 01:00:00,65.49947938134537,1.1695245005457646,221.48136800784718,0.0
2023-11-19 02:00:00,69.62820910183933,0.8910181260813768,220.68475017925502,0.0
2023-11-19 03:00:00,65.73042523141031,0.7481227484191627,218.2941858657182,0.0
2023-11-19 04:00:00,63.787528521562095,1.2392544676881727,220.4108015452038,0.0
2023-11-19 05:00:00,65.00538461863432,1.462509838868045,221.58553028728875,0.0
2023-11-19 06:00:00,65.35312225538287,1.268826740965613,218.82752885120053,0.0
2023-11-19 07:00:00,59.984716180015496,1.3247199054104026,220.23797284279001,0.0
2023-11-19 08:00:00,73.13099493300467,1.516743509127908,219.70907682146014,0.0
2023-11-19 09:00:00,66.55961305430573,1.2657533702882116,223.32473333922096,0.0
2023-11-19 10:00:00,65.63002492406777,1.175468979938476,221.70309627052904,0.0
2023-11-19 11:00:00,66.84549195283574,1.036295038869987,221.2183192234968,0.0
2023-11-19 12:00:00,67.12823294175982,1.6044425125944173,216.56661253206914,0.0
2023-11-19 13:00:00,64.5783395434927,1.305309555830736,220.34567465353516,0.0
2023-11-19 14:00:00,63.1062765912779,1.0112796568161337,219.68997314215085,0.0
2023-11-19 15:00:00,66.79835205896511,0.9657664664397526,219.67268577886026,0.0
2023-11-19 16:00:00,66.15713252159436,1.4506127453857824,216.8731730545167,0.0
2023-11-19 17:00:00,62.570329702731776,0.9925116607183349,217.82446275540485,0.0
2023-11-19 18:00:00,69.25710683410179,1.5707668315004442,219.86396502418845,0.0
2023-11-19 19:00:00,65.88005610896894,0.6487074405818577,222.22871155638092,0.0
2023-11-19 20:00:00,67.18945808680289,1.4845190395579952,218.81895086032117,0.0
2023-11-19 21:00:00,69.17576266303976,1.2973789622323928,219.20012254579146,0.0
2023-11-19 22:00:00,65.06566646349451,1.2237188846113747,223.5621839905724,0.0
2023-11-19 23:00:00,65.95085602095234,1.1649083129916473,219.4063552216643,0.0
2023-11-20 00:00:00,67.43008171551836,1.5781459697188058,219.74242095229283,0.0
2023-11-20 01:00:00,62.82541674859984,1.3414117716802407,219.7695104358965,0.0
2023-11-20 02:00:00,65.162154988538,1.0193592782209095,217.308989707191,0.0
2023-11-20 03:00:00,65.37664575995345,0.8562180087942237,221.14359624683024,0.0
2023-11-20 04:00:00,62.13182434494982,1.2354594426294616,218.6942477628313,0.0
2023-11-20 05:00:00,71.95291036602164,1.199785773292517,219.93985876592052,0.0
2023-11-20 06:00:00,60.778119669522795,0.8960263925248981,220.8887459288356,0.0
2023-11-20 07:00:00,61.105688288938524,1.1889212949035328,223.88511517807078,0.0
2023-11-20 08:00:00,68.94267972711074,1.08521307338516,217.36445991090753,0.0
2023-11-20 09:00:00,67.13979875238962,1.2018580136613388,221.72996437013245,0.0
2023-11-20 10:00:00,61.92210554755766,1.3451847223296802,221.73744651234793,0.0
2023-11-20 11:00:00,66.82186704530508,1.498521989492807,218.72357045444144,0.0
2023-11-20 12:00:00,69.40355133499193,1.3817778072738574,221.19900769610396,0.0
2023-11-20 13:00:00,64.90921082720904,1.0557118500339588,223.2868723025838,0.0
2023-11-20 14:00:00,72.79646870022374,1.273783025765839,218.4700575815751,0.0
2023-11-20 15:00:00,59.82781456739589,1.2126214242984048,220.4829395942703,0.0
2023-11-20 16:00:00,67.0814703615773,0.9335742090738197,220.80960272787956,0.0
2023-11-20 17:00:00,68.85169768471934,1.3359845851074685,221.0683577099071,0.0
2023-11-20 18:00:00,68.37825705692842,1.684010523921571,221.53858352143203,0.0
2023-11-20 19:00:00,65.44327084823206,1.375499405344443,220.33260965650436,0.0
2023-11-20 20:00:00,65.5371262581919,1.106515576730976,221.026872372696,0.0
2023-11-20 21:00:00,68.09299889354347,1.4877438750667942,218.17705269975255,0.0
2023-11-20 22:00:00,69.55993951629424,1.2952857292194344,220.3280069872791,0.0
2023-11-20 23:00:00,69.27220904124145,1.767087298560356,219.04731746863897,0.0
2023-11-21 00:00:00,70.93707508083087,1.7556772236971385,217.5403421896918,0.0
2023-11-21 01:00:00,65.11240421330683,1.672860242826178,218.9817109011262,0.0
2023-11-21 02:00:00,67.83781382319248,1.6971474285189765,220.5389127843961,0.0
2023-11-21 03:00:00,66.05319164024846,1.7772714495360455,220.8715945527404,0.0
2023-11-21 04:00:00,68.06701378441764,1.877711236896633,217.46308175815446,0.0
2023-11-21 05:00:00,72.62312746417531,1.7779473619288746,218.12464656655027,0.0
2023-11-21 06:00:00,70.25352922696442,1.7111817781659098,221.44931255938644,0.0
2023-11-21 07:00:00,78.10226763029438,2.272810211874141,221.01629618523174,0.0
2023-11-21 08:00:00,71.21402191847056,2.024328255404834,221.77420532409272,0.0
2023-11-21 09:00:00,71.16499113469695,2.1911550997070686,222.7356608543531,0.0
2023-11-21 10:00:00,71.65657692733473,2.2711408972757523,221.0757742191812,0.0
2023-11-21 11:00:00,69.77671476649061,2.3348266311423105,219.17038474565825,0.0
2023-11-21 12:00:00,71.86874368399398,2.0919969639605966,220.22969891616384,0.0
2023-11-21 13:00:00,75.77773027851804,2.0479305586389263,223.31979420185476,0.0
2023-11-21 14:00:00,73.08839087762276,2.3216981147799114,225.5288979955708,0.0
2023-11-21 15:00:00,70.71821235964536,2.574916954370715,220.92619273148472,0.0
2023-11-21 16:00:00,70.67545036391621,2.4065227025614755,221.0711082776226,0.0
2023-11-21 17:00:00,72.45221122641092,2.5374664334855055,221.45141673399485,0.0
2023-11-21 18:00:00,74.37651988069743,3.09024821514428,220.04758569163872,0.0
2023-11-21 19:00:00,78.0878018599499,2.352041983602473,222.32770780468525,0.0
2023-11-21 20:00:00,70.83768900547815,2.6264579895502944,222.0160905854657,0.0
2023-11-21 21:00:00,74.25178877196754,3.2131236306161943,220.70875289429765,0.0
2023-11-21 22:00:00,75.99631033999538,2.881221110671378,219.36396018798877,0.0
2023-11-21 23:00:00,70.41437565485818,2.8052818401396546,216.95860722524571,0.0
2023-11-22 00:00:00,73.7668107849036,3.236570684810675,221.46482709522851,0.0
2023-11-22 01:00:00,74.5800526906506,3.0702010168736873,220.4257166304522,0.0
2023-11-22 02:00:00,74.58391986436399,3.045831278737678,218.5244645386918,0.0
2023-11-22 03:00:00,77.89961229703677,3.210304771322995,217.74015947001075,0.0
2023-11-22 04:00:00,77.19437750952278,3.096547252207954,221.3228656987665,0.0
2023-11-22 05:00:00,76.3623107062814,3.0810088296759055,216.79752735676607,0.0
2023-11-22 06:00:00,79.66416956979876,3.318125684895586,220.59928237488762,0.0
2023-11-22 07:00:00,83.90161851913594,3.1949837065763482,221.6871008183378,0.0
2023-11-22 08:00:00,84.00227659247878,3.4556597891198595,221.09978577283326,0.0
2023-11-22 09:00:00,73.66830440212286,3.5807404684244455,219.21852045128313,0.0
2023-11-22 10:00:00,81.5199489458716,3.7368092743089134,217.50125103105017,0.0
2023-11-22 11:00:00,79.60677520023101,3.848120208370971,221.1740384795904,0.0
2023-11-22 12:00:00,80.95842377507495,3.5977259391101697,222.40104618390683,0.0
2023-11-22 13:00:00,79.65022132190757,3.835094189193448,218.85453329051393,0.0
2023-11-22 14:00:00,81.54994898825316,3.8900539850159195,221.0138164005857,0.0
2023-11-22 15:00:00,82.00351796286394,3.913451067106859,223.16303023746363,0.0
2023-11-22 16:00:00,80.16455317865746,3.808333469922584,220.67769419288322,0.0
2023-11-22 17:00:00,79.56441848328501,3.7549498177888676,219.20623971024443,0.0
2023-11-22 18:00:00,81.25954675495845,4.117301786264017,222.0817070801263,0.0
2023-11-22 19:00:00,83.66052427224355,3.7318669241811087,218.52487805168437,0.0
2023-11-22 20:00:00,85.10684817998236,4.0760095782750705,217.40361596989396,0.0
2023-11-22 21:00:00,86.22201876300636,3.675189289828027,221.62464238229197,0.0
2023-11-22 22:00:00,82.53151443784151,3.9749730364551077,219.18767547303287,0.0
2023-11-22 23:00:00,85.2177308850068,4.12316476160629,219.36695797199263,0.0
2023-11-23 00:00:00,87.60581763501483,4.574274418990646,218.74611872889787,0.0
2023-11-23 01:00:00,88.56720722064365,4.548889210514657,219.05436520889182,0.0
2023-11-23 02:00:00,85.24603664887303,4.3568186970343685,222.80606685505373,0.0
2023-11-23 03:00:00,85.11185271250511,4.669817620997781,223.32499753156733,0.0
2023-11-23 04:00:00,86.70013326488944,4.757806282816924,213.25066757271387,0.0
2023-11-23 05:00:00,83.0297508207444,4.604486748634915,214.7609716824979,0.0
2023-11-23 06:00:00,86.25015738238643,4.416082117636135,211.004237784206,0.0
2023-11-23 07:00:00,89.41685778696869,4.707713312634665,203.83593789419174,0.0
2023-11-23 08:00:00,89.46105265593674,4.786055321782474,210.17053455497805,0.0
2023-11-23 09:00:00,87.0765211305703,4.61548095281987,218.09453132809762,0.0
2023-11-23 10:00:00,88.8925912229798,4.991719217740923,213.7207372211795,0.0
2023-11-23 11:00:00,86.11759827490258,5.030610258184415,210.250326008409,0.0
2023-11-23 12:00:00,91.05413841650605,5.1199944554717955,211.8057401797207,0.0
2023-11-23 13:00:00,89.0623103394779,5.143108563095461,200.33126826255233,0.0
2023-11-23 14:00:00,88.82003296885524,5.289630578853982,210.1094993173327,0.0
2023-11-23 15:00:00,88.91482849171985,5.1641343944253935,213.169670480675,0.0
2023-11-23 16:00:00,64.81131839930042,1.2403570214741906,219.90200806271892,1.0
2023-11-23 17:00:00,63.65636706520412,1.1204519431508935,222.46610200897084,0.0
2023-11-23 18:00:00,66.97442910800768,1.0831001568756098,216.66434497116583,0.0
2023-11-23 19:00:00,63.81414935595146,1.4676499261524152,217.22887147220126,0.0
2023-11-23 20:00:00,69.77889228808215,0.7912462596947006,220.40972861617138,0.0
2023-11-23 21:00:00,69.39563151044415,1.3753519978308528,220.95422945563507,0.0
2023-11-23 22:00:00,62.32536953043649,1.0758918249108678,222.71315773718456,0.0
2023-11-23 23:00:00,65.20911280828784,1.0499923644713758,221.27784893349713,0.0
2023-11-24 00:00:00,63.04803013599142,1.2523154968130814,217.6127418212699,0.0
2023-11-24 01:00:00,64.02005731043417,0.9020780775297994,220.42609124414878,0.0
2023-11-24 02:00:00,71.0072824029344,1.0367953856107595,221.2014548905763,0.0
2023-11-24 03:00:00,64.0772857486526,1.0301720706974016,216.25153200260573,0.0
2023-11-24 04:00:00,66.08067811123229,1.155720348362981,219.91273306052398,0.0
2023-11-24 05:00:00,66.62396388202484,1.0391724623678622,219.32883491212354,0.0
2023-11-24 06:00:00,61.998111882550276,1.5202237371278537,218.6906138525085,0.0
2023-11-24 07:00:00,62.43471357677239,1.5594033032995909,220.99755410350534,0.0
2023-11-24 08:00:00,61.38193288577564,0.7956012954503873,217.70063694688415,0.0
2023-11-24 09:00:00,62.34208779830667,1.3088645409531472,220.8337590240073,0.0
2023-11-24 10:00:00,56.44990967204845,1.371732687815515,221.1189822584178,0.0
2023-11-24 11:00:00,66.63374720238089,1.308597040478221,222.16752662052195,0.0
2023-11-24 12:00:00,71.16258152376821,1.068377301381661,217.75316147441478,0.0
2023-11-24 13:00:00,65.44346221710958,1.1511808875682916,216.9895315632909,0.0
2023-11-24 14:00:00,60.75119342197818,1.050345069044461,220.55780721467804,0.0
2023-11-24 15:00:00,63.071670851300155,1.1159471937682341,219.42745753226458,0.0
2023-11-24 16:00:00,63.62336946492501,0.9580069942665648,225.80530052498744,0.0
2023-11-24 17:00:00,61.94724566835987,1.1770422356730899,220.91699695248587,0.0
2023-11-24 18:00:00,67.58054791518546,0.899439657738986,220.11632342340837,0.0
2023-11-24 19:00:00,67.430780133126,1.1599730891543725,219.65434408864718,0.0
2023-11-24 20:00:00,61.53364461854702,0.950283662180047,217.5638763091211,0.0
2023-11-24 21:00:00,67.17524313334252,1.2413632723582808,221.1277631059092,0.0
2023-11-24 22:00:00,69.5804379907318,1.0641160878114218,219.8417099474584,0.0
2023-11-24 23:00:00,70.70767461568867,1.2581160695749074,219.84337263314114,0.0
2023-11-25 00:00:00,73.59563606925789,1.4163161456729565,220.18888665099732,0.0
2023-11-25 01:00:00,62.29402205167041,1.5178893872209416,220.44242505983448,0.0
2023-11-25 02:00:00,73.47266127918562,0.6943990821959019,216.52148870816495,0.0
2023-11-25 03:00:00,63.937380834473636,1.0331611812252435,221.67404601274185,0.0
2023-11-25 04:00:00,63.222603633858455,1.1393827845775972,218.30711125036817,0.0
2023-11-25 05:00:00,65.98121712463353,1.2920655636762965,219.72393560506274,0.0
2023-11-25 06:00:00,63.25381599772096,0.869929099169094,222.57180984133058,0.0
2023-11-25 07:00:00,66.19713242193959,1.0035815186399568,223.55889718454023,0.0
2023-11-25 08:00:00,61.039768436788094,1.226071440531422,216.5990111227472,0.0
2023-11-25 09:00:00,64.2837421938097,1.2169776483053334,220.0604896553493,0.0
2023-11-25 10:00:00,68.85674670308504,1.2755236812840185,220.54582637033207,0.0
2023-11-25 11:00:00,64.82881612570654,1.2887351453776232,216.9849399476171,0.0
2023-11-25 12:00:00,65.42478736021965,1.2677188866231726,221.60518272883633,0.0
2023-11-25 13:00:00,66.42577581415193,1.2387310633262985,220.23252535482834,0.0
2023-11-25 14:00:00,68.51198488795298,1.2111479546652735,220.38831919139,0.0
2023-11-25 15:00:00,60.034325863431704,1.3329526179448725,218.16489416331612,0.0
2023-11-25 16:00:00,66.7535721555123,0.7521354666871549,220.82577328676268,0.0
2023-11-25 17:00:00,64.19558258227471,1.5088666973942468,221.67644791277988,0.0
2023-11-25 18:00:00,65.49991368593551,0.7591035898239351,220.25459576745186,0.0
2023-11-25 19:00:00,68.17985050928714,0.9841676366191016,218.9721281980739,0.0
2023-11-25 20:00:00,61.417440045764465,1.154647840669971,219.12786136390727,0.0
2023-11-25 21:00:00,61.962066675670734,1.3345225782179684,220.44079141425192,0.0
2023-11-25 22:00:00,59.19371012085858,0.6009466218400766,220.09759475676125,0.0
2023-11-25 23:00:00,63.35252317470867,1.194375135211633,221.8096442382388,0.0
2023-11-26 00:00:00,68.99129703313645,1.3584790078831468,219.03948342495167,0.0
2023-11-26 01:00:00,64.63823843457959,1.3989036232056953,217.56323879451836,0.0
2023-11-26 02:00:00,60.97962531303564,1.0605340683005082,220.71877215464102,0.0
2023-11-26 03:00:00,63.54296376627486,1.1398329426089935,219.0449402940026,0.0
2023-11-26 04:00:00,60.53641488952813,1.0767703742214745,221.56736389807273,0.0
2023-11-26 05:00:00,61.624441694806514,1.121465069294783,220.0150772609152,0.0
2023-11-26 06:00:00,66.16645673079114,0.9936346898543129,221.30962640872966,0.0
2023-11-26 07:00:00,61.47838002108191,1.0221495675058163,217.97136590653844,0.0
2023-11-26 08:00:00,68.3379029156099,1.2868753844056735,220.28677252645963,0.0
2023-11-26 09:00:00,64.78663912750899,1.2263230746545484,218.60147358523216,0.0
2023-11-26 10:00:00,65.25678411183358,1.2983173015180947,217.55925269384755,0.0
2023-11-26 11:00:00,64.16488109717632,1.2428028779401674,218.27778424385798,0.0
2023-11-26 12:00:00,67.31854351563118,1.3408677202295192,218.91104581644828,0.0
2023-11-26 13:00:00,67.34947966333104,1.3756427996309988,222.4893890540477,0.0
2023-11-26 14:00:00,66.00516305573652,0.8516566760267792,218.8581192010147,0.0
2023-11-26 15:00:00,66.69436731772295,1.0291380699171273,217.45691949944356,0.0
2023-11-26 16:00:00,64.36373099023872,1.1537248085019922,220.26295484499335,0.0
2023-11-26 17:00:00,66.62660902072714,1.1954644949025317,220.05836132135536,0.0
2023-11-26 18:00:00,63.98636667357858,1.0659818852363934,219.0158939759796,0.0
2023-11-26 19:00:00,65.00669486648721,1.382404734197661,219.67755306830776,0.0
2023-11-26 20:00:00,64.17606875190111,1.5959896736581196,221.95245417199314,0.0
2023-11-26 21:00:00,63.628344382042414,1.2372323911163468,221.34141153079835,0.0
2023-11-26 22:00:00,62.93266460683463,1.216868206439642,221.16846041374745,0.0
2023-11-26 23:00:00,66.40307031157666,1.3698912510208663,217.63264243095955,0.0
2023-11-27 00:00:00,68.93181773844039,0.8268320489593127,225.77309612343063,0.0
2023-11-27 01:00:00,68.51330591500867,1.2056937880876821,222.10250442054846,0.0
2023-11-27 02:00:00,61.23030399216369,1.3958071650935033,221.03405712638175,0.0
2023-11-27 03:00:00,68.86760915422062,1.0713692005597777,217.6713764512056,0.0
2023-11-27 04:00:00,64.04552449514621,0.9546878840196069,221.8954602254682,0.0
2023-11-27 05:00:00,66.80219904543678,1.1628388779800443,218.99774297940135,0.0
2023-11-27 06:00:00,62.28135400385837,1.187862913359616,219.61145839072807,0.0
2023-11-27 07:00:00,65.42593974162202,1.0182695436169082,216.63844144788143,0.0
2023-11-27 08:00:00,65.94116954869072,1.61923225521019,217.51703382811897,0.0
2023-11-27 09:00:00,60.54618562424104,1.1042607237984108,220.87709299765427,0.0
2023-11-27 10:00:00,66.82480149903257,0.9692681297146862,222.01246935054098,0.0
2023-11-27 11:00:00,69.03780502351495,1.1812757361858777,221.36980883959006,0.0
2023-11-27 12:00:00,64.47605616295512,1.381572127540898,221.30163799348588,0.0
2023-11-27 13:00:00,69.08050439248404,1.2034828497996461,219.8704670860806,0.0
2023-11-27 14:00:00,64.43091951964277,1.2971187840088003,219.18658596926758,0.0
2023-11-27 15:00:00,67.54875359313985,1.0256978811333686,220.5777902871308,0.0
2023-11-27 16:00:00,58.3442901021467,1.4975376892807026,221.64281664620054,0.0
2023-11-27 17:00:00,72.25633333794039,1.3123422055836886,220.00972450986717,0.0
2023-11-27 18:00:00,69.48637473572887,1.4095403137755218,222.42050403982682,0.0
2023-11-27 19:00:00,64.14612348723897,1.2730321264950337,219.569861472368,0.0
2023-11-27 20:00:00,59.08373292006855,1.364976807545757,218.0394421294079,0.0
2023-11-27 21:00:00,65.86408510491647,1.0253894880645544,219.979275515918,0.0
2023-11-27 22:00:00,60.66822335877873,1.1017179166620874,220.21194455651914,0.0
2023-11-27 23:00:00,66.33456061267246,1.469296119111206,219.8359398654472,0.0
2023-11-28 00:00:00,66.23469715749285,1.5119483894567927,222.56131112176453,0.0
2023-11-28 01:00:00,62.175790492993926,0.9705868800561845,221.61060396144808,0.0
2023-11-28 02:00:00,68.36290107084314,1.2499472135727623,217.13811802275657,0.0
2023-11-28 03:00:00,67.41672410841852,1.1138112399029545,223.06873402839656,0.0
2023-11-28 04:00:00,67.9274700118657,1.0605937061270276,214.51716587834164,0.0
2023-11-28 05:00:00,65.02657311100668,1.25696793907109,224.302048745705,0.0
2023-11-28 06:00:00,60.75342779925888,1.4281925864730816,219.42538897288625,0.0
2023-11-28 07:00:00,67.93361681663342,1.2903324946568386,219.620864526697,0.0
2023-11-28 08:00:00,64.18888580259262,1.136097510016193,219.8799675220527,0.0
2023-11-28 09:00:00,60.83065957042199,1.302972235987032,220.77041086568036,0.0
2023-11-28 10:00:00,69.05611809792298,1.1280047652838197,219.9994735974663,0.0
2023-11-28 11:00:00,71.29822256150753,1.2824228601461203,219.73320962232546,0.0
2023-11-28 12:00:00,64.8762556130624,1.4792931400911467,222.61783661871237,0.0
2023-11-28 13:00:00,71.47736346380988,0.7845680681398344,221.1311921595017,0.0
2023-11-28 14:00:00,65.27394418583405,1.3594504597080066,218.0823922912585,0.0
2023-11-28 15:00:00,63.858632287500946,0.8921890156859063,221.48134782867146,0.0
2023-11-28 16:00:00,63.10862463744357,1.4456655421088922,221.0482140063667,0.0
2023-11-28 17:00:00,69.91124722397822,1.0725948780254277,218.90945254883755,0.0
2023-11-28 18:00:00,62.65956835583668,0.9564657244787031,221.58427685272432,0.0
2023-11-28 19:00:00,67.20580792992496,1.3390538454177494,219.68485479755392,0.0
2023-11-28 20:00:00,63.32250849482237,1.272834012628482,219.5566530557498,0.0
2023-11-28 21:00:00,63.619079712276914,1.0001626194076683,219.50217376513413,0.0
2023-11-28 22:00:00,68.0907490819087,0.9494000485663212,215.1437638860952,0.0
2023-11-28 23:00:00,63.85988946113194,1.1625037025017435,218.9466013341308,0.0
2023-11-29 00:00:00,63.78561386173912,0.9591826099657607,221.4263464842512,0.0
2023-11-29 01:00:00,68.39841409152442,0.9877054054152744,219.95517751419248,0.0
2023-11-29 02:00:00,69.79219187966487,1.2231241580842867,217.4296271402885,0.0
2023-11-29 03:00:00,66.9340694098527,1.0068256731489806,221.92926251038406,0.0
2023-11-29 04:00:00,63.03569067312815,1.2853078580053086,219.4027996809132,0.0
2023-11-29 05:00:00,63.46817450210726,1.4980287191766952,217.55684901867696,0.0
2023-11-29 06:00:00,65.23974579122012,1.1702889170198836,224.41202492334202,0.0
2023-11-29 07:00:00,65.96279018577697,1.226030212397117,217.89365481102448,0.0
2023-11-29 08:00:00,62.036402269580684,1.6036193465670974,221.7589830225714,0.0
2023-11-29 09:00:00,67.16911381873959,0.9624797765245305,218.4613717982908,0.0
2023-11-29 10:00:00,65.2565399889188,1.4382470390361484,220.27165366914764,0.0
2023-11-29 11:00:00,59.852875044085614,1.4141715195824964,218.19563807326364,0.0
2023-11-29 12:00:00,62.21322055261781,1.3708634678347567,217.5213916374527,0.0
2023-11-29 13:00:00,63.48761397904501,1.458349570146526,221.04440508934283,0.0
2023-11-29 14:00:00,64.78142693347684,1.2561149931917237,220.8105810902688,0.0
2023-11-29 15:00:00,70.667836386512,1.0834141008801466,222.28929888843814,0.0
2023-11-29 16:00:00,65.71451391841889,1.4189146582441134,219.93123613940827,0.0
2023-11-29 17:00:00,62.47768433030412,1.426568442342579,224.44070358825297,0.0
2023-11-29 18:00:00,65.66189241292149,1.4210627802986575,220.53669333487406,0.0
2023-11-29 19:00:00,63.943736757638355,1.2089004164638473,221.1335493624744,0.0
2023-11-29 20:00:00,65.97427471860063,1.0567610972773347,217.28314150978554,0.0
2023-11-29 21:00:00,66.74170306110685,1.2382724508223222,218.77183136975495,0.0
2023-11-29 22:00:00,68.62769194167181,1.388446003513567,221.03935940103196,0.0
2023-11-29 23:00:00,64.92714051298992,1.404870357971993,219.83154447517285,0.0
2023-11-30 00:00:00,69.9168815827995,1.114064774585081,220.37536627006926,0.0
2023-11-30 01:00:00,67.72406798760858,1.263074579225478,218.36701248857162,0.0
2023-11-30 02:00:00,62.87768136556343,0.9382443391028088,220.24389394694325,0.0
2023-11-30 03:00:00,71.62956699724539,1.3969900206011703,220.23709178318347,0.0
2023-11-30 04:00:00,65.9809835398103,1.0433382486549871,217.63912996022952,0.0
2023-11-30 05:00:00,62.49462648808329,1.3570510719143094,221.28509968936118,0.0
2023-11-30 06:00:00,69.95873915369127,0.9701390845219676,216.59987010616408,0.0
2023-11-30 07:00:00,71.23333275559533,1.4062831812868015,220.36847616119536,0.0
2023-11-30 08:00:00,64.90092420884132,1.264367038004554,223.531185387651,0.0
2023-11-30 09:00:00,63.48904921887321,1.0437284608766106,221.36110107563817,0.0
2023-11-30 10:00:00,64.48287512763902,1.338271276216105,221.34859849207422,0.0
2023-11-30 11:00:00,67.1441951825531,1.0819276616389337,218.20514665010262,0.0
2023-11-30 12:00:00,68.83356996509154,1.3499110074890257,223.53812410630573,0.0
2023-11-30 13:00:00,66.71146199259073,1.1451777049238556,222.75343618920456,0.0
2023-11-30 14:00:00,65.3051696254153,0.8557905748740673,218.31281995420886,0.0
2023-11-30 15:00:00,69.49403531091329,1.0035167519038126,219.05047351637023,0.0
2023-11-30 16:00:00,64.06149058084543,1.113917058262543,222.50931208985338,0.0
2023-11-30 17:00:00,68.09275801510073,1.4736378047497156,223.59229475663352,0.0
2023-11-30 18:00:00,64.13581160494617,1.380228726105845,217.47062792981941,0.0
2023-11-30 19:00:00,66.29306887403268,1.5247722824644283,217.99257846055085,0.0
2023-11-30 20:00:00,64.65931230562865,1.5307270432059716,219.71242648715565,0.0
2023-11-30 21:00:00,64.83244345204157,1.093049839081817,215.65781194111497,0.0
2023-11-30 22:00:00,63.86784044761337,1.162302628048234,220.03809032041886,0.0
2023-11-30 23:00:00,69.03456209354208,1.1177440151338922,222.37148702805996,0.0
2023-12-01 00:00:00,62.801221885674394,1.0656978789397846,217.1227259675285,0.0
2023-12-01 01:00:00,62.779303242353876,0.8317010581327082,220.25421392995017,0.0
2023-12-01 02:00:00,71.36298069753533,1.1970504563966315,218.83645859000939,0.0
2023-12-01 03:00:00,67.93354269396299,0.9428868812577778,223.27989189750784,0.0
2023-12-01 04:00:00,57.84465890392089,1.1931656236931345,218.8604162757339,0.0
2023-12-01 05:00:00,63.30422378236879,1.6231541619125969,223.03798617549717,0.0
2023-12-01 06:00:00,59.56403198731384,1.0981309807338582,218.80508985837756,0.0
2023-12-01 07:00:00,62.14792791975424,1.2389548011256135,221.54235161066825,0.0
2023-12-01 08:00:00,55.58445600129788,1.3813296771618566,220.5038912367254,0.0
2023-12-01 09:00:00,64.58903126691817,1.2560582583931814,219.7234546669714,0.0
2023-12-01 10:00:00,61.57417454251606,1.258496837588459,218.41894286189205,0.0
2023-12-01 11:00:00,65.17971577038932,1.1275195132623839,220.64619084263578,0.0
2023-12-01 12:00:00,60.124636223352425,1.1536244049877533,219.11892947503017,0.0
2023-12-01 13:00:00,65.24873555951612,1.0079978955624342,218.62046755038372,0.0
2023-12-01 14:00:00,63.75525116563902,1.3692090017778815,222.94544548275144,0.0
2023-12-01 15:00:00,69.50585889556578,0.8517016686771808,221.09506045498645,0.0
2023-12-01 16:00:00,69.23407058523688,1.3942176676764404,221.2872779038144,0.0
2023-12-01 17:00:00,67.35603680903085,0.9192603230509515,219.21680296277546,0.0
2023-12-01 18:00:00,64.02015865801636,1.3925214548153304,219.6280433058334,0.0
2023-12-01 19:00:00,70.95614118578088,1.1292364947575637,219.50284666529777,0.0
2023-12-01 20:00:00,60.34089416648054,0.9536262623733839,220.67447782500196,0.0
2023-12-01 21:00:00,60.789324111309014,1.3158597290159273,221.283606903685,0.0
2023-12-01 22:00:00,64.7486507003328,1.385753507015155,219.93949725937685,0.0
2023-12-01 23:00:00,71.76211432676335,1.1123842703792926,218.4147100116387,0.0
2023-12-02 00:00:00,64.39298327938974,1.3441221097357865,221.5211409140531,0.0
2023-12-02 01:00:00,64.45026427037216,0.7429831010661299,220.06680773641668,0.0
2023-12-02 02:00:00,60.67426893166457,0.9358807420506798,217.11832724245804,0.0
2023-12-02 03:00:00,67.83778875581113,1.4584817860937458,215.7294104998406,0.0
2023-12-02 04:00:00,67.85952876298806,1.1552661451604167,220.59579435092095,0.0
2023-12-02 05:00:00,67.36722560419973,0.8275573347102304,218.3410524022446,0.0
2023-12-02 06:00:00,63.11233798145791,1.0602267639116012,220.8621242587929,0.0
2023-12-02 07:00:00,62.879879694880984,1.0153199054949837,218.44876338227212,0.0
2023-12-02 08:00:00,61.12063324878509,1.166807653705415,220.26637154499002,0.0
2023-12-02 09:00:00,65.2516175052828,1.1258498032384705,219.2431969440758,0.0
2023-12-02 10:00:00,61.7587780121645,1.2357863457876321,223.5038416205466,0.0
2023-12-02 11:00:00,61.467750484252136,1.186106789677485,221.9006313156373,0.0
2023-12-02 12:00:00,63.728927849267976,1.4719478510074038,222.69459380037566,0.0
2023-12-02 13:00:00,63.53253147444735,1.2849097199439337,220.04809553823813,0.0
2023-12-02 14:00:00,63.386064413534136,1.2915343222387172,221.64472187822977,0.0
2023-12-02 15:00:00,66.39933379052079,1.4330314247789042,220.1833001552023,0.0
2023-12-02 16:00:00,65.23714340645084,1.1222462499140835,222.93918273486744,0.0
2023-12-02 17:00:00,64.13553190846665,0.9476245113283028,219.85487586948744,0.0
2023-12-02 18:00:00,65.54903878493445,1.4413940649264498,217.20502131927842,0.0
2023-12-02 19:00:00,62.0254188766861,1.2271683496216224,216.00275694949212,0.0
2023-12-02 20:00:00,65.31583587172904,1.2278702415797857,223.33662223912904,0.0
2023-12-02 21:00:00,65.45180747853391,1.0733340156939526,220.9570089483017,0.0
2023-12-02 22:00:00,60.49085942192756,1.0766289333792844,221.0885137000835,0.0
2023-12-02 23:00:00,67.98708126311108,1.3693444677541686,222.97929568458315,0.0
2023-12-03 00:00:00,62.35569888431901,1.396931159627522,216.6965301125481,0.0
2023-12-03 01:00:00,65.2709293976193,1.3567646811493317,219.28279756953637,0.0
2023-12-03 02:00:00,68.49323522160581,1.358592321089095,219.52786034076993,0.0
2023-12-03 03:00:00,67.7770302731416,1.3138059074519517,221.48455046641402,0.0
2023-12-03 04:00:00,65.1030001657065,1.2263045460156312,218.61471954979822,0.0
2023-12-03 05:00:00,63.9125029913538,1.1649240631358038,217.5972525129704,0.0
2023-12-03 06:00:00,67.8425357257267,1.4420647699883107,217.5793026980058,0.0
2023-12-03 07:00:00,67.02408493342585,1.1252558259019132,222.29883615254403,0.0
2023-12-03 08:00:00,63.14490493986761,1.2739958427761493,218.51493581239376,0.0
2023-12-03 09:00:00,62.61531905899493,1.0391974004091507,218.89596503135638,0.0
2023-12-03 10:00:00,58.78293445491201,1.06814019262991,221.26899630145581,0.0
2023-12-03 11:00:00,65.46209552505076,1.1527690864285547,218.6021091835302,0.0
2023-12-03 12:00:00,64.7519067649448,1.0392123246545673,216.59010315448873,0.0
2023-12-03 13:00:00,68.40857412392762,1.35957036509566,216.8365976525502,0.0
2023-12-03 14:00:00,66.0771652804411,0.9303931496909941,219.8863852065691,0.0
2023-12-03 15:00:00,69.00268758251806,1.2198459246762146,220.99465686073043,0.0
2023-12-03 16:00:00,62.90790731625149,1.2265016193684362,219.59550951229917,0.0
2023-12-03 17:00:00,68.41445099290286,0.8378400843360638,220.86088540761813,0.0
2023-12-03 18:00:00,63.413250862686034,1.1117952358952783,216.77432494798472,0.0
2023-12-03 19:00:00,67.33278818537681,1.2511399076096286,216.9093929180638,0.0
2023-12-03 20:00:00,60.62372482240792,1.2857455986588135,224.50787183258848,0.0
2023-12-03 21:00:00,65.70540589809856,1.1591385582799667,222.46556854427337,0.0
2023-12-03 22:00:00,59.04593617566227,1.335377640896143,221.53794378379703,0.0
2023-12-03 23:00:00,64.19858754217474,1.1781367485527918,218.68055065853113,0.0
2023-12-04 00:00:00,66.32106198163375,1.2027305824150114,219.5239876185391,0.0
2023-12-04 01:00:00,63.437094346306715,1.2503307737973106,219.9966453657328,0.0
2023-12-04 02:00:00,61.8486871137321,1.3853999257468337,222.62869222743305,0.0
2023-12-04 03:00:00,67.5383554078878,1.0648563995168936,220.80556553289017,0.0
2023-12-04 04:00:00,64.68961163045923,1.1026356254963405,221.0518276025756,0.0
2023-12-04 05:00:00,63.53128805890798,1.066220701654157,219.664690129765,0.0
2023-12-04 06:00:00,65.12568776346284,1.1335604567716133,221.58533013368017,0.0
2023-12-04 07:00:00,72.91000742583677,1.485246851615953,220.60464549486255,0.0
2023-12-04 08:00:00,68.46050854934464,1.3145450638659644,220.08804546549135,0.0
2023-12-04 09:00:00,68.48772100456353,0.9737820509662316,218.51383165562746,0.0
2023-12-04 10:00:00,66.3066389569771,1.079910606882265,219.77285651579675,0.0
2023-12-04 11:00:00,65.49945581773144,1.2745534448552804,217.84093459244008,0.0
2023-12-04 12:00:00,57.81175313500875,1.0186984438134459,219.91972198802608,0.0
2023-12-04 13:00:00,62.9630589606106,1.0549319918370486,220.1778227159298,0.0
2023-12-04 14:00:00,63.55827676039257,1.4689919332348298,215.19096323078736,0.0
2023-12-04 15:00:00,59.3753238078574,1.0773248743053627,219.539320921799,0.0
2023-12-04 16:00:00,61.5277526293537,1.3909333632058773,217.6482395907908,0.0
2023-12-04 17:00:00,59.057490587232095,1.4510646379061876,220.99727865103338,0.0
2023-12-04 18:00:00,64.88502849290788,1.053307581766207,221.274319487102,0.0
2023-12-04 19:00:00,67.45629791254645,1.0220074886885717,219.14732036466935,0.0
2023-12-04 20:00:00,68.32032355587299,1.1447735827037668,221.09804417424382,0.0
2023-12-04 21:00:00,66.24435338623772,0.982274455865275,221.18213387267014,0.0
2023-12-04 22:00:00,62.10981097640429,1.2242067757005484,219.54056832117647,0.0
2023-12-04 23:00:00,59.20380452444012,1.1588696176293227,223.06857395060732,0.0
2023-12-05 00:00:00,59.7293939017955,1.2721160031772603,218.549850125987,0.0
2023-12-05 01:00:00,61.19305226823651,1.4793886912465641,222.94273140650634,0.0
2023-12-05 02:00:00,62.33342090589298,1.3634969961540637,219.5496011416336,0.0
2023-12-05 03:00:00,64.52075450602524,1.2978479550824713,218.31334729354808,0.0
2023-12-05 04:00:00,61.95750734561909,0.8067903174064164,219.29690304839124,0.0
2023-12-05 05:00:00,66.01692768100479,1.288675196420475,217.80122154454136,0.0
2023-12-05 06:00:00,64.30317949160158,1.5445255321409097,221.5691157347784,0.0
2023-12-05 07:00:00,65.03163713522308,0.5978954967372966,216.79446204384945,0.0
2023-12-05 08:00:00,68.42075165801361,1.337876508595125,222.77921710753765,0.0
2023-12-05 09:00:00,61.459304797398886,1.1681282850487071,218.12826559650708,0.0
2023-12-05 10:00:00,66.2561137348771,1.030040999395411,221.6733067436919,0.0
2023-12-05 11:00:00,64.95808031457177,1.3602257167823906,220.04845172212094,0.0
2023-12-05 12:00:00,63.99954115709092,1.5419411801214662,220.5416305660992,0.0
2023-12-05 13:00:00,67.65576896259788,1.3550461457675507,218.81991325744528,0.0
2023-12-05 14:00:00,67.63704246367102,1.1257616097476948,220.70561600066625,0.0
2023-12-05 15:00:00,62.16052761203471,1.0113060351183687,220.26994857710173,0.0
2023-12-05 16:00:00,64.45351824842622,1.2289255267579087,217.08417786366135,0.0
2023-12-05 17:00:00,65.8436350477522,1.3746338584763176,218.0749999941335,0.0
2023-12-05 18:00:00,64.18097975593224,1.1225893947532544,218.9181757779804,0.0
2023-12-05 19:00:00,66.7550639968634,1.1419234016698405,218.4900069637471,0.0
2023-12-05 20:00:00,65.84357605373083,1.7644000499676795,222.50562189076732,0.0
2023-12-05 21:00:00,70.49768372106804,1.4157303891919453,220.014028367695,0.0
2023-12-05 22:00:00,60.409162592210635,1.4300257356787265,218.44265730472023,0.0
2023-12-05 23:00:00,64.63269203075781,0.9079428187882375,219.01846035199392,0.0
2023-12-06 00:00:00,62.274492465463425,1.058562264141308,218.99107383290587,0.0
2023-12-06 01:00:00,66.81232236631713,1.2149363278908478,219.42390105598986,0.0
2023-12-06 02:00:00,60.148484329863365,0.9997724884229701,217.8493411905608,0.0
2023-12-06 03:00:00,66.03893813067467,1.5200794597778589,218.37213777880535,0.0
2023-12-06 04:00:00,63.10985470595497,1.482062461318129,221.53321382232843,0.0
2023-12-06 05:00:00,62.79751440163696,1.0932909325231892,220.37068620673384,0.0
2023-12-06 06:00:00,60.66050538937794,1.556783721321497,219.6953249069196,0.0
2023-12-06 07:00:00,63.60477216139698,1.1991495806560115,220.0052456346302,0.0
2023-12-06 08:00:00,68.25350159087277,1.7178779434778098,219.90887848684918,0.0
2023-12-06 09:00:00,64.92443394941156,1.2289372261050073,219.58173779053672,0.0
2023-12-06 10:00:00,66.88304125362342,1.3152385500656845,221.03420967741496,0.0
2023-12-06 11:00:00,69.99392546589883,1.4799806882339117,220.88631997169585,0.0
2023-12-06 12:00:00,65.79126675446773,1.4555266699615619,216.85647405354558,0.0
2023-12-06 13:00:00,63.32360128381298,1.3021464132271787,219.7368756281815,0.0
2023-12-06 14:00:00,66.40175664554837,1.1717719361112329,216.98836120131847,0.0
2023-12-06 15:00:00,63.36711156105712,1.3028265399986239,221.27115440691142,0.0
2023-12-06 16:00:00,63.48673195010849,1.0367631656247769,221.53533311370057,0.0
2023-12-06 17:00:00,60.44032160114305,1.2304267437728231,218.7784422047166,0.0
2023-12-06 18:00:00,67.77877247325317,0.9781384935004009,219.76648208933057,0.0
2023-12-06 19:00:00,63.84199227305168,0.8438236719839396,215.7771194057555,0.0
2023-12-06 20:00:00,65.54629473744758,1.2100853528278885,221.94557962818405,0.0
2023-12-06 21:00:00,61.89211421418008,1.4524555781343345,221.4193474805028,0.0
2023-12-06 22:00:00,66.30784288914641,1.385160928319212,222.30017052347506,0.0
2023-12-06 23:00:00,62.714176285594746,1.1836175408548784,222.9730882806742,0.0
2023-12-07 00:00:00,64.57487383489453,1.5493979396350992,217.55178141404645,0.0
2023-12-07 01:00:00,67.63347809371737,1.0861877218306852,221.77608840327687,0.0
2023-12-07 02:00:00,67.37227793669759,0.8164334676403953,222.95860888883692,0.0
2023-12-07 03:00:00,64.93390978244918,0.7635797411598075,217.01084425794153,0.0
2023-12-07 04:00:00,59.69560690187984,0.9637618118808565,219.65757757630857,0.0
2023-12-07 05:00:00,73.97843171018192,1.3633249486524457,219.27319603354115,0.0
2023-12-07 06:00:00,70.23757691081941,1.0730394633065228,221.710923728383,0.0
2023-12-07 07:00:00,67.16802447466489,1.2921917283714603,215.21211786731183,0.0
2023-12-07 08:00:00,62.740388655227086,1.5292566767167954,223.63191539246438,0.0
2023-12-07 09:00:00,64.65922351489411,0.9799806074844387,219.7749258716108,0.0
2023-12-07 10:00:00,63.36973871067045,1.2956999463591778,221.8321888040343,0.0
2023-12-07 11:00:00,68.79156781728916,1.3077926145311445,219.8795255246168,0.0
2023-12-07 12:00:00,65.7875086725555,1.0278524023053792,220.98425010195936,0.0
2023-12-07 13:00:00,62.6475084249205,1.4708421850490165,215.3571634827677,0.0
2023-12-07 14:00:00,63.58773470262565,1.1424585888901047,219.2302352543986,0.0
2023-12-07 15:00:00,68.36356442770972,1.1232494038173981,221.69552242268736,0.0
2023-12-07 16:00:00,69.80029354046144,1.6223226436835945,220.5774646934274,0.0
2023-12-07 17:00:00,69.58499469045874,1.3045533484733436,216.7263178145465,0.0
2023-12-07 18:00:00,67.27109619516193,1.3850581099370995,220.12284978775324,0.0
2023-12-07 19:00:00,64.24212539359209,1.4709785863043678,218.362515348277,0.0
2023-12-07 20:00:00,55.275458524012635,1.0699052001081566,218.18916149765312,0.0
2023-12-07 21:00:00,65.89148007142467,1.4499642194107358,216.95861145336656,0.0
2023-12-07 22:00:00,64.9945137234677,1.099621177000466,221.23740524381427,0.0
2023-12-07 23:00:00,65.41994628896406,1.0910753221323404,222.22602888787128,0.0
2023-12-08 00:00:00,65.16169204109961,1.1456000055383728,224.2402862683257,0.0
2023-12-08 01:00:00,61.02121351415253,1.075587033011009,217.05190321651415,0.0
2023-12-08 02:00:00,66.67222567055356,1.3644312865314325,221.53474432245295,0.0
2023-12-08 03:00:00,66.89664894209555,1.2534421310290111,221.66634274084183,0.0
2023-12-08 04:00:00,67.04701634617898,1.1017551170765774,218.838990645564,0.0
2023-12-08 05:00:00,67.83973101072016,1.3349010066309643,218.16484322918134,0.0
2023-12-08 06:00:00,66.81215493476486,1.1449635125227307,217.82851535806614,0.0
2023-12-08 07:00:00,63.76991176538327,1.1343859259270646,218.94529351307958,0.0
2023-12-08 08:00:00,64.78748945625173,1.2097367769803087,220.4052431917119,0.0
2023-12-08 09:00:00,65.27337460176012,1.2926920711332435,222.72022402101362,0.0
2023-12-08 10:00:00,65.32309834731986,1.2779695298754838,222.21067667602023,0.0
2023-12-08 11:00:00,67.99465296791519,1.1273501635494338,216.76916611146268,0.0
2023-12-08 12:00:00,66.93100625906747,1.3694222414878805,218.42231350279897,0.0
2023-12-08 13:00:00,71.23203031870986,1.1555211697840688,222.59928074861895,0.0
2023-12-08 14:00:00,71.61940693965401,1.0690031022782562,218.53781433480987,0.0
2023-12-08 15:00:00,65.23894874784177,0.9063956702465297,219.88617167317966,0.0
2023-12-08 16:00:00,53.49003335462189,1.3966356961998043,216.58942213077182,0.0
2023-12-08 17:00:00,68.7104973983818,1.2024780152388015,222.3060668310259,0.0
2023-12-08 18:00:00,63.37887098303884,1.2421744717021028,216.17450358829723,0.0
2023-12-08 19:00:00,62.59554823450698,1.409160583139903,216.71437883842677,0.0
2023-12-08 20:00:00,63.8046641750319,1.1045187536804368,222.1016341216734,0.0
2023-12-08 21:00:00,63.66007085955618,0.9251201503051742,223.84012335913312,0.0
2023-12-08 22:00:00,66.83680943031618,1.2139561404430437,219.41877783055017,0.0
2023-12-08 23:00:00,60.321692662621324,1.2615923104160591,219.90627437627435,0.0
2023-12-09 00:00:00,61.766837762625194,1.1474301867679253,221.81655911956597,0.0
2023-12-09 01:00:00,66.02947566259225,1.494747515615234,220.57889562939476,0.0
2023-12-09 02:00:00,66.86883209123992,0.7027666864557287,219.25356364124667,0.0
2023-12-09 03:00:00,66.92462493480804,1.4240113275799566,219.02909275722863,0.0
2023-12-09 04:00:00,62.6388911632001,1.3582307300728451,216.86640408503004,0.0
2023-12-09 05:00:00,62.065203052201284,1.2913541555400918,220.46588354424043,0.0
2023-12-09 06:00:00,63.480095498636246,0.5328196901061807,219.81616635586104,0.0
2023-12-09 07:00:00,65.71961825685418,1.4567777566540536,219.12430764177464,0.0
2023-12-09 08:00:00,69.45643210781765,0.9947131778728229,217.99637040887524,0.0
2023-12-09 09:00:00,58.857688442687746,1.0984616043233226,218.19893829341314,0.0
2023-12-09 10:00:00,64.3378137291249,1.1658814670419861,221.2367538410134,0.0
2023-12-09 11:00:00,61.00196467692439,1.281483606930395,221.7633272968181,0.0
2023-12-09 12:00:00,60.04327196793953,1.32788560843851,219.34576768741877,0.0
2023-12-09 13:00:00,67.90086993603445,1.3785681108638592,219.13504085350723,0.0
2023-12-09 14:00:00,66.63387372349801,1.3631707020157031,218.2927039067716,0.0
2023-12-09 15:00:00,66.34830054784179,1.2505854408426251,221.87364008714852,0.0
2023-12-09 16:00:00,67.76307751919298,1.283184531811518,220.0619915393118,0.0
2023-12-09 17:00:00,63.56084330970159,0.9818492568355507,220.73580195865452,0.0
2023-12-09 18:00:00,63.702087450999414,1.0497946386361954,220.71694026018693,0.0
2023-12-09 19:00:00,71.55719185016773,1.3790920447349664,219.38459675893213,0.0
2023-12-09 20:00:00,64.26028683722127,1.3674418973457363,217.66927980031315,0.0
2023-12-09 21:00:00,67.20539633916228,1.344759883288884,218.00773368862815,0.0
2023-12-09 22:00:00,65.01914462288994,1.0971166476686944,222.2557710652949,0.0
2023-12-09 23:00:00,59.45522440976475,1.382098426388739,218.54863137029886,0.0
2023-12-10 00:00:00,58.86611298859619,0.9677511095039284,219.1792753605033,0.0
2023-12-10 01:00:00,63.263047340180286,1.4154719619724545,217.73121892925758,0.0
2023-12-10 02:00:00,68.16830375500997,1.1478258397508219,217.56786696214718,0.0
2023-12-10 03:00:00,67.36487496990802,1.5368340812681265,218.46167000594255,0.0
2023-12-10 04:00:00,67.7422314926721,0.895711581586903,223.3768143684889,0.0
2023-12-10 05:00:00,62.038861463191054,1.5526808091837043,221.31607478238485,0.0
2023-12-10 06:00:00,69.84761747036694,1.1277071341673075,218.94642225715276,0.0
2023-12-10 07:00:00,62.105320099440846,1.124104148797651,222.16575358910399,0.0
2023-12-10 08:00:00,65.63847319600991,1.2389677637971193,219.6954022534071,0.0
2023-12-10 09:00:00,64.96894313027678,1.0605842174398605,222.70868009398367,0.0
2023-12-10 10:00:00,64.47837853905624,1.1855341997395386,224.42346070079242,0.0
2023-12-10 11:00:00,69.01577641488682,1.052474746945829,222.0563234785324,0.0
2023-12-10 12:00:00,62.88466843950212,1.0597872938041626,220.18910191044515,0.0
2023-12-10 13:00:00,60.951184232864215,1.2973771900601143,221.3986197470327,0.0
2023-12-10 14:00:00,65.05998645861926,1.0196869009392968,220.0301424385644,0.0
2023-12-10 15:00:00,63.80051979714042,1.0463611529989034,216.32800327204993,0.0
2023-12-10 16:00:00,75.13214875724793,0.9254417500507182,218.6907491715759,0.0
2023-12-10 17:00:00,67.02952242931993,1.099213864007732,218.09681680869357,0.0
2023-12-10 18:00:00,63.77197827434413,1.4623204059447843,218.64641791633827,0.0
2023-12-10 19:00:00,61.83166529243874,1.0308132719794063,223.58734286527888,0.0
2023-12-10 20:00:00,59.35913476829364,1.0536733469625517,222.24429948570932,0.0
2023-12-10 21:00:00,61.9243427427877,1.238784389296307,220.88176960288328,0.0
2023-12-10 22:00:00,65.34482531527739,1.1258407132400947,221.6246859009027,0.0
2023-12-10 23:00:00,69.2819859547843,1.64563088666993,216.2157730281883,0.0
2023-12-11 00:00:00,68.36506742716375,1.1674944070647486,221.45636742617907,0.0
2023-12-11 01:00:00,65.68728449493914,1.2670436692434743,221.87924863240434,0.0
2023-12-11 02:00:00,64.03049700289255,1.3887537569598645,215.52050562462543,0.0
2023-12-11 03:00:00,65.80643706923647,1.3849155731725702,221.5304735075588,0.0
2023-12-11 04:00:00,63.444086007546275,1.246657516311476,217.15185271466584,0.0
2023-12-11 05:00:00,70.15509198729163,1.1677745026627997,216.05998928710792,0.0
2023-12-11 06:00:00,64.43242945617476,1.6048057072758515,222.65263643371915,0.0
2023-12-11 07:00:00,64.74098642525982,1.1800479449371466,217.98590190477532,0.0
2023-12-11 08:00:00,58.352532724937994,1.1116619791143039,218.56810652123124,0.0
2023-12-11 09:00:00,64.41369546043171,1.0708302023411962,221.9792090855147,0.0
2023-12-11 10:00:00,67.50945241389482,0.8546393594586488,219.3895234554952,0.0
2023-12-11 11:00:00,61.796832268884366,1.3643231504474327,219.63966925254184,0.0
2023-12-11 12:00:00,62.74783899652156,0.7303863205798347,219.59582618712415,0.0
2023-12-11 13:00:00,67.378133053201,1.1988554318190159,220.69519754194957,0.0
2023-12-11 14:00:00,60.57002832944584,1.1590278731457229,219.54733116721866,0.0
2023-12-11 15:00:00,68.17340302262575,1.6479930384462895,220.2282521487182,0.0
2023-12-11 16:00:00,63.40356832948069,0.8336697542572746,218.99288374917458,0.0
2023-12-11 17:00:00,63.83429533852639,1.0197793426031285,220.7036391797587,0.0
2023-12-11 18:00:00,61.628364784623216,1.17278070826367,220.62768606380914,0.0
2023-12-11 19:00:00,66.13413878128365,1.1604941325061664,223.79577167536837,0.0
2023-12-11 20:00:00,72.37961595508814,1.090091081837991,219.2374981006526,0.0
2023-12-11 21:00:00,67.3444917183819,1.1838024181195665,219.63166896439003,0.0
2023-12-11 22:00:00,62.407144214178395,0.9480874542260517,220.4776486518741,0.0
2023-12-11 23:00:00,68.40686175647443,1.2714385757989877,221.92887128862944,0.0
2023-12-12 00:00:00,64.04996136219725,0.7357029315844843,217.8168296936456,0.0
2023-12-12 01:00:00,69.12345494428268,1.1948461288245484,220.20715304355014,0.0
2023-12-12 02:00:00,67.42002920649308,1.0799286611472854,214.98434792788987,0.0
2023-12-12 03:00:00,56.1705753035848,1.4032575885513272,219.4569361665552,0.0
2023-12-12 04:00:00,61.987761101134915,1.5510622141266608,222.14545406019872,0.0
2023-12-12 05:00:00,67.83315566850617,1.1337895662499284,218.54771512730537,0.0
2023-12-12 06:00:00,65.45497181643505,1.4781451858282861,220.35367523057062,0.0
2023-12-12 07:00:00,61.92873215687645,1.1367767438739178,218.9421888512328,0.0
2023-12-12 08:00:00,63.09923145351856,1.0067746953741818,218.28119560453263,0.0
2023-12-12 09:00:00,59.28129013973186,1.549180726437124,221.94297199653622,0.0
2023-12-12 10:00:00,64.73488013742082,1.3041552889468013,217.9094826203087,0.0
2023-12-12 11:00:00,71.63206917804729,1.2008877045219628,220.58593058772618,0.0
2023-12-12 12:00:00,67.41480017219698,1.3374354950197296,220.61670324153232,0.0
2023-12-12 13:00:00,71.57125100356527,1.2548430070260335,218.29640096592274,0.0
2023-12-12 14:00:00,67.64719126936994,1.1861561184116964,220.31137051391525,0.0
2023-12-12 15:00:00,68.08243803005807,0.9347130345384007,218.13010432506405,0.0
2023-12-12 16:00:00,70.92223606323508,1.1458926525677466,221.0435837498183,0.0
2023-12-12 17:00:00,66.13178977802667,1.3246510846916946,217.37010857071422,0.0
2023-12-12 18:00:00,64.43831803547936,1.1754457148626378,219.3207889936163,0.0
2023-12-12 19:00:00,68.09797254986604,1.3804651522260771,219.4944566806842,0.0
2023-12-12 20:00:00,69.36152071136566,1.2767310047733578,222.22591067642134,0.0
2023-12-12 21:00:00,63.56010607186337,1.0243727363829185,220.28008614342377,0.0
2023-12-12 22:00:00,62.83529275297991,0.9361656084335752,221.91002698022413,0.0
2023-12-12 23:00:00,65.41656809729264,1.1685643000139663,221.10938209697974,0.0
2023-12-13 00:00:00,67.49449660079499,1.0951543103790824,221.0966060017915,0.0
2023-12-13 01:00:00,67.39427314598468,1.2672643619243371,219.33613361953985,0.0
2023-12-13 02:00:00,60.7274971994372,1.056372468247454,222.04181176704978,0.0
2023-12-13 03:00:00,70.73481820118997,1.0769215348490246,219.28765918139598,0.0
2023-12-13 04:00:00,63.07650521180945,1.4106139435189824,216.54034904013977,0.0
2023-12-13 05:00:00,64.20480500933427,1.2296405937255794,219.5704256630662,0.0
2023-12-13 06:00:00,62.29203692003654,1.0594545869145413,220.90695280928813,0.0
2023-12-13 07:00:00,73.09498650781126,1.2035283617470038,216.78674856257436,0.0
2023-12-13 08:00:00,65.7262120108639,1.4757822486003365,218.22979528255922,0.0
2023-12-13 09:00:00,62.447074757955306,1.2587573376549446,217.5388231196453,0.0
2023-12-13 10:00:00,67.59177064988734,1.3185901618850258,221.57343420941794,0.0
2023-12-13 11:00:00,67.3074073379301,1.0495530926945114,223.345725274025,0.0
2023-12-13 12:00:00,64.43681892926035,1.4052838754269201,219.58060169157358,0.0
2023-12-13 13:00:00,67.52182013835015,1.6636204520927604,221.0630607261365,0.0
2023-12-13 14:00:00,62.524124117507405,1.0417064714974291,221.01103873179946,0.0
2023-12-13 15:00:00,63.521245175152245,0.9636212051256021,223.10759389287992,0.0
2023-12-13 16:00:00,58.96935003630181,1.2351084487670296,218.69489419209478,0.0
2023-12-13 17:00:00,61.02814674734131,1.375101009968882,219.56024207048335,0.0
2023-12-13 18:00:00,70.42289241701206,1.1817220655899476,219.31846270115187,0.0
2023-12-13 19:00:00,69.92428588316695,0.9893587207914674,220.15073448008053,0.0
2023-12-13 20:00:00,65.19736594594688,1.178283167643922,225.0086336042336,0.0
2023-12-13 21:00:00,69.98879434156952,1.3196184545554908,220.06162223039462,0.0
2023-12-13 22:00:00,64.51977654017509,1.118593634610788,218.2905786947859,0.0
2023-12-13 23:00:00,64.26976909229627,1.3214510035509843,217.69100554621377,0.0
2023-12-14 00:00:00,65.16953194539667,1.432942157047982,222.5052900146261,0.0
2023-12-14 01:00:00,64.6252352140293,1.2480461251540895,218.28149099204384,0.0
2023-12-14 02:00:00,64.35441102931946,1.1944104457443414,221.3271739183982,0.0
2023-12-14 03:00:00,68.43019432144865,1.3658687850452562,218.64061734148274,0.0
2023-12-14 04:00:00,65.45040696186861,1.0287798345125538,217.46661452683367,0.0
2023-12-14 05:00:00,67.13744529330141,1.0090580332614154,221.21039920060363,0.0
2023-12-14 06:00:00,68.094141575832,1.146685543014203,218.73851026647293,0.0
2023-12-14 07:00:00,66.1645573869642,1.1016241090371066,220.8508512784778,0.0
2023-12-14 08:00:00,62.089186022275285,1.0393316049419048,220.9985658816921,0.0
2023-12-14 09:00:00,60.94140233310788,1.5660936949997548,221.09253049002493,0.0
2023-12-14 10:00:00,65.44634190442191,1.6343986418988583,219.46370263211364,0.0
2023-12-14 11:00:00,64.48623108552519,1.1292589915488835,221.3723671130094,0.0
2023-12-14 12:00:00,65.26217428676037,1.218343789949673,218.15490734310384,0.0
2023-12-14 13:00:00,64.95183788225424,1.1624314359872419,215.09181949787174,0.0
2023-12-14 14:00:00,72.75072098049971,1.4214998480236312,221.41378434624022,0.0
2023-12-14 15:00:00,61.00932123307599,1.4611291123680095,220.33118100967494,0.0
2023-12-14 16:00:00,59.030161190536624,0.8445472402620706,218.77984351197205,0.0
2023-12-14 17:00:00,65.99713050055882,1.2952021600131252,217.0576944760499,0.0
2023-12-14 18:00:00,63.87073233623541,0.9386357317677703,215.92684340232933,0.0
2023-12-14 19:00:00,65.94820360918985,1.5516544315750556,220.10348669641795,0.0
2023-12-14 20:00:00,66.751649066852,1.2880496060420796,223.2975719314599,0.0
2023-12-14 21:00:00,68.85231408553669,1.0353300923274726,219.72288516713803,0.0
2023-12-14 22:00:00,60.47832253884818,1.1517357224124294,219.2773292266169,0.0
2023-12-14 23:00:00,63.329846306428514,1.1422045483467682,219.9512643150083,0.0
2023-12-15 00:00:00,66.28628377664229,1.3050225885771631,224.35841022381754,0.0
2023-12-15 01:00:00,67.31139078706168,1.4083825208354956,221.50380845330628,0.0
2023-12-15 02:00:00,71.58034865086516,0.9703585416056579,218.13284949659922,0.0
2023-12-15 03:00:00,67.8671119133416,1.5677509001824228,220.0562078078042,0.0
2023-12-15 04:00:00,64.82963421234116,1.5211380215641688,220.6648738223099,0.0
2023-12-15 05:00:00,62.32869274117201,1.0249352864817909,217.88732226684232,0.0
2023-12-15 06:00:00,63.30713044184294,1.2145603588724618,221.51827324468513,0.0
2023-12-15 07:00:00,63.22189153112868,1.5421617088228632,218.3643824057113,0.0
2023-12-15 08:00:00,66.96570088554128,1.4465837173354965,216.97810846531985,0.0
2023-12-15 09:00:00,65.77099233675749,1.1326513939904208,220.15226710767956,0.0
2023-12-15 10:00:00,61.029051287473465,1.3628679629135747,219.8356882810193,0.0
2023-12-15 11:00:00,63.6922955927287,1.7994396583438277,219.9979561955946,0.0
2023-12-15 12:00:00,67.63264266035426,1.2210319963702423,218.47071076467444,0.0
2023-12-15 13:00:00,66.05498706492217,1.0734703497119962,218.74977476425792,0.0
2023-12-15 14:00:00,66.70593384803831,1.2344839704182797,222.25689332073821,0.0
2023-12-15 15:00:00,66.1487651301718,1.2493104190994635,220.8821712300015,0.0
2023-12-15 16:00:00,69.87929220382658,1.0950926521999804,218.08650784684542,0.0
2023-12-15 17:00:00,65.7081291914731,1.2883250135628432,216.0986062111598,0.0
2023-12-15 18:00:00,63.84193160638791,0.9491197880544997,218.17116719577558,0.0
2023-12-15 19:00:00,62.25273487659932,1.066893226598264,220.31459814432037,0.0
2023-12-15 20:00:00,65.74882837462914,1.3516489552309596,218.73613656329113,0.0
2023-12-15 21:00:00,57.67788795567475,0.8490258296915496,218.58069958964637,0.0
2023-12-15 22:00:00,64.44713299450187,1.3806335183989553,218.82167912213868,0.0
2023-12-15 23:00:00,64.38248042023596,0.7976037268588594,219.85458487452743,0.0
2023-12-16 00:00:00,60.906587439148154,0.8537350842247369,221.56925582591668,0.0
2023-12-16 01:00:00,62.21520248403201,1.1002042513888228,219.9991615921086,0.0
2023-12-16 02:00:00,67.42897259044473,1.25737276856387,220.1238740430353,0.0
2023-12-16 03:00:00,65.69213524722488,1.4650527206254778,219.55027927223435,0.0
2023-12-16 04:00:00,65.30536500112198,1.2115245526319192,219.0012863356905,0.0
2023-12-16 05:00:00,65.91904260179606,1.150689278484802,221.78848174263985,0.0
2023-12-16 06:00:00,65.27788276384678,1.3159162495969607,221.4848041356884,0.0
2023-12-16 07:00:00,68.72858768857495,1.025820235906413,224.0905598353321,0.0
2023-12-16 08:00:00,65.37028754511094,1.2278830318692813,221.2211285967785,0.0
2023-12-16 09:00:00,60.62536065854375,0.960110748408928,219.00317135638508,0.0
2023-12-16 10:00:00,69.89038989462323,1.2165181033750825,218.19069738177961,0.0
2023-12-16 11:00:00,66.11102080198654,1.1740327348301194,221.90589052142323,0.0
2023-12-16 12:00:00,63.2322388076148,1.0391464157101165,218.37002623137977,0.0
2023-12-16 13:00:00,61.23979484511494,1.2330081273075477,221.61947337304414,0.0
2023-12-16 14:00:00,66.18774266287414,1.2317099306319286,218.48017201221478,0.0
2023-12-16 15:00:00,64.64848398507688,1.435090802467827,220.69831676757457,0.0
2023-12-16 16:00:00,69.72244035809723,0.8788733193874424,217.88049757026727,0.0
2023-12-16 17:00:00,63.96227815799951,1.1847902184605914,221.55977070866416,0.0
2023-12-16 18:00:00,62.4878576309526,1.047947520059304,217.5326566889815,0.0
2023-12-16 19:00:00,67.68738865470779,1.3739524116352584,220.5459146590134,0.0
2023-12-16 20:00:00,67.77584567815049,1.3507824130384265,219.604320131546,0.0
2023-12-16 21:00:00,65.50595410283059,1.301575969013724,220.20361287445252,0.0
2023-12-16 22:00:00,67.02907114302472,1.0592333483861074,219.20839233167672,0.0
2023-12-16 23:00:00,64.88693863777328,1.377094116588019,219.16148010525802,0.0
2023-12-17 00:00:00,65.70159530302774,0.8939738142513336,220.30956240801953,0.0
2023-12-17 01:00:00,68.49497264769177,0.8529378592814456,217.9957232438203,0.0
2023-12-17 02:00:00,66.87595500206452,0.9448258000196151,217.98395587666664,0.0
2023-12-17 03:00:00,64.49217668500212,1.1933050379346188,219.28290100072317,0.0
2023-12-17 04:00:00,69.05708763777845,1.3350328801976588,219.205059720562,0.0
2023-12-17 05:00:00,57.90543388162546,0.604793505198095,217.98920707239125,0.0
2023-12-17 06:00:00,71.1562199342658,1.4645485663759572,221.84842938582932,0.0
2023-12-17 07:00:00,59.882122715327796,1.2262224392356869,219.3310531631368,0.0
2023-12-17 08:00:00,63.118721525683114,0.8864455304820449,219.54667559400778,0.0
2023-12-17 09:00:00,64.8772473944148,1.2201893940579163,217.3449433480609,0.0
2023-12-17 10:00:00,64.56055798781551,1.4185050829356838,224.14327170922425,0.0
2023-12-17 11:00:00,68.01923312007966,1.3198882030612518,224.85413479110983,0.0
2023-12-17 12:00:00,61.8264901441693,1.419814612510793,218.4392028431913,0.0
2023-12-17 13:00:00,65.78230045244919,0.9267506741205778,222.4521727623382,0.0
2023-12-17 14:00:00,63.26536370534074,1.117198952972319,219.81637323252482,0.0
2023-12-17 15:00:00,65.88542293801225,1.0150615538952934,223.20753918562622,0.0
2023-12-17 16:00:00,64.80568322060637,1.5435160410088635,220.67246617280077,0.0
2023-12-17 17:00:00,65.27880695804893,1.3278725686973258,220.1995243375348,0.0
2023-12-17 18:00:00,63.35022550260696,1.7694019177915281,215.00146092076284,0.0
2023-12-17 19:00:00,63.46980814971175,1.1064780933165546,218.24278805314663,0.0
2023-12-17 20:00:00,65.86181754208228,1.055065157663539,220.0410413391499,0.0
2023-12-17 21:00:00,67.83114651726814,1.1714346722809699,220.39733250540795,0.0
2023-12-17 22:00:00,63.20516199740646,1.4756714442845098,217.57033257212524,0.0
2023-12-17 23:00:00,62.39369736628127,1.1267760621249305,218.54245694264745,0.0
2023-12-18 00:00:00,66.84038049701552,1.2248875195813889,221.10689403450164,0.0
2023-12-18 01:00:00,64.90248832082693,1.2193381405773638,217.23357854053327,0.0
2023-12-18 02:00:00,67.49149440195785,1.2078993522404378,220.26745944744707,0.0
2023-12-18 03:00:00,62.28260835988656,1.0695203079075044,222.4759070629781,0.0
2023-12-18 04:00:00,59.66168322372971,1.1725417864179266,220.77093925822365,0.0
2023-12-18 05:00:00,63.400987754521,1.1639794797297285,220.67097348633195,0.0
2023-12-18 06:00:00,62.700942172204954,1.19848706806507,215.95969710164448,0.0
2023-12-18 07:00:00,64.7636347997591,1.3887033636305417,218.35617444716422,0.0
2023-12-18 08:00:00,63.08946435718883,1.5521256069248985,224.10840366718207,0.0
2023-12-18 09:00:00,67.22305085400934,1.0319130474660585,218.80167616490814,0.0
2023-12-18 10:00:00,64.13554921273246,1.1216012750424569,222.52895241909414,0.0
2023-12-18 11:00:00,65.45142349632171,1.0349976203187627,218.77831822128744,0.0
2023-12-18 12:00:00,65.47290367532283,1.2374203074444545,219.44435899698107,0.0
2023-12-18 13:00:00,65.58486527723656,1.0923301084978045,221.03117369070705,0.0
2023-12-18 14:00:00,64.92761266863508,1.2479593667483977,220.20138603198802,0.0
2023-12-18 15:00:00,66.53180207123094,1.4207253820889574,220.76302490200217,0.0
2023-12-18 16:00:00,62.613034598522574,0.6948336628390782,218.36321949054602,0.0
2023-12-18 17:00:00,69.19825377996165,1.2983559779201381,217.72745962106248,0.0
2023-12-18 18:00:00,64.2903878498944,1.1079625902204242,218.228256771219,0.0
2023-12-18 19:00:00,61.06535258630395,1.2920844535968778,218.93536371707526,0.0
2023-12-18 20:00:00,65.56422007097532,1.02070611244996,219.54143723588518,0.0
2023-12-18 21:00:00,62.446458552657546,1.439252197661375,222.07455076127965,0.0
2023-12-18 22:00:00,66.99600360352663,1.3826561236080568,220.1746829120501,0.0
2023-12-18 23:00:00,71.62881672812713,1.3136704297085284,220.96919420501717,0.0
2023-12-19 00:00:00,62.64028372532645,1.3586451435620197,220.28320202516028,0.0
2023-12-19 01:00:00,65.99711699967196,1.0508759065655653,217.76913149294245,0.0
2023-12-19 02:00:00,59.73348323388612,1.076075249062142,220.0345390520113,0.0
2023-12-19 03:00:00,66.36171568832404,1.3504872401634958,220.26156422038306,0.0
2023-12-19 04:00:00,62.342858600600934,1.0464541714462776,221.51984644268262,0.0
2023-12-19 05:00:00,63.125496144696555,1.4891270093316173,217.86282386071306,0.0
2023-12-19 06:00:00,61.69614053048052,1.1352817857437936,215.91917826970328,0.0
2023-12-19 07:00:00,67.1964536781642,1.3003788779721244,220.352527630341,0.0
2023-12-19 08:00:00,68.02191307241979,1.619849903851018,220.70770000317677,0.0
2023-12-19 09:00:00,65.07015564397553,1.0587553291863847,219.6412303873659,0.0
2023-12-19 10:00:00,62.40671988399284,1.2137523501689564,220.05604180145357,0.0
2023-12-19 11:00:00,69.76856910831158,1.4108366329274615,221.75754475716562,0.0
2023-12-19 12:00:00,62.748769616736034,1.3902554777753062,219.08238884694498,0.0
2023-12-19 13:00:00,58.51390310021768,1.1344369379521284,219.44271831568284,0.0
2023-12-19 14:00:00,66.3751670298712,1.0966539124956292,220.15807288922767,0.0
2023-12-19 15:00:00,61.68567597907545,1.1533728134909895,217.5603706416613,0.0
2023-12-19 16:00:00,67.96582638049752,1.4895715532302727,219.6962055499045,0.0
2023-12-19 17:00:00,63.85658690997975,1.1441788287280106,219.8725133653316,0.0
2023-12-19 18:00:00,66.81113972163259,1.215623138496693,223.27408442864055,0.0
2023-12-19 19:00:00,69.20450103965648,1.114642705815315,219.40376868474308,0.0
2023-12-19 20:00:00,61.37342340613783,1.3411097129591973,220.40002247988895,0.0
2023-12-19 21:00:00,63.30218860732278,1.2311050075167311,221.83723521077948,0.0
2023-12-19 22:00:00,64.77298678202881,0.9993132378483541,218.32503054937914,0.0
2023-12-19 23:00:00,69.61265395710303,1.0062351771930012,222.75148077375232,0.0
2023-12-20 00:00:00,63.02485184617866,0.8002788866888986,223.52774046411454,0.0
2023-12-20 01:00:00,63.216488912152975,1.0337357181748767,219.94220742470264,0.0
2023-12-20 02:00:00,66.43442172666742,1.3587891607264344,218.92114787708124,0.0
2023-12-20 03:00:00,63.268313822868286,1.4647521076024534,223.25423884878077,0.0
2023-12-20 04:00:00,65.45757764869285,1.3371116726434367,221.5912617455363,0.0
2023-12-20 05:00:00,60.34538773709562,1.3109264401281362,220.16393840932767,0.0
2023-12-20 06:00:00,71.6429898276698,1.1746947900942701,222.8536876392314,0.0
2023-12-20 07:00:00,60.95687230907179,1.3549829109827973,222.64198437709865,0.0
2023-12-20 08:00:00,64.03474188802937,1.2572556446163767,219.32748609208355,0.0
2023-12-20 09:00:00,64.90255689247371,1.560889794397425,220.4974597065983,0.0
2023-12-20 10:00:00,70.73806440307038,1.1803109371646503,221.1535849758519,0.0
2023-12-20 11:00:00,61.02546265720178,1.4686016167472262,220.0574600597757,0.0
2023-12-20 12:00:00,70.95111240643625,1.374822816363572,217.21825881819143,0.0
2023-12-20 13:00:00,67.27153046330606,1.3470886572408318,218.1234809926035,0.0
2023-12-20 14:00:00,66.25128597326974,0.7977017349076359,217.28347442907955,0.0
2023-12-20 15:00:00,62.04609893894613,1.3858379123095421,220.985848606048,0.0
2023-12-20 16:00:00,66.71342372611421,1.1744984042181692,217.63129536575252,0.0
2023-12-20 17:00:00,62.8295401327406,1.1112147011130216,220.38483614163485,0.0
2023-12-20 18:00:00,68.79998375959524,0.9034173917644173,223.6638076525503,0.0
2023-12-20 19:00:00,62.0868139126768,1.1988825732063633,222.8555403698243,0.0
2023-12-20 20:00:00,64.66052451663175,1.2067103193636486,216.32516670613205,0.0
2023-12-20 21:00:00,63.33418073596049,0.939399615637039,217.44259705845798,0.0
2023-12-20 22:00:00,62.03743111271902,0.9053439654212616,218.44696715164028,0.0
2023-12-20 23:00:00,67.22395945072374,1.2973238960256221,217.66195262156126,0.0
2023-12-21 00:00:00,66.6063762422289,1.3743410262122753,216.69237124535653,0.0
2023-12-21 01:00:00,68.627030596703,1.2380565819844842,219.97831932054953,0.0
2023-12-21 02:00:00,59.6603746753755,1.4301669299368727,221.41020109883314,0.0
2023-12-21 03:00:00,68.19251210702313,1.1827230031297002,221.90806807744576,0.0
2023-12-21 04:00:00,72.51634671607069,1.1891297451199594,219.05104765851237,0.0
2023-12-21 05:00:00,63.64507673246916,1.0165943942518418,219.45619259936882,0.0
2023-12-21 06:00:00,70.6854458363269,0.8879516044892565,220.7113544902495,0.0
2023-12-21 07:00:00,64.21051618382052,1.570932426771917,219.7830288763217,0.0
2023-12-21 08:00:00,60.882770787316076,1.4262598100499493,221.6212135521916,0.0
2023-12-21 09:00:00,64.08310267277962,0.9214974865723042,220.86072972566902,0.0
2023-12-21 10:00:00,68.14461190302583,1.2311503815662561,219.24739115297194,0.0
2023-12-21 11:00:00,62.485470553005406,1.1799907377792667,216.2867273766931,0.0
2023-12-21 12:00:00,63.19898402298054,1.1452015053673914,222.99806321096398,0.0
2023-12-21 13:00:00,66.78061829687957,1.118196430437012,218.62783542111137,0.0
2023-12-21 14:00:00,65.00918035021571,1.2762538293935957,220.71511729146053,0.0
2023-12-21 15:00:00,66.75386885746022,1.363635105094295,216.1668166625618,0.0
2023-12-21 16:00:00,65.71348862227501,1.280478233805641,219.9773668332284,0.0
2023-12-21 17:00:00,66.43887595865472,1.1758963251241612,220.2005239217244,0.0
2023-12-21 18:00:00,63.70309644257138,1.168554656621776,220.29720414509532,0.0
2023-12-21 19:00:00,65.69519282609117,1.3873628633845332,226.027586565436,0.0
2023-12-21 20:00:00,62.2178809829122,1.2926889876232124,218.73776325241315,0.0
2023-12-21 21:00:00,68.86530086751017,1.2145378926070867,221.6413284539134,0.0
2023-12-21 22:00:00,63.09717584954806,1.1928197404799783,221.04646490441874,0.0
2023-12-21 23:00:00,68.38654246264817,1.2690541019224577,218.64272201466483,0.0
2023-12-22 00:00:00,64.29917911705141,1.1063302622881102,221.61133880636186,0.0
2023-12-22 01:00:00,65.60599703227196,1.364307763461642,219.6713581261384,0.0
2023-12-22 02:00:00,63.5151063473279,0.9848282876324266,221.75048643515345,0.0
2023-12-22 03:00:00,61.95201370649591,1.1177086980467035,223.92192524684341,0.0
2023-12-22 04:00:00,59.765718837184096,1.3222212190892049,220.3015977812682,0.0
2023-12-22 05:00:00,61.83402752422262,0.9734234373291453,219.4377495418631,0.0
2023-12-22 06:00:00,64.02827344035224,0.8853982914700999,222.10311236762084,0.0
2023-12-22 07:00:00,65.63563753648666,1.212615535085848,222.79330633186868,0.0
2023-12-22 08:00:00,68.03113793984978,0.8607083691107058,218.2334849212159,0.0
2023-12-22 09:00:00,63.66272762060945,0.9402392891896276,219.09408582092385,0.0
2023-12-22 10:00:00,62.354117707198476,1.3513188237012863,221.35084654368254,0.0
2023-12-22 11:00:00,60.67185564199186,1.1590429484788527,219.73593597917056,0.0
2023-12-22 12:00:00,66.44019085371231,1.4570973899417972,218.09133597402644,0.0
2023-12-22 13:00:00,69.14958354598804,0.9590371318125089,221.0813896557908,0.0
2023-12-22 14:00:00,68.79899080386886,1.181209526873543,221.34297943141354,0.0
2023-12-22 15:00:00,67.12979824444172,1.2799169106415518,219.33122848820605,0.0
2023-12-22 16:00:00,66.9156299518028,0.9658970139742182,220.12269753066246,0.0
2023-12-22 17:00:00,70.09287133912802,1.406352380899925,218.84685386210776,0.0
2023-12-22 18:00:00,65.99624438425043,1.3021357766332078,217.80952514817605,0.0
2023-12-22 19:00:00,66.93838902807252,0.8781425826625131,219.00587078674363,0.0
2023-12-22 20:00:00,64.037648414444,1.19245164075828,220.14786470035182,0.0
2023-12-22 21:00:00,60.91386988743573,1.2771913472517264,217.04982155706142,0.0
2023-12-22 22:00:00,62.94845329850127,1.0819886652943884,219.15197413749567,0.0
2023-12-22 23:00:00,64.97252288439603,0.9040270188982371,220.17566026118547,0.0
2023-12-23 00:00:00,65.18235611750391,1.255691757889482,222.38931982024974,0.0
2023-12-23 01:00:00,70.77885756456618,1.6422485900565122,219.37481529039894,0.0
2023-12-23 02:00:00,65.2438315027732,1.122603180168462,217.50819529978156,0.0
2023-12-23 03:00:00,68.53653033207694,1.5138482362569416,219.58067997460455,0.0
2023-12-23 04:00:00,63.69476827527105,1.0495422356477062,218.8668613918198,0.0
2023-12-23 05:00:00,64.0649723427043,1.2431091270019903,221.10435711011473,0.0
2023-12-23 06:00:00,61.012977088329656,1.354304506175224,219.32418934727554,0.0
2023-12-23 07:00:00,62.773015961370284,1.198317266805727,214.57886675684145,0.0
2023-12-23 08:00:00,66.58094417409126,1.1404528702237537,227.38324900239562,0.0
2023-12-23 09:00:00,65.0226805411824,1.3452255042700747,220.28472658318185,0.0
2023-12-23 10:00:00,67.8288158596917,1.578291023053844,220.17838302061716,0.0
2023-12-23 11:00:00,65.54376184503515,1.2601173849278262,216.91718005600595,0.0
2023-12-23 12:00:00,63.94263880508677,1.0967879646939305,217.07086146807677,0.0
2023-12-23 13:00:00,71.44489059136087,1.1620496885480633,219.81610208465395,0.0
2023-12-23 14:00:00,64.71828929386086,1.7039415291290747,220.67234266462327,0.0
2023-12-23 15:00:00,68.48900290911591,1.2269814232676255,221.40422827835351,0.0
2023-12-23 16:00:00,63.796372380365966,1.0811172602844055,220.47487531463653,0.0
2023-12-23 17:00:00,67.1287984381507,0.970986416703492,217.62811559366372,0.0
2023-12-23 18:00:00,67.78404697745506,0.8348197811774788,214.9910667818399,0.0
2023-12-23 19:00:00,65.62547591172674,1.272716854769238,219.7995553012436,0.0
2023-12-23 20:00:00,57.936551231910194,1.3309283985649007,218.93205065878175,0.0
2023-12-23 21:00:00,65.05475738256834,1.1206607640069586,217.47485655177542,0.0
2023-12-23 22:00:00,68.69138014327993,1.1970059163938092,221.65611644821126,0.0
2023-12-23 23:00:00,66.58244249908319,0.9659076581422752,216.84884650164003,0.0
2023-12-24 00:00:00,66.33751662568774,1.2265856929655001,221.23393767891318,0.0
2023-12-24 01:00:00,59.83322919812744,1.2962990641134249,217.17972404996505,0.0
2023-12-24 02:00:00,62.838634787974826,1.0929671465664723,220.26817737116667,0.0
2023-12-24 03:00:00,66.23407289345431,1.5380905339171678,221.86794864403726,0.0
2023-12-24 04:00:00,66.23114983036068,1.0325787346506177,219.32413336879546,0.0
2023-12-24 05:00:00,68.6440003403987,1.2566953208037965,223.37983966901365,0.0
2023-12-24 06:00:00,64.56539973456172,1.369663443940921,223.835772651187,0.0
2023-12-24 07:00:00,66.21747226002144,1.1845420999701235,220.47435000003932,0.0
2023-12-24 08:00:00,65.04912272579388,1.1623046362211016,221.08277074118055,0.0
2023-12-24 09:00:00,62.03917179049533,0.9142267699100675,222.12141773263303,0.0
2023-12-24 10:00:00,58.232626006715755,1.4714682991432566,221.08885274497098,0.0
2023-12-24 11:00:00,66.29302907639023,1.1660213596664808,220.8744864351971,0.0
2023-12-24 12:00:00,65.52184162523844,1.307473084986965,218.95186119444782,0.0
2023-12-24 13:00:00,63.14547487369949,1.3345440975720282,216.62528764964458,0.0
2023-12-24 14:00:00,60.142480830452406,1.0743403015964494,217.21980917350103,0.0
2023-12-24 15:00:00,66.88921854322622,1.160494279141757,224.76473471752303,0.0
2023-12-24 16:00:00,64.20223977741334,1.4668964701487006,220.64491791561,0.0
2023-12-24 17:00:00,66.67062416710444,0.976560466851911,219.50863303721735,0.0
2023-12-24 18:00:00,70.59214559123528,1.6255836149514513,222.52665451823583,0.0
2023-12-24 19:00:00,58.575707359040884,1.0510254429447452,218.50108405427633,0.0
2023-12-24 20:00:00,62.90119757389291,0.9640965086718976,221.1662165348264,0.0
2023-12-24 21:00:00,64.37187316006425,1.226461804137707,220.15438406712008,0.0
2023-12-24 22:00:00,69.36447852243995,1.6416696528679742,220.9200550022072,0.0
2023-12-24 23:00:00,60.09079094238054,0.817806812881559,219.32718026141228,0.0
2023-12-25 00:00:00,70.80758307704181,1.1717968563020615,218.07061138541923,0.0
2023-12-25 01:00:00,65.40756770469888,1.295253003451311,218.35425785372072,0.0
2023-12-25 02:00:00,64.71199801479843,1.2067299917071062,218.4322315954794,0.0
2023-12-25 03:00:00,64.40582071034328,1.2763843340006018,219.99405937535568,0.0
2023-12-25 04:00:00,63.69121090345991,1.056393383565545,216.8877296390521,0.0
2023-12-25 05:00:00,68.14435027780746,1.0800556308137237,217.50514276995582,0.0
2023-12-25 06:00:00,61.79443773775268,1.17031547056816,220.2710485950584,0.0
2023-12-25 07:00:00,66.03624254493155,0.9740223824194497,219.74464991117216,0.0
2023-12-25 08:00:00,63.84745500287907,1.191062719711962,220.3804630685134,0.0
2023-12-25 09:00:00,62.71359965445771,1.1222509412656996,219.9099129313338,0.0
2023-12-25 10:00:00,72.75792552705168,1.1059909629690263,225.0379004137764,0.0
2023-12-25 11:00:00,66.25715220426038,1.2641012825197275,220.25347686798176,0.0
2023-12-25 12:00:00,66.83979663398343,0.8358681013601392,219.24184070102544,0.0
2023-12-25 13:00:00,68.41333034200599,1.1541819793233692,220.20226357072303,0.0
2023-12-25 14:00:00,60.73595016404436,1.6634707531229722,222.03991008502067,0.0
2023-12-25 15:00:00,70.2568757273661,0.982778062734875,219.90074322124508,0.0
2023-12-25 16:00:00,57.47312846451477,1.4571000992968828,221.3694567172725,0.0
2023-12-25 17:00:00,62.69370076988444,1.2109312241825396,220.79209192880444,0.0
2023-12-25 18:00:00,63.6229049804633,1.0794084382237163,219.4191688463147,0.0
2023-12-25 19:00:00,66.74517009491151,0.9358716680940387,220.2217515977639,0.0
2023-12-25 20:00:00,65.65615479842447,1.2279363930570464,223.19784422838416,0.0
2023-12-25 21:00:00,64.49955577790482,1.4906794211629353,220.48615659007592,0.0
2023-12-25 22:00:00,64.96400796611682,1.1221577709606472,218.02795795165787,0.0
2023-12-25 23:00:00,62.0659309294323,1.1838077150526451,219.36097914573426,0.0
2023-12-26 00:00:00,60.508302816547484,1.4020741700380663,215.7715055005344,0.0
2023-12-26 01:00:00,67.17953486700819,1.268174158269256,220.27479741350575,0.0
2023-12-26 02:00:00,67.08111833760856,0.8855448440550842,222.62412468756563,0.0
2023-12-26 03:00:00,69.75348312547118,1.2197774431710366,217.3171884637323,0.0
2023-12-26 04:00:00,62.62994870955438,1.5024469821331197,220.2994654690161,0.0
2023-12-26 05:00:00,67.07844563090276,1.1926117627065003,221.97086361173857,0.0
2023-12-26 06:00:00,64.14887981490581,0.6517021141045246,222.18227726639296,0.0
2023-12-26 07:00:00,68.57142495558044,1.2776429983182145,222.55960234455165,0.0
2023-12-26 08:00:00,68.06588833003443,1.1603087120911928,216.263492337309,0.0
2023-12-26 09:00:00,65.63362819767337,0.8341811172157565,221.00986190922362,0.0
2023-12-26 10:00:00,63.98140953000204,0.8641583819892431,216.98886962981078,0.0
2023-12-26 11:00:00,67.88279653582478,1.3950214286577618,218.00333572685506,0.0
2023-12-26 12:00:00,66.9407135697697,1.0535234508809839,221.642244519217,0.0
2023-12-26 13:00:00,62.946678793741455,1.0185007238528017,220.31609424370325,0.0
2023-12-26 14:00:00,61.01660397956171,1.1928722878136662,221.45267214847874,0.0
2023-12-26 15:00:00,64.13440129795461,1.071159400336012,218.14176679039662,0.0
2023-12-26 16:00:00,69.54624144604463,1.220009725555549,222.94720622032574,0.0
2023-12-26 17:00:00,68.43946147619911,1.1594559941126659,221.3766678676821,0.0
2023-12-26 18:00:00,61.66301759098826,0.9600008839812714,221.7785962385869,0.0
2023-12-26 19:00:00,61.49672775230024,1.097760440287723,217.83966644776973,0.0
2023-12-26 20:00:00,68.82405154903846,1.288550664261821,222.34280248042523,0.0
2023-12-26 21:00:00,61.59309228572651,1.208383608047725,219.3676768467192,0.0
2023-12-26 22:00:00,66.52788597092602,1.1836115035216337,218.7775474597092,0.0
2023-12-26 23:00:00,63.15178635399103,1.5874768482358768,221.25092708009132,0.0
2023-12-27 00:00:00,69.85113477356505,1.346207505077107,221.16642354957588,0.0
2023-12-27 01:00:00,62.688725602586366,1.3704882529642686,218.30636230448533,0.0
2023-12-27 02:00:00,68.43008459061748,1.166806318441015,224.11260202038505,0.0
2023-12-27 03:00:00,65.55457596218109,1.244029038070255,223.62870115277954,0.0
2023-12-27 04:00:00,65.75658456270286,1.1137800020948614,221.21007028162353,0.0
2023-12-27 05:00:00,59.089074255945796,1.3555099531048256,220.86080684546337,0.0
2023-12-27 06:00:00,58.391259940382845,1.1779200191801913,220.6595724525206,0.0
2023-12-27 07:00:00,64.33830217919805,1.2444755497861113,216.90000674796266,0.0
2023-12-27 08:00:00,65.74071819024984,1.2321222604310336,220.22561477584293,0.0
2023-12-27 09:00:00,61.62440651678683,1.196366623718909,220.1990831637915,0.0
2023-12-27 10:00:00,61.73391976857097,1.787637613431154,218.84797662752322,0.0
2023-12-27 11:00:00,66.6844178894784,1.0666761445010555,219.38130165599682,0.0
2023-12-27 12:00:00,66.68856344137139,1.0648576939682615,215.23741521056905,0.0
2023-12-27 13:00:00,64.58677681883621,1.3388193493623513,217.80545413975003,0.0
2023-12-27 14:00:00,67.34060516355822,1.080966200184964,221.84365258301457,0.0
2023-12-27 15:00:00,61.47739311283956,1.1417187277302214,223.46239380327873,0.0
2023-12-27 16:00:00,63.932195248739085,0.9827178093288763,218.11323862940847,0.0
2023-12-27 17:00:00,69.94363281735102,1.2983115838805173,220.36569730995188,0.0
2023-12-27 18:00:00,65.20496638981945,1.3008514488968304,222.19676465879462,0.0
2023-12-27 19:00:00,65.378937543761,1.136961588015311,218.9595699482105,0.0
2023-12-27 20:00:00,71.91783975790322,1.3429633376960144,221.35249635446922,0.0
2023-12-27 21:00:00,60.80197350245369,0.8283749972532817,219.9324206088397,0.0
2023-12-27 22:00:00,67.38929109992633,1.0586293196971313,222.3808039768507,0.0
2023-12-27 23:00:00,69.9919588394243,1.166004162757814,217.43509852066276,0.0
2023-12-28 00:00:00,64.02542622050436,0.9655435006194094,217.79084674246468,0.0
2023-12-28 01:00:00,67.57889236056454,0.8502573925162555,220.5590783378856,0.0
2023-12-28 02:00:00,62.05394150836729,1.1384208069923105,220.19241219980088,0.0
2023-12-28 03:00:00,62.939802813297945,1.3388040174121483,219.88735220701335,0.0
2023-12-28 04:00:00,66.1548992481429,1.4564216782853023,221.15166832040896,0.0
2023-12-28 05:00:00,67.39570001933177,1.0905424233589254,218.13870087088452,0.0
2023-12-28 06:00:00,68.36280953721874,1.3466431675243187,217.26112877675715,0.0
2023-12-28 07:00:00,69.70888576081848,1.3273084076151336,218.99978378394255,0.0
2023-12-28 08:00:00,64.79766032433446,1.4437216348668993,219.2234428826038,0.0
2023-12-28 09:00:00,68.58083526551776,1.1299617939291997,219.4325056378842,0.0
2023-12-28 10:00:00,63.97308546965255,0.8402999009630652,222.53809142270777,0.0
2023-12-28 11:00:00,67.70627393476481,1.214037170484549,221.54083449359842,0.0
2023-12-28 12:00:00,65.62246639355655,0.9972412518060554,221.06647973831085,0.0
2023-12-28 13:00:00,66.33703372124577,1.0552989781875985,220.44399918925862,0.0
2023-12-28 14:00:00,66.27052362206611,1.1397561711893636,219.1316230885689,0.0
2023-12-28 15:00:00,60.185884970606566,1.1322144737301714,218.29210968643312,0.0
2023-12-28 16:00:00,61.62763442341768,1.2283118533791588,217.60568515861596,0.0
2023-12-28 17:00:00,65.30762431945257,1.3406312632839235,218.61098629905865,0.0
2023-12-28 18:00:00,59.9381627610765,1.1264528833448066,219.91415602327803,0.0
2023-12-28 19:00:00,67.49363330959926,1.279139501321601,217.69003159963466,0.0
2023-12-28 20:00:00,67.61466789886443,1.202963201986101,220.33903951547322,0.0
2023-12-28 21:00:00,65.98151165863337,1.387098879175689,219.61112374552872,0.0
2023-12-28 22:00:00,61.63659796172623,1.1622816297787366,219.2054031769136,0.0
2023-12-28 23:00:00,69.14041681660555,1.1842146648450889,222.3230658024233,0.0
2023-12-29 00:00:00,71.11163191915507,1.1251199104002185,215.07876275555455,0.0
2023-12-29 01:00:00,65.44123048233793,1.167550292008301,219.23254090943013,0.0
2023-12-29 02:00:00,66.53160613535371,1.0433023743308252,215.29512510874105,0.0
2023-12-29 03:00:00,65.60521596438814,1.0234805427712972,220.4771253458589,0.0
2023-12-29 04:00:00,66.5911075669964,1.355153077056545,221.52436316639785,0.0
2023-12-29 05:00:00,64.64132373012082,0.9833596633630797,217.2977875915724,0.0
2023-12-29 06:00:00,64.89630728046859,1.1361763820604194,217.55388483221722,0.0
2023-12-29 07:00:00,67.71715280149209,1.4030685572541992,216.60340033657909,0.0
2023-12-29 08:00:00,72.03687248568932,1.1294598409992784,220.12728398542635,0.0
2023-12-29 09:00:00,60.799786296794785,1.365748090737115,219.31842344759195,0.0
2023-12-29 10:00:00,64.6885625467911,1.0817908558546316,219.4426905392168,0.0
2023-12-29 11:00:00,61.458618544303754,0.9897672787299612,219.26405672102823,0.0
2023-12-29 12:00:00,69.77607469572825,0.8810348290198358,218.0528018712641,0.0
2023-12-29 13:00:00,63.236786092040305,1.4625448138545323,222.26374804779206,0.0
2023-12-29 14:00:00,60.67039761864262,0.9726257636731168,220.54468136026327,0.0
2023-12-29 15:00:00,66.91456099654572,1.3494373180250185,217.6306729264448,0.0
2023-12-29 16:00:00,70.23293334422934,1.0000105946413234,218.598906368335,0.0
2023-12-29 17:00:00,66.99079360568228,1.4634767835879643,218.25586245106504,0.0
2023-12-29 18:00:00,65.61439363184576,1.64135654492302,222.8118558069461,0.0
2023-12-29 19:00:00,66.22742276832798,0.8626939880619326,221.42243854536574,0.0
2023-12-29 20:00:00,69.24452198847666,0.9830487131682372,219.7470210861549,0.0
2023-12-29 21:00:00,62.37740218995755,1.354626372760645,223.41444236990773,0.0
2023-12-29 22:00:00,64.66445868774106,1.302608584673163,222.90408719039837,0.0
2023-12-29 23:00:00,63.6419295544714,1.3553843709520383,219.53857821171647,0.0
2023-12-30 00:00:00,61.49640407812487,1.0852488899191248,219.17886935575237,0.0
2023-12-30 01:00:00,64.0148742217496,1.5975068322046735,219.2752720882053,0.0
2023-12-30 02:00:00,68.32316328794735,1.223609893337955,218.09450680806214,0.0
2023-12-30 03:00:00,66.69980644517818,0.956607484631296,223.46794889693433,0.0
2023-12-30 04:00:00,66.9329315003246,1.149370299991411,217.98717499388223,0.0
2023-12-30 05:00:00,65.43942683495996,0.9592866207542334,221.73660863085487,0.0
2023-12-30 06:00:00,66.56997134818576,1.518188271710821,221.38108626181767,0.0
2023-12-30 07:00:00,62.59822897295568,1.0679337474399766,219.39026804355288,0.0
2023-12-30 08:00:00,64.07147034221832,1.2984966969489244,223.6200902073289,0.0
2023-12-30 09:00:00,65.57601271090603,1.105865371003564,216.88180735783695,0.0
2023-12-30 10:00:00,65.83254757664567,1.0769225380474974,219.8406173980422,0.0
2023-12-30 11:00:00,65.96056356476562,0.8179491637437898,219.021919670119,0.0
2023-12-30 12:00:00,64.58499415395087,1.3196349205981135,221.9211863005417,0.0
2023-12-30 13:00:00,63.86772979660901,1.4598362505258367,220.70713172875034,0.0
2023-12-30 14:00:00,74.4733138491329,1.0168064837269697,216.545409642667,0.0
2023-12-30 15:00:00,67.7203618187972,0.8909541770002657,222.4789588874929,0.0
2023-12-30 16:00:00,66.23944242785787,1.3606632085475658,220.97092344584914,0.0
2023-12-30 17:00:00,64.30037450538082,0.8707517301787497,217.92901627607415,0.0
2023-12-30 18:00:00,63.64634351916837,1.4439065871896517,219.30064179042722,0.0
2023-12-30 19:00:00,64.60759821881913,1.0191209754090758,217.40023017005583,0.0
2023-12-30 20:00:00,65.87848653076006,0.9793414514350747,219.65832394876705,0.0
2023-12-30 21:00:00,59.35869336781076,1.2496924842262582,220.30023593471964,0.0
2023-12-30 22:00:00,60.29183121387595,0.9923721429977125,219.33070568273212,0.0
2023-12-30 23:00:00,63.08935283318313,1.0585777837413581,219.0990710002543,0.0
2023-12-31 00:00:00,65.6214183103357,1.2707963865342013,216.77451926189764,0.0
2023-12-31 01:00:00,64.28218055854444,0.7141775325666707,220.67448292300642,0.0
2023-12-31 02:00:00,69.43436367829845,1.5284838491856645,216.15109080627408,0.0
2023-12-31 03:00:00,60.55280963901269,1.2087280264931475,220.06215903647453,0.0
2023-12-31 04:00:00,62.74596359118989,0.9414067975192943,216.40168835193506,0.0
2023-12-31 05:00:00,69.5602752229733,0.9965509261426316,220.10100978097256,0.0
2023-12-31 06:00:00,65.39335797402543,1.3983292756521604,219.9877619908245,0.0
2023-12-31 07:00:00,67.65452774840348,1.3202105870148206,220.80668993535707,0.0
2023-12-31 08:00:00,71.15374082980838,1.4773561314570423,221.7245714336032,0.0
2023-12-31 09:00:00,62.91858674629453,1.063451431039153,222.09517684450188,0.0
2023-12-31 10:00:00,64.7020569866239,1.2593167674301604,216.77991480124814,0.0
2023-12-31 11:00:00,64.18271929720738,1.2853135823567354,219.88358789373385,0.0
2023-12-31 12:00:00,59.13622098655017,1.3390535000504473,224.0218817691201,0.0
2023-12-31 13:00:00,64.0688095887321,1.425456224686414,220.23820113699543,0.0
2023-12-31 14:00:00,67.64318656214199,1.0565472188311305,218.33730371939737,0.0
2023-12-31 15:00:00,66.62176862543673,1.1771659464479038,219.84059774712134,0.0
2023-12-31 16:00:00,66.85724950816403,1.077970050883971,219.23266811937188,0.0
2023-12-31 17:00:00,63.8734730580815,1.189477625328725,217.64708368573568,0.0
2023-12-31 18:00:00,63.03170829198307,1.339686556412595,221.738208376414,0.0
2023-12-31 19:00:00,68.80776701569586,0.8691928999478595,221.1687051165507,0.0
2023-12-31 20:00:00,63.508048560926994,1.421874313891857,217.33098185577575,0.0
2023-12-31 21:00:00,65.88224611637965,0.97216357514725,219.8134508323662,0.0
2023-12-31 22:00:00,65.49000404203261,1.1385259360605537,218.86707270163575,0.0
2023-12-31 23:00:00,69.38515104877135,1.4487883849932248,216.79681497095007,0.0
2024-01-01 00:00:00,67.91423707301708,1.265601943596681,217.17036108504803,0.0
2024-01-01 01:00:00,61.11422413799864,1.2679059896527318,217.46808035239934,0.0
2024-01-01 02:00:00,61.43734049967488,0.9638747909409778,219.8831404931144,0.0
2024-01-01 03:00:00,66.7367294542074,0.9911828128352318,219.08409399959328,0.0
2024-01-01 04:00:00,64.8069870578625,1.3882512793337838,218.08162407580818,0.0
2024-01-01 05:00:00,63.63448464813871,1.082171290903122,219.2162339407581,0.0
2024-01-01 06:00:00,68.0468836519834,1.1010176253400301,221.49506994369096,0.0
2024-01-01 07:00:00,65.56237814626674,1.3927902502109424,220.7133921945441,0.0
2024-01-01 08:00:00,65.15737216066833,0.9900172909260945,222.0037376152438,0.0
2024-01-01 09:00:00,67.33948592226515,1.2538470265772514,219.54337427056151,0.0
2024-01-01 10:00:00,63.87467301516931,1.2085814652335383,223.2051143813633,0.0
2024-01-01 11:00:00,69.70555695641767,1.1994628548273516,220.69615976739698,0.0
2024-01-01 12:00:00,62.63585713030098,1.0963128736244991,219.02216515331722,0.0
2024-01-01 13:00:00,66.97078719902626,1.0840289637073344,220.18590361938075,0.0
2024-01-01 14:00:00,69.30149851597953,0.9843271672410269,217.50384809482037,0.0
2024-01-01 15:00:00,60.8681135321837,1.2965330052082613,219.38762972750447,0.0
2024-01-01 16:00:00,63.96999447244265,1.0663701616966528,220.8599484604532,0.0
2024-01-01 17:00:00,68.42662217865667,1.3937489242334502,221.22333901619717,0.0
2024-01-01 18:00:00,68.47173364319308,1.1550889916818694,219.17967555433762,0.0
2024-01-01 19:00:00,64.48551319883528,0.9883099021157924,225.46778085504528,0.0
2024-01-01 20:00:00,62.795986718969424,1.1524372235703157,219.65558451368943,0.0
2024-01-01 21:00:00,67.86780746699229,1.1178285601727052,216.6432119157137,0.0
2024-01-01 22:00:00,68.55064730774481,1.4018206823456105,222.426534384017,0.0
2024-01-01 23:00:00,61.50600995446282,1.1261999621496934,221.21425460769936,0.0
2024-01-02 00:00:00,61.38825905310086,1.1447579237599348,220.4633776419105,0.0
2024-01-02 01:00:00,65.6757700459508,1.482309341098487,219.07015821781644,0.0
2024-01-02 02:00:00,66.88808190028668,1.3016534642926698,220.78669303205288,0.0
2024-01-02 03:00:00,64.10279274430984,1.5325412032006993,223.23803249199526,0.0
2024-01-02 04:00:00,67.03788145994704,1.4518090008127809,220.4032658746803,0.0
2024-01-02 05:00:00,62.86959017948785,1.0225674823274291,217.05993282637814,0.0
2024-01-02 06:00:00,58.65591920277879,1.3979901708800215,213.09329183362448,0.0
2024-01-02 07:00:00,63.728296783002214,1.5050606584149182,220.76911912127676,0.0
2024-01-02 08:00:00,65.1896964395393,1.5065626264646839,218.0281729174798,0.0
2024-01-02 09:00:00,64.17248012031062,1.3976191967153375,219.8005745652084,0.0
2024-01-02 10:00:00,61.52419020902155,1.393504598981835,218.3818447539732,0.0
2024-01-02 11:00:00,59.55305307236355,1.13946779126489,218.2381820316068,0.0
2024-01-02 12:00:00,63.4577335868963,1.032523583130085,218.46945173342746,0.0
2024-01-02 13:00:00,67.69296731494923,1.1295565362205087,218.65024928016686,0.0
2024-01-02 14:00:00,68.76859231824105,0.8670421997134474,221.55247197696568,0.0
2024-01-02 15:00:00,68.56314015241537,1.468559063084341,221.14728758627317,0.0
2024-01-02 16:00:00,62.55227139455434,1.1433414081164575,217.58402235437765,0.0
2024-01-02 17:00:00,61.53888102910891,1.458266145812992,217.85653054726598,0.0
2024-01-02 18:00:00,66.48990384493969,0.95370008455568,220.75824380893874,0.0
2024-01-02 19:00:00,66.90530003479378,1.4165249842004421,222.10500473087103,0.0
2024-01-02 20:00:00,66.2005088156015,1.101023868364136,222.07428271982826,0.0
2024-01-02 21:00:00,58.95781017728671,0.9431261183381652,217.99418231843953,0.0
2024-01-02 22:00:00,62.3993462453496,1.5254236104319516,221.97862286380044,0.0
2024-01-02 23:00:00,64.91093362914206,1.421462333868155,216.4474607313623,0.0
2024-01-03 00:00:00,66.46165458389129,1.2423584840371569,219.59423116597992,0.0
2024-01-03 01:00:00,67.30192208780745,1.2067875770269927,220.9740528852173,0.0
2024-01-03 02:00:00,65.43276056684611,1.2879020037638236,215.8423899739167,0.0
2024-01-03 03:00:00,65.9923514196147,1.238925715583482,224.18571384817093,0.0
2024-01-03 04:00:00,65.25459637508331,1.0415448091657056,222.65339036595324,0.0
2024-01-03 05:00:00,67.05685812265546,1.1175895460430156,221.2940079447212,0.0
2024-01-03 06:00:00,65.93859695447273,1.5921435664077406,218.06994358487015,0.0
2024-01-03 07:00:00,65.19721298014186,1.7344313485256029,219.86379275084573,0.0
2024-01-03 08:00:00,64.19489360258785,1.5125337010461366,221.58084033952605,0.0
2024-01-03 09:00:00,65.24387427512744,1.2956447880325246,217.75467686600038,0.0
2024-01-03 10:00:00,66.45377413651782,1.132450193459613,219.63905153752395,0.0
2024-01-03 11:00:00,65.80242616669419,1.0403628212206066,221.82076769962197,0.0
2024-01-03 12:00:00,66.14247925503577,1.0535435179139594,217.0108099964539,0.0
2024-01-03 13:00:00,69.02816558405355,1.089346468262648,220.6648494220409,0.0
2024-01-03 14:00:00,65.79549176823976,1.6302328082851538,216.49046074075764,0.0
2024-01-03 15:00:00,63.05300443858053,1.5612564592765197,218.1123064888427,0.0
2024-01-03 16:00:00,67.65082035798251,1.3492556779870788,218.9908147886478,0.0
2024-01-03 17:00:00,60.90140498699325,1.0078773647174346,221.02711122543755,0.0
2024-01-03 18:00:00,61.75575985778214,1.3786111853422072,218.5984217949876,0.0
2024-01-03 19:00:00,66.0075417941602,1.152276594297879,220.2510967826583,0.0
2024-01-03 20:00:00,66.54919000335974,0.7693981122711757,218.62554372438353,0.0
2024-01-03 21:00:00,61.264846329488016,1.257420127480252,218.9387664557697,0.0
2024-01-03 22:00:00,63.85154755703975,1.0316173918331888,222.5013230155723,0.0
2024-01-03 23:00:00,63.181748503341026,1.0383893141819924,217.6995436435155,0.0
2024-01-04 00:00:00,63.53997103135521,1.1499184012863986,221.51830794789436,0.0
2024-01-04 01:00:00,67.83079332881884,1.1003354054115173,219.99787222905005,0.0
2024-01-04 02:00:00,67.11951639064176,1.1931486361791983,218.84889262218402,0.0
2024-01-04 03:00:00,64.94263346043888,1.1835338899965588,217.56495433517978,0.0
2024-01-04 04:00:00,63.362114218655215,0.8248381814304737,217.70752738580182,0.0
2024-01-04 05:00:00,60.95105098933958,1.5040555977765666,218.5227099504841,0.0
2024-01-04 06:00:00,69.26055481634585,1.003324655410264,219.6998911855577,0.0
2024-01-04 07:00:00,66.77634170085476,1.0095203229739054,221.2070192723128,0.0
2024-01-04 08:00:00,62.87999268778058,1.1342893496419404,219.39952148015527,0.0
2024-01-04 09:00:00,67.15879849287468,1.178333030526141,219.53337829623555,0.0
2024-01-04 10:00:00,64.78932913827612,1.4917959633663678,219.8320195533554,0.0
2024-01-04 11:00:00,64.13867148541297,1.2538846904109802,220.95355538287745,0.0
2024-01-04 12:00:00,66.30563458486881,1.3132930968219068,221.28960563839303,0.0
2024-01-04 13:00:00,62.77550525026182,1.2549072375166563,217.22606904885632,0.0
2024-01-04 14:00:00,63.96873044146967,1.2462923164997546,219.43585058051337,0.0
2024-01-04 15:00:00,65.36438319259864,1.2619459006174016,222.45480803469584,0.0
2024-01-04 16:00:00,63.50164642134436,0.8134531714862122,217.3677600925601,0.0
2024-01-04 17:00:00,67.00725563080258,1.1500163030320942,220.14862578089793,0.0
2024-01-04 18:00:00,70.60719951103478,1.4324522221142315,219.65831199240642,0.0
2024-01-04 19:00:00,62.73710560217857,1.988466202161337,218.86664882012678,0.0
2024-01-04 20:00:00,60.004624111087864,0.9591382134920979,223.1815653020867,0.0
2024-01-04 21:00:00,58.994779497571216,1.2846159920648705,220.07367161773576,0.0
2024-01-04 22:00:00,64.54859557551505,1.0857906844251317,223.02229014388863,0.0
2024-01-04 23:00:00,63.01050622962145,1.60953038077937,220.01125441048882,0.0
2024-01-05 00:00:00,65.62358150320124,0.9292434478417037,220.92051177863547,0.0
2024-01-05 01:00:00,65.39779301607831,1.324987898063176,218.84555698214604,0.0
2024-01-05 02:00:00,60.19034946015771,0.918557780099162,218.8678126494045,0.0
2024-01-05 03:00:00,59.555348511555785,1.1362866663878335,220.81869506049773,0.0
2024-01-05 04:00:00,65.88779972103829,1.1931373338500382,220.85539491526717,0.0
2024-01-05 05:00:00,65.40628650415987,1.4139383363479214,221.1959741331837,0.0
2024-01-05 06:00:00,63.722546004900344,0.9845666347682944,220.75335657390914,0.0
2024-01-05 07:00:00,60.028569244603084,1.332676609769477,217.32715814599183,0.0
2024-01-05 08:00:00,66.41417378829497,1.2037555446775894,218.38726264657518,0.0
2024-01-05 09:00:00,68.81569863627183,1.254558677257196,221.6998857722974,0.0
2024-01-05 10:00:00,65.83394732065676,1.391666542937028,216.08306926919332,0.0
2024-01-05 11:00:00,62.457578328304805,0.9434886613989424,220.5852144830112,0.0
2024-01-05 12:00:00,65.13365649671346,1.3621189946297183,219.77623980186164,0.0
2024-01-05 13:00:00,60.90165775719895,1.086219029382115,221.69916373494473,0.0
2024-01-05 14:00:00,68.17388214151637,1.419174690995365,220.8332423721415,0.0
2024-01-05 15:00:00,65.24553300358862,1.266911526907576,218.67203944058306,0.0
2024-01-05 16:00:00,59.6955292647403,1.1580943236965888,218.58129992339667,0.0
2024-01-05 17:00:00,64.09797691866895,1.0819948061818356,218.95443305400616,0.0
2024-01-05 18:00:00,66.3899045307027,1.3646589988710662,221.16012609474126,0.0
2024-01-05 19:00:00,64.00085713707344,1.4521903370961855,215.3955726408895,0.0
2024-01-05 20:00:00,64.17231283567948,1.0934296918279631,220.31475888871412,0.0
2024-01-05 21:00:00,61.326793378858184,0.9733986868437206,218.23393082554526,0.0
2024-01-05 22:00:00,66.69962296124497,1.338842208589045,220.3816705956145,0.0
2024-01-05 23:00:00,63.054592399942585,0.91029381159326,220.68899557300674,0.0
2024-01-06 00:00:00,58.5306638689849,0.9388975124834056,216.67534683414263,0.0
2024-01-06 01:00:00,63.88622788798882,0.9874599448944201,219.54626714599874,0.0
2024-01-06 02:00:00,67.94344914671106,1.11690990339225,220.31114071360048,0.0
2024-01-06 03:00:00,63.83921166020016,0.9327336221569109,220.1759001905503,0.0
2024-01-06 04:00:00,70.21395495537055,0.8122400181236844,219.75559809376807,0.0
2024-01-06 05:00:00,66.28690384564555,0.9729111611325754,217.55822496037197,0.0
2024-01-06 06:00:00,66.0162744868411,1.3284948893145236,217.86274393870693,0.0
2024-01-06 07:00:00,64.61480520224717,0.9456911855746465,217.2439053544923,0.0
2024-01-06 08:00:00,64.79514137670712,1.131946064409166,221.1080911416795,0.0
2024-01-06 09:00:00,64.20972909464149,1.5893396924731125,219.7688583163868,0.0
2024-01-06 10:00:00,64.09319182375242,1.1901651739945818,219.89649352141458,0.0
2024-01-06 11:00:00,66.59260148620145,1.2685061979459187,216.5890131123102,0.0
2024-01-06 12:00:00,62.1925063106283,1.0107919963496892,219.93279440547758,0.0
2024-01-06 13:00:00,61.77231851382722,1.6326949707400285,221.26727414396535,0.0
2024-01-06 14:00:00,61.63041484737387,1.0917411021723142,216.31632085085144,0.0
2024-01-06 15:00:00,71.13696364303146,1.1543790631096966,218.92918748251006,0.0
2024-01-06 16:00:00,66.59102870501174,1.4634117355934728,216.8593017369104,0.0
2024-01-06 17:00:00,65.91347660504043,1.1636531510292762,219.15943585054023,0.0
2024-01-06 18:00:00,61.827455989119706,1.209577756535043,218.19801620485816,0.0
2024-01-06 19:00:00,66.87002690202449,1.143662335842174,220.7618176672832,0.0
2024-01-06 20:00:00,64.65028596064002,1.1450335243885545,220.33847912685277,0.0
2024-01-06 21:00:00,65.64250682339525,1.2741004021656184,222.5830088112681,0.0
2024-01-06 22:00:00,62.07013905240933,1.310588637839621,219.891844301399,0.0
2024-01-06 23:00:00,65.48080657225273,1.0713503137574865,220.67697560420854,0.0
2024-01-07 00:00:00,63.72849938538055,1.046783908770614,218.88458503670304,0.0
2024-01-07 01:00:00,62.703166528909435,1.0781727822284872,217.79387069754284,0.0
2024-01-07 02:00:00,67.20231900742175,0.9197491971600462,221.66952486938018,0.0
2024-01-07 03:00:00,60.386876574409996,0.8819139482961404,222.48651010709415,0.0
2024-01-07 04:00:00,66.69432879294246,1.2594334294449814,221.4113113984765,0.0
2024-01-07 05:00:00,67.05345840065898,1.3877191606350223,220.26245624625906,0.0
2024-01-07 06:00:00,62.36106897334628,1.3742090586290434,218.05181289102944,0.0
2024-01-07 07:00:00,62.5390146166026,0.7236017453726682,222.2832563468539,0.0
2024-01-07 08:00:00,64.3309229562008,1.150986982591348,221.15901863127402,0.0
2024-01-07 09:00:00,65.84610863138666,0.9795816088814882,224.0497572186589,0.0
2024-01-07 10:00:00,64.54143502455733,1.2287474875641713,217.6911520995202,0.0
2024-01-07 11:00:00,66.30068738057564,1.1164352962381237,221.72513300249477,0.0
2024-01-07 12:00:00,70.2889389576122,1.3183823812489177,221.0982130097496,0.0
2024-01-07 13:00:00,63.47684969255086,1.1961693819197317,219.3159455995039,0.0
2024-01-07 14:00:00,59.85446008788974,0.8207996210164221,222.7276697604062,0.0
2024-01-07 15:00:00,67.47777074909196,1.0065828254400917,220.8046902968491,0.0
2024-01-07 16:00:00,70.04994372778259,1.2011570229653308,218.1262139430767,0.0
2024-01-07 17:00:00,66.17830508915337,1.2180220858462172,219.7633219674512,0.0
2024-01-07 18:00:00,61.736753973938995,0.9188646384591996,218.10228238579379,0.0
2024-01-07 19:00:00,64.6283229102944,0.8927080592907756,219.06296856922899,0.0
2024-01-07 20:00:00,61.64442954736511,1.2112490675146357,221.40765230707947,0.0
2024-01-07 21:00:00,66.92856648188884,0.9192665387898944,221.97854809046842,0.0
2024-01-07 22:00:00,60.9461287919047,0.8662741146998427,220.44242466757873,0.0
2024-01-07 23:00:00,64.0996136395154,1.1109718974737317,218.49985024682093,0.0
2024-01-08 00:00:00,61.98698652111828,1.1023107817322697,220.7632168407907,0.0
2024-01-08 01:00:00,65.38047405540489,1.0243199045321396,221.44679927591528,0.0
2024-01-08 02:00:00,63.90097496858672,1.0592526086550074,216.05577650952057,0.0
2024-01-08 03:00:00,65.53028630975079,1.202767144644479,220.23295755006183,0.0
2024-01-08 04:00:00,65.0670516648991,1.055967419264036,219.61962040320134,0.0
2024-01-08 05:00:00,62.04002291682767,1.2141394043329679,221.90742251081915,0.0
2024-01-08 06:00:00,66.88063119058707,1.123906292776533,220.771378329723,0.0
2024-01-08 07:00:00,64.85370304447065,1.2335300310773312,220.96870340294558,0.0
2024-01-08 08:00:00,62.0344129764023,1.375641113087329,219.03617806723807,0.0
2024-01-08 09:00:00,71.72277966861738,1.367849569078119,220.00330343426486,0.0
2024-01-08 10:00:00,66.42929050015137,1.4576420942132167,221.88736993960777,0.0
2024-01-08 11:00:00,64.54021833980208,1.367629379379432,219.87024053405943,0.0
2024-01-08 12:00:00,69.24561358010547,1.2477115063083608,220.34933911146314,0.0
2024-01-08 13:00:00,70.52544682815982,1.113313672471971,216.92808540311586,0.0
2024-01-08 14:00:00,64.56395173305835,1.1224478154367552,219.86291992734556,0.0
2024-01-08 15:00:00,66.04219245930429,1.0244445387128378,215.97600006378778,0.0
2024-01-08 16:00:00,62.03599154599118,1.2009058582103116,218.9677102612835,0.0
2024-01-08 17:00:00,64.55842174769596,1.339477495742387,220.1270311154538,0.0
2024-01-08 18:00:00,64.4028123387204,1.0548664794233957,221.53406158896914,0.0
2024-01-08 19:00:00,65.55448110086496,1.1925564282672452,218.00168011309606,0.0
2024-01-08 20:00:00,65.99828143591103,1.064527554255646,220.7473682869402,0.0
2024-01-08 21:00:00,66.67948534648419,1.2418708660375228,222.93698680872427,0.0
2024-01-08 22:00:00,65.71292796889988,1.0901233232100098,218.71851226856876,0.0
2024-01-08 23:00:00,61.367772120112505,1.0520978857411893,216.9058941565547,0.0
2024-01-09 00:00:00,62.184598682776745,1.064006661013595,220.57967991411417,0.0
2024-01-09 01:00:00,63.36077714160898,1.3006657547691134,217.6160059869274,0.0
2024-01-09 02:00:00,64.15327822423032,1.180650118933929,218.36200285305296,0.0
2024-01-09 03:00:00,68.15232287141635,1.1143156539999928,221.84667388340497,0.0
2024-01-09 04:00:00,61.51118303944126,1.2522809005094422,223.75379855075337,0.0
2024-01-09 05:00:00,63.9277548554879,1.1170967565064698,217.99861976731702,0.0
2024-01-09 06:00:00,67.85902849464215,1.4253035787371406,218.52516051996918,0.0
2024-01-09 07:00:00,64.10036757651017,1.0052267692613486,219.12026207518235,0.0
2024-01-09 08:00:00,66.38124694952847,1.1626056974365435,218.90438389294914,0.0
2024-01-09 09:00:00,64.58137387121629,0.9190469556665998,223.86658502762407,0.0
2024-01-09 10:00:00,65.77034977197417,1.1306251216219811,218.93886434062443,0.0
2024-01-09 11:00:00,64.31458236857138,0.864072900458674,219.22449617094773,0.0
2024-01-09 12:00:00,67.00119641818506,1.3492633045118252,223.23235494634966,0.0
2024-01-09 13:00:00,60.364830777780696,1.3533007534011157,221.1533526230786,0.0
2024-01-09 14:00:00,63.910063974834365,1.3568340347448953,221.9717984658985,0.0
2024-01-09 15:00:00,65.88971803008292,1.2057744960348935,218.1877742539552,0.0
2024-01-09 16:00:00,66.60108574401858,1.0240259190579815,218.93964063364854,0.0
2024-01-09 17:00:00,69.47885786826149,1.03993187359281,217.92056328464207,0.0
2024-01-09 18:00:00,63.82692599940327,1.5060344110441042,221.60252309207164,0.0
2024-01-09 19:00:00,69.43844528558262,1.4871354207599592,222.4504864155669,0.0
2024-01-09 20:00:00,63.02292852002099,1.2245110313901542,218.80045126163697,0.0
2024-01-09 21:00:00,68.98593923463393,1.0968731931839346,219.27151735419145,0.0
2024-01-09 22:00:00,67.45240138009511,1.473724684539702,219.3590198699227,0.0
2024-01-09 23:00:00,62.25962426110333,1.061099367723038,216.90555201344364,0.0
2024-01-10 00:00:00,65.92111771175547,1.2457698416191814,218.6523558444807,0.0
2024-01-10 01:00:00,64.84629249340342,1.4703914610796915,221.5465324295272,0.0
2024-01-10 02:00:00,66.876753781025,1.0327323000670745,218.2491629911098,0.0
2024-01-10 03:00:00,64.33018523470007,1.3658447171274224,220.18596372441,0.0
2024-01-10 04:00:00,64.0782613230148,1.3041121591687739,217.38396205107168,0.0
2024-01-10 05:00:00,69.10728374828855,1.1920966915536877,219.71199817774226,0.0
2024-01-10 06:00:00,64.70383731663298,1.0013132801733768,218.873357690828,0.0
2024-01-10 07:00:00,67.4792669725753,1.0551120479793448,217.55665703243247,0.0
2024-01-10 08:00:00,64.3239455448674,1.2578902145701316,221.58077219231023,0.0
2024-01-10 09:00:00,69.99998977768257,0.9153326410237226,221.69325472240203,0.0
2024-01-10 10:00:00,62.96499611199352,1.22614877180365,218.06092257552805,0.0
2024-01-10 11:00:00,63.157569406258446,1.3082101968123325,219.56763307161253,0.0
2024-01-10 12:00:00,69.5735515433477,1.39704403456182,220.0886373661449,0.0
2024-01-10 13:00:00,63.66516082731424,0.9203285851079555,216.3704764257443,0.0
2024-01-10 14:00:00,69.80322291849318,1.4632494594322547,217.20581454721193,0.0
2024-01-10 15:00:00,67.67552173878444,1.539072698835987,222.57256887273357,0.0
2024-01-10 16:00:00,64.5360508803175,1.2820303135427187,217.86974620699485,0.0
2024-01-10 17:00:00,59.56011958394853,0.9923902837150679,222.5163662165034,0.0
2024-01-10 18:00:00,64.9420450871845,1.1343781423279518,217.30917265123333,0.0
2024-01-10 19:00:00,65.30489016060028,1.1904805509762986,221.3176555542808,0.0
2024-01-10 20:00:00,68.50165319991312,1.2540927017461112,219.37739378497932,0.0
2024-01-10 21:00:00,69.76534152872034,1.2043963105287205,219.65846746169126,0.0
2024-01-10 22:00:00,62.94503846256876,1.2562330285789234,223.71187182706794,0.0
2024-01-10 23:00:00,67.40354529196455,1.1818506485321754,217.49162673136263,0.0
2024-01-11 00:00:00,67.29620646804005,1.2530214189024487,221.18959639252213,0.0
2024-01-11 01:00:00,68.22023810723134,1.1078953157677371,221.10697932711565,0.0
2024-01-11 02:00:00,66.49606973640664,1.1323626566035063,226.70914677833275,0.0
2024-01-11 03:00:00,59.17250692711469,1.0847949659046665,217.84573835953623,0.0
2024-01-11 04:00:00,64.53373270241673,1.5834519069008144,218.74803041299313,0.0
2024-01-11 05:00:00,61.532877275249255,1.4927801572348645,221.6318445716651,0.0
2024-01-11 06:00:00,64.39218268124579,1.311058838002723,219.59947228159626,0.0
2024-01-11 07:00:00,67.94001270840168,1.4650617994535478,219.0738980865365,0.0
2024-01-11 08:00:00,65.91545250762492,1.3596922677955765,221.91502297664633,0.0
2024-01-11 09:00:00,68.4442725991923,1.236254231902811,219.46686312739257,0.0
2024-01-11 10:00:00,66.02526176214062,0.8988857317960632,218.21628185923717,0.0
2024-01-11 11:00:00,61.105022180993295,1.147567215974972,221.45242030952397,0.0
2024-01-11 12:00:00,57.4374589802818,1.1329924215963296,220.75057601605573,0.0
2024-01-11 13:00:00,65.44642628503877,0.9733849653815686,219.37430680878805,0.0
2024-01-11 14:00:00,64.35822060094651,0.9027675450786767,219.27939696247995,0.0
2024-01-11 15:00:00,62.06916278185435,1.298543869313405,218.17018679011886,0.0
2024-01-11 16:00:00,59.898118251045865,1.2649008644741626,221.45019371023068,0.0
2024-01-11 17:00:00,62.79577035958187,0.9665206039864775,219.27978436549125,0.0
2024-01-11 18:00:00,64.41652554540568,1.050824298712762,218.46030819285266,0.0
2024-01-11 19:00:00,66.99763347111917,1.4322444546308326,217.42888966561628,0.0
2024-01-11 20:00:00,65.56589324470394,1.0244606972966879,220.78430871581767,0.0
2024-01-11 21:00:00,69.82420174151818,1.2341597807867604,218.982834042174,0.0
2024-01-11 22:00:00,61.89318783186382,1.1620443400864038,215.97464937202184,0.0
2024-01-11 23:00:00,67.6431766761723,1.3012726942124124,217.59346242071192,0.0
2024-01-12 00:00:00,65.14189622938618,1.0287784694687139,219.53280612868204,0.0
2024-01-12 01:00:00,67.08400737235576,1.2180166955080214,219.58892467016565,0.0
2024-01-12 02:00:00,63.69045541020337,1.2337445154691753,219.5129154992587,0.0
2024-01-12 03:00:00,68.21504112167177,1.246036161245844,219.23448777686488,0.0
2024-01-12 04:00:00,65.88567427503573,1.2158147715925225,217.04829255452717,0.0
2024-01-12 05:00:00,62.961665045246754,1.268921864118822,218.2509029517019,0.0
2024-01-12 06:00:00,64.96392791326043,1.6383540664101621,222.3675539729682,0.0
2024-01-12 07:00:00,64.2813324231887,1.7122595553542213,222.07245625370612,0.0
2024-01-12 08:00:00,66.46753505191339,1.0721567718426557,221.1559035646881,0.0
2024-01-12 09:00:00,61.46066975187647,0.7363514039295002,220.97900520808133,0.0
2024-01-12 10:00:00,64.91194489365292,1.3190990601443946,221.809511816131,0.0
2024-01-12 11:00:00,66.185921757948,1.2372504919802532,217.7584105250158,0.0
2024-01-12 12:00:00,65.0990699215791,1.412208371836716,220.0658567335139,0.0
2024-01-12 13:00:00,69.04082373316699,1.2569771799430633,217.75946569870607,0.0
2024-01-12 14:00:00,67.32206832221316,1.2117207879051437,217.79417106046947,0.0
2024-01-12 15:00:00,64.97755760977776,1.4257813191754445,220.73612987549387,0.0
2024-01-12 16:00:00,65.65006729249302,1.4537561176827682,221.89350087827174,0.0
2024-01-12 17:00:00,65.886996654446,0.9226879882438003,219.61230173115493,0.0
2024-01-12 18:00:00,66.20989881250047,1.0366787625720832,223.298000864419,0.0
2024-01-12 19:00:00,59.523026013006174,1.1788814081422643,220.42356865409107,0.0
2024-01-12 20:00:00,64.09542111269195,1.2196875247849166,218.44642893516698,0.0
2024-01-12 21:00:00,60.54668279541972,1.1548033593295501,217.82654289625265,0.0
2024-01-12 22:00:00,68.83484284237846,1.2868414355723772,222.03626296836944,0.0
2024-01-12 23:00:00,64.81745143999122,1.39922095786342,220.25691823147963,0.0
2024-01-13 00:00:00,64.41997715096113,1.5445419421441455,221.35209475633897,0.0
2024-01-13 01:00:00,67.6903919960997,1.3157826047545798,214.6840734790935,0.0
2024-01-13 02:00:00,66.26697439234962,1.029533264309378,220.48934406869387,0.0
2024-01-13 03:00:00,61.61409645686238,1.1705247549604363,218.97645162300753,0.0
2024-01-13 04:00:00,64.78728391241789,1.1849295517480887,217.21248092816626,0.0
2024-01-13 05:00:00,63.99449908032084,1.3029280479962317,219.87463531410316,0.0
2024-01-13 06:00:00,59.766401334181836,1.2776336066867884,222.18362706730892,0.0
2024-01-13 07:00:00,62.92917130028839,1.610079330222302,224.53245657283944,0.0
2024-01-13 08:00:00,64.4493790339506,1.1076973729490183,220.48430481464501,0.0
2024-01-13 09:00:00,64.65514720552447,1.2769501067533606,218.58170682007696,0.0
2024-01-13 10:00:00,60.55330572896808,1.6709422795488185,218.46099488696308,0.0
2024-01-13 11:00:00,68.45499674914242,1.0829586206192796,221.9262647241304,0.0
2024-01-13 12:00:00,64.69369082332568,1.229029739234071,218.00625176169422,0.0
2024-01-13 13:00:00,65.11265922998169,1.0110238997751968,221.24485475905553,0.0
2024-01-13 14:00:00,66.2019249150195,1.2164173799254863,220.58736237991923,0.0
2024-01-13 15:00:00,62.63577123828899,1.0439565703724716,220.36620278376577,0.0
2024-01-13 16:00:00,66.36906791939809,1.4093601806982692,216.8637628202384,0.0
2024-01-13 17:00:00,63.89877606194545,1.229463771806279,219.28608359554735,0.0
2024-01-13 18:00:00,62.31024337805842,1.0129205480035413,217.0836844172848,0.0
2024-01-13 19:00:00,66.7203424800662,1.3681135395583344,218.82350519736647,0.0
2024-01-13 20:00:00,69.47502157640542,1.2359332077743175,221.83427732304102,0.0
2024-01-13 21:00:00,67.1744881204575,1.390563755444691,222.46211580671113,0.0
2024-01-13 22:00:00,67.7689326954213,0.9704674744104502,220.42789729898178,0.0
2024-01-13 23:00:00,63.4381081803131,1.2737648824497323,218.85931897513203,0.0
2024-01-14 00:00:00,60.20714081249463,1.3546683389289418,223.17619866472083,0.0
2024-01-14 01:00:00,69.47041256629953,1.1153245019528526,218.83281873248765,0.0
2024-01-14 02:00:00,71.16354466821429,0.9481994546063697,217.72862701638198,0.0
2024-01-14 03:00:00,69.62842032130905,1.1916785009259212,221.39296593583356,0.0
2024-01-14 04:00:00,63.99264218306075,1.4456230587561856,220.91546808513942,0.0
2024-01-14 05:00:00,61.536096983813465,1.4251860661268112,218.9148481781483,0.0
2024-01-14 06:00:00,61.8029519065413,1.1143143130488846,220.20045045913915,0.0
2024-01-14 07:00:00,59.948802297157854,0.9433829127247114,220.88431997770354,0.0
2024-01-14 08:00:00,64.67786414476987,1.1137640559300854,220.40735768210362,0.0
2024-01-14 09:00:00,69.81703387424736,1.1063044698536175,220.91787790992916,0.0
2024-01-14 10:00:00,64.57501210438328,1.2892893566609553,218.98857027688004,0.0
2024-01-14 11:00:00,65.90696870104482,1.1789996994191756,221.0524900884792,0.0
2024-01-14 12:00:00,69.12679089291262,1.0493471576525715,220.03511567516657,0.0
2024-01-14 13:00:00,63.7877140645028,1.4208526134521335,219.0563789569273,0.0
2024-01-14 14:00:00,71.10659437015879,1.2280851734889668,219.50823047553345,0.0
2024-01-14 15:00:00,70.97628322249236,1.287083130546188,219.80419632815116,0.0
2024-01-14 16:00:00,64.60666598395855,0.8550029131737464,217.10924332587743,0.0
2024-01-14 17:00:00,63.26739720794236,0.7151470258605428,218.72668150686013,0.0
2024-01-14 18:00:00,67.09171413917093,0.9124908437111183,220.12981103118557,0.0
2024-01-14 19:00:00,63.95742517244343,1.103891314878645,217.29801792922228,0.0
2024-01-14 20:00:00,61.53033434879799,1.3152712035227616,218.76015267637084,0.0
2024-01-14 21:00:00,68.84371596056894,0.7315506259185403,224.76928995674373,0.0
2024-01-14 22:00:00,68.64934216183124,1.5185704128743973,217.7414832703576,0.0
2024-01-14 23:00:00,65.46653481129069,1.2341132053540251,219.23237217469915,0.0
2024-01-15 00:00:00,61.211405738815465,1.472058998589982,218.33256544294252,0.0
2024-01-15 01:00:00,61.31142124634784,1.0228059835051742,219.76625999209332,0.0
2024-01-15 02:00:00,65.32168786525746,1.300771986834498,218.37016331373005,0.0
2024-01-15 03:00:00,63.500386896484905,1.2170391859941574,219.51351375341514,0.0
2024-01-15 04:00:00,63.976721203575174,1.3635372626109108,218.5629059297002,0.0
2024-01-15 05:00:00,68.06588946518,1.1532417264800565,222.11025563273964,0.0
2024-01-15 06:00:00,67.19953795226768,1.2946430418015176,220.1632740754391,0.0
2024-01-15 07:00:00,69.13442804149284,1.4204390637542401,217.99405468607355,0.0
2024-01-15 08:00:00,62.028130329868226,1.0697647412216449,221.6815930476654,0.0
2024-01-15 09:00:00,63.97042529393986,1.24844884649793,218.08346676793977,0.0
2024-01-15 10:00:00,67.27694508638034,0.8224275525555302,216.8718396221767,0.0
2024-01-15 11:00:00,66.34423502303868,1.3405006038126714,219.99391502513438,0.0
2024-01-15 12:00:00,69.59714114776287,1.590932508692498,223.81452884867997,0.0
2024-01-15 13:00:00,66.26161011771221,0.9511127904502609,216.34467174216823,0.0
2024-01-15 14:00:00,70.54432731231665,1.1817237479144114,217.33802415686182,0.0
2024-01-15 15:00:00,66.62005340516943,1.3760962601828226,221.50505132632168,0.0
2024-01-15 16:00:00,68.18650234276598,1.20628349469331,218.71535720077608,0.0
2024-01-15 17:00:00,64.02945515964663,1.2330199102986452,221.2238971344931,0.0
2024-01-15 18:00:00,65.04286163565197,1.1218001116952723,218.32502218611612,0.0
2024-01-15 19:00:00,67.73283321151843,1.114369549382417,220.28392435481834,0.0
2024-01-15 20:00:00,69.83893451177916,1.1826611692829243,223.48894785077098,0.0
2024-01-15 21:00:00,67.18771084793227,1.208334284427871,217.61082070595626,0.0
2024-01-15 22:00:00,64.75048468419614,0.963711747684538,222.0475216202746,0.0
2024-01-15 23:00:00,69.13200508858503,1.1867956028107942,221.35941359326418,0.0
2024-01-16 00:00:00,58.424064031160356,1.5137067877418653,217.02151149780218,0.0
2024-01-16 01:00:00,60.73329649547938,1.116173241282219,221.11780104748354,0.0
2024-01-16 02:00:00,67.04490267100516,0.9525490034250744,220.14561225772522,0.0
2024-01-16 03:00:00,65.04232506875937,1.1697167864027147,220.18218801982746,0.0
2024-01-16 04:00:00,66.8165409533725,1.0570774375751406,220.6730351329034,0.0
2024-01-16 05:00:00,65.19322256729582,0.9323316349356121,219.2992683111684,0.0
2024-01-16 06:00:00,66.71283708381162,1.227833692346524,220.1401979178848,0.0
2024-01-16 07:00:00,62.55679153702043,1.0579435925697844,220.4829048500806,0.0
2024-01-16 08:00:00,66.71145825823908,1.075057166629345,221.49211587777106,0.0
2024-01-16 09:00:00,67.98324358462276,1.2306854760770778,216.94567793324384,0.0
2024-01-16 10:00:00,68.6616518117937,0.8933650809275331,222.5817717929822,0.0
2024-01-16 11:00:00,71.0406628839461,0.851686069949775,217.6894193138816,0.0
2024-01-16 12:00:00,65.73229533050716,1.3341744389003862,221.52325692829277,0.0
2024-01-16 13:00:00,65.82173326054154,0.8138332798551833,220.15889019854555,0.0
2024-01-16 14:00:00,60.43048260747845,1.0046644609385291,217.4376873144026,0.0
2024-01-16 15:00:00,63.405765796584724,0.8400320929223124,221.056290939408,0.0
2024-01-16 16:00:00,64.42075377798017,1.1027727066302335,218.10918672160966,0.0
2024-01-16 17:00:00,68.15095865682906,1.285611749530233,222.13759111031527,0.0
2024-01-16 18:00:00,63.16699662773111,1.2224675897464752,218.57833032299752,0.0
2024-01-16 19:00:00,67.38902005924649,1.6783746778914568,217.01002780478925,0.0
2024-01-16 20:00:00,64.99513484910986,1.4173831235578,223.06769021007258,0.0
2024-01-16 21:00:00,64.46849565465571,1.0137684299686798,220.36264734247382,0.0
2024-01-16 22:00:00,65.74668190739978,0.9605889990347178,221.73438225152262,0.0
2024-01-16 23:00:00,63.826530883241475,1.7413375881951003,218.29705624249326,0.0
2024-01-17 00:00:00,64.06500093177834,1.4688524293156866,216.2163789265836,0.0
2024-01-17 01:00:00,60.58986763474233,1.4305499777919426,223.35040484817554,0.0
2024-01-17 02:00:00,65.31247540618534,1.3839844469501659,219.9871463756421,0.0
2024-01-17 03:00:00,64.96854626577917,1.4800564261710596,220.9827037883271,0.0
2024-01-17 04:00:00,65.21262041223446,1.1852754857485852,221.31319156119653,0.0
2024-01-17 05:00:00,68.36329524410816,1.569436003053438,219.32921789396863,0.0
2024-01-17 06:00:00,69.4406845907659,1.6086124766749013,220.45245909523103,0.0
2024-01-17 07:00:00,68.51348492237769,1.4698764567318168,223.1879051850109,0.0
2024-01-17 08:00:00,71.15525965585546,1.599336962807431,219.93511754224133,0.0
2024-01-17 09:00:00,70.24781253805448,2.066415560378852,221.88420263283916,0.0
2024-01-17 10:00:00,67.98807086720278,1.7946833258001824,216.01750603993875,0.0
2024-01-17 11:00:00,67.83678325553291,2.2902905985347912,222.24752126063842,0.0
2024-01-17 12:00:00,70.51593149903294,1.5842584788997063,216.95599140398807,0.0
2024-01-17 13:00:00,71.65087879449443,1.8843063571210477,222.018817648067,0.0
2024-01-17 14:00:00,74.47522306193957,1.7356147122858274,220.78126244090254,0.0
2024-01-17 15:00:00,74.2073219517217,1.8595239599258586,219.80815864785225,0.0
2024-01-17 16:00:00,69.36149647343625,1.99210533774138,219.80082355758415,0.0
2024-01-17 17:00:00,71.0320093286323,2.2771464323963717,219.49453781328532,0.0
2024-01-17 18:00:00,73.70319425982373,2.323787769427345,218.35866096111286,0.0
2024-01-17 19:00:00,75.24624685530367,2.1909024994547606,219.5880474427399,0.0
2024-01-17 20:00:00,75.21127460329748,1.9375386800819794,224.41611815501818,0.0
2024-01-17 21:00:00,72.5548453747454,2.7349751943247407,222.60461342156947,0.0
2024-01-17 22:00:00,69.33652359201022,2.4386217046800525,218.25799364295514,0.0
2024-01-17 23:00:00,70.45389509661534,2.3288546419961103,220.53537480465457,0.0
2024-01-18 00:00:00,74.62071744436669,2.6634368604393694,220.19195832647287,0.0
2024-01-18 01:00:00,75.18160631573782,2.705677766499001,219.71541311398065,0.0
2024-01-18 02:00:00,71.21100413321797,2.6565914675633873,217.99444488672503,0.0
2024-01-18 03:00:00,74.99286376224529,2.807170991860695,220.8917959696133,0.0
2024-01-18 04:00:00,77.10494067654916,2.6027968488198048,221.69214325982927,0.0
2024-01-18 05:00:00,72.1097003091687,3.042123413705719,218.33220262986643,0.0
2024-01-18 06:00:00,79.23048456315972,2.7471054542880626,223.91108283457842,0.0
2024-01-18 07:00:00,75.13501218812334,2.8817029703477646,223.0440064984711,0.0
2024-01-18 08:00:00,80.3925576475891,3.1889152928077795,221.09633111790245,0.0
2024-01-18 09:00:00,75.3714736485878,3.3562847507485256,217.53656059466238,0.0
2024-01-18 10:00:00,74.2440672133193,3.488985899524761,220.80281725196912,0.0
2024-01-18 11:00:00,76.30164536850302,3.4393286617778216,220.56395600312894,0.0
2024-01-18 12:00:00,77.74272464485256,3.2196926054931647,221.026310552437,0.0
2024-01-18 13:00:00,77.2148419698264,3.032638456602443,223.18092854457947,0.0
2024-01-18 14:00:00,78.08439010147785,3.678194215712128,219.64805189076677,0.0
2024-01-18 15:00:00,80.08640249128209,3.7276603245415587,224.0956531593115,0.0
2024-01-18 16:00:00,78.92308160892065,3.375463924258878,220.8130086919875,0.0
2024-01-18 17:00:00,79.59039521251017,3.7504349906635035,219.41907364867748,0.0
2024-01-18 18:00:00,75.01316587281474,3.556099652481458,224.79875441341284,0.0
2024-01-18 19:00:00,81.66805179451029,3.979128616138966,221.65978380004017,0.0
2024-01-18 20:00:00,80.57746052946021,3.6322383351248773,219.09053222608506,0.0
2024-01-18 21:00:00,86.02806204004017,4.187279553284348,220.1684331778929,0.0
2024-01-18 22:00:00,78.73060027288602,4.005111433463311,221.27046604370906,0.0
2024-01-18 23:00:00,76.47652246520568,4.263734321049873,219.69827794642933,0.0
2024-01-19 00:00:00,84.10772660855069,3.867803926351714,220.2678157380899,0.0
2024-01-19 01:00:00,83.6452148577559,4.097907329339543,218.36559279267456,0.0
2024-01-19 02:00:00,79.9324474172798,3.8793835969508454,216.6296109383842,0.0
2024-01-19 03:00:00,78.72061228991731,4.298375315212572,220.21283864548943,0.0
2024-01-19 04:00:00,88.27416202303877,4.365723799525171,220.28005564445178,0.0
2024-01-19 05:00:00,88.2564156788626,4.721658304766998,221.0542391831157,0.0
2024-01-19 06:00:00,76.9038269069802,4.394999508739704,218.8476205857876,0.0
2024-01-19 07:00:00,83.34364077138542,4.499748417966008,217.31889141091867,0.0
2024-01-19 08:00:00,90.06299869956297,4.317101530333047,218.0693510605053,0.0
2024-01-19 09:00:00,83.994347537934,4.575881508329864,222.11126751367965,0.0
2024-01-19 10:00:00,84.302811185244,4.447965420234314,218.66677737558487,0.0
2024-01-19 11:00:00,85.27848258049218,4.603453841909245,205.1138490092795,0.0
2024-01-19 12:00:00,83.11618231813213,4.671522850619018,204.57534905397256,0.0
2024-01-19 13:00:00,81.71665868280883,4.62249677180904,204.049097595289,0.0
2024-01-19 14:00:00,90.34074052375354,4.761884793956286,211.31662321688205,0.0
2024-01-19 15:00:00,82.00640054886262,4.7305747688742175,208.28879925511362,0.0
2024-01-19 16:00:00,88.62913829998824,4.786025605979148,215.2065728905863,0.0
2024-01-19 17:00:00,90.89917509799125,5.133642789455384,212.68037354301538,0.0
2024-01-19 18:00:00,84.23787039907117,5.009730615689226,217.178800490885,0.0
2024-01-19 19:00:00,86.17085676404577,5.100399169933013,216.29266772020586,0.0
2024-01-19 20:00:00,92.9353122130621,4.795862989864865,206.32948085826376,0.0
2024-01-19 21:00:00,91.24656248462479,5.2283536381970634,212.03986296182552,0.0
2024-01-19 22:00:00,88.14814287936335,5.306084692795047,211.03931722088998,0.0
2024-01-19 23:00:00,68.60674701008351,1.1203322754622493,222.2336192887067,1.0
2024-01-20 00:00:00,68.61960717036291,1.6170059352521382,218.51705759351486,0.0
2024-01-20 01:00:00,65.80715807904713,0.742154547163187,217.89170048727257,0.0
2024-01-20 02:00:00,62.29951931637901,1.3568734271541092,217.1319082786938,0.0
2024-01-20 03:00:00,63.75965388958461,1.3425609609909723,219.39465017804238,0.0
2024-01-20 04:00:00,65.85916023186617,1.3083165863998822,221.8298905250566,0.0
2024-01-20 05:00:00,64.43421551255753,1.2352425411277246,220.51233443372263,0.0
2024-01-20 06:00:00,67.81687153470456,1.3101358645250074,217.5947034697277,0.0
2024-01-20 07:00:00,60.41067775967199,1.3736350959111787,224.3053181807238,0.0
2024-01-20 08:00:00,60.517209412801286,1.054822483233601,221.29907727898313,0.0
2024-01-20 09:00:00,65.5426133344473,1.2598391244360179,221.55482023151538,0.0
2024-01-20 10:00:00,63.52536675857929,1.163336631595339,222.57005765469532,0.0
2024-01-20 11:00:00,63.118854155906774,0.9812463199548982,216.71956882274844,0.0
2024-01-20 12:00:00,59.69582984247681,1.343433994922658,218.17713172282424,0.0
2024-01-20 13:00:00,65.05863753439455,1.0871279150631934,221.64602271384854,0.0
2024-01-20 14:00:00,64.8417346759977,0.9004282650441064,218.37852334395706,0.0
2024-01-20 15:00:00,66.96043694585522,1.09217786785967,219.4499730554899,0.0
2024-01-20 16:00:00,65.20671839936291,1.0402202203813737,219.8445186943374,0.0
2024-01-20 17:00:00,64.60218776527852,1.4056958018380221,217.44518922274017,0.0
2024-01-20 18:00:00,68.53100191037102,1.2306386281116155,219.2783656357327,0.0
2024-01-20 19:00:00,61.06259808965435,1.4764765491379879,221.82900643470367,0.0
2024-01-20 20:00:00,66.60916765654272,1.066688753753391,221.4589077796357,0.0
2024-01-20 21:00:00,59.98655850561396,1.3748339743792999,222.22602932393494,0.0
2024-01-20 22:00:00,62.484914359997575,1.7679245829615824,222.01975174758158,0.0
2024-01-20 23:00:00,61.36202860213006,1.271206493425428,220.81174785140516,0.0
2024-01-21 00:00:00,67.34582760635575,1.3723297724646306,220.6533569966194,0.0
2024-01-21 01:00:00,64.80376929921381,1.3387035328450811,220.50666152021324,0.0
2024-01-21 02:00:00,64.95949026622107,0.9155849345148346,218.74590566549207,0.0
2024-01-21 03:00:00,61.67980103681165,1.31716345949349,217.94011055255876,0.0
2024-01-21 04:00:00,64.10091951220133,1.2612912641299137,218.6208053077602,0.0
2024-01-21 05:00:00,62.709604090072666,1.1480505233203382,219.34794136688507,0.0
2024-01-21 06:00:00,66.15036504456265,1.0231927251590238,218.68834811051445,0.0
2024-01-21 07:00:00,62.02672659400516,1.3387966480654074,220.82766347696784,0.0
2024-01-21 08:00:00,68.98938309561522,1.0055192520778757,220.4037904321285,0.0
2024-01-21 09:00:00,59.973258651127715,1.6267291209363794,220.61864699744044,0.0
2024-01-21 10:00:00,62.58044050263032,1.2228338166976256,220.70281613183155,0.0
2024-01-21 11:00:00,70.0316015298983,0.9553385904426992,222.39132787556906,0.0
2024-01-21 12:00:00,63.6945837561139,1.0972007443343321,219.98285421522579,0.0
2024-01-21 13:00:00,61.05536400678676,1.1443731323420365,222.01673886766923,0.0
2024-01-21 14:00:00,65.657214687613,1.682475330784769,221.03317071595833,0.0
2024-01-21 15:00:00,63.573823273356375,1.0230822106381008,222.25926707327017,0.0
2024-01-21 16:00:00,62.49238923314508,1.1767565473497226,223.22925966877315,0.0
2024-01-21 17:00:00,61.71238756760385,1.0924343260269955,221.15329915995815,0.0
2024-01-21 18:00:00,73.30512081687783,1.2998516971163327,220.207536499344,0.0
2024-01-21 19:00:00,64.2453442994476,1.095623317258991,220.19461563488662,0.0
2024-01-21 20:00:00,59.22329791900137,0.9721886667720578,219.05966784087633,0.0
2024-01-21 21:00:00,69.4811292770166,1.1609410840407601,218.9924557068479,0.0
2024-01-21 22:00:00,66.83321271533171,1.1401212313335514,221.80423432662306,0.0
2024-01-21 23:00:00,62.700600706940634,1.0815511244751972,218.07265941510488,0.0
2024-01-22 00:00:00,62.20064273394158,1.0922379282205765,223.22954527112446,0.0
2024-01-22 01:00:00,67.0204183884747,1.4369391595762007,219.69655349419196,0.0
2024-01-22 02:00:00,64.25924501753164,1.136051957146499,225.72415578624563,0.0
2024-01-22 03:00:00,59.2220665446647,0.9731744675043135,218.61376914634076,0.0
2024-01-22 04:00:00,70.36171989381401,1.1075768072400287,220.50037783996066,0.0
2024-01-22 05:00:00,63.69802861335213,1.2108671318930784,219.29630145950316,0.0
2024-01-22 06:00:00,69.48671520944728,0.9327460726897292,218.41383181691344,0.0
2024-01-22 07:00:00,68.83530487389714,1.5251955920012796,222.12760070175744,0.0
2024-01-22 08:00:00,61.996971366551556,1.3735158955012543,217.78889161120438,0.0
2024-01-22 09:00:00,68.09956959308944,1.4860345487237558,218.64785098605154,0.0
2024-01-22 10:00:00,63.04567235040896,1.2784256250975365,221.17263941782983,0.0
2024-01-22 11:00:00,59.399898239588175,0.7812605099739798,221.48992162189882,0.0
2024-01-22 12:00:00,63.72620550193357,1.5070667433277027,217.21622915754494,0.0
2024-01-22 13:00:00,66.19291250532883,1.0272863280580213,221.16335377043075,0.0
2024-01-22 14:00:00,63.61179005601099,1.0435626511995801,220.25779982683267,0.0
2024-01-22 15:00:00,64.0788549772247,1.2312650287910887,218.16455328427693,0.0
2024-01-22 16:00:00,68.43069813478584,1.4756459693340298,218.4222369293289,0.0
2024-01-22 17:00:00,65.31948194087028,1.41065742679048,215.9330971441032,0.0
2024-01-22 18:00:00,62.470105066145145,1.3812562240352042,223.43488885559515,0.0
2024-01-22 19:00:00,67.10609097100198,1.1376345894250892,222.030840829954,0.0
2024-01-22 20:00:00,65.59302670086274,1.1344784947815776,217.42170997964357,0.0
2024-01-22 21:00:00,57.43518559561387,1.2691887335960133,221.5978153455836,0.0
2024-01-22 22:00:00,66.28505874131434,1.1739858317432934,218.85195531210067,0.0
2024-01-22 23:00:00,66.1754861231483,1.3778635814658706,221.8296210726994,0.0
2024-01-23 00:00:00,65.06036338874257,1.3660235328990453,219.00785286168184,0.0
2024-01-23 01:00:00,67.67510174320873,1.3182682642345411,219.27329180978407,0.0
2024-01-23 02:00:00,62.982819247020494,0.6948077436461242,219.42330546448468,0.0
2024-01-23 03:00:00,66.0094993664627,1.2255976727354527,218.68528931667737,0.0
2024-01-23 04:00:00,60.29912188649794,1.1782292238534597,222.7985427504666,0.0
2024-01-23 05:00:00,66.2212711501965,1.2336051203519063,221.79705398616295,0.0
2024-01-23 06:00:00,70.85917908661969,1.0491350722907185,220.21989707666657,0.0
2024-01-23 07:00:00,62.015430942597376,0.9350428179201549,222.0491363279716,0.0
2024-01-23 08:00:00,62.72059360403667,1.292627695995008,216.74585656950907,0.0
2024-01-23 09:00:00,62.86995367132534,1.1287397364535876,217.54308244289794,0.0
2024-01-23 10:00:00,65.38999467740479,1.3149385987415199,220.94910952471594,0.0
2024-01-23 11:00:00,61.81089118143885,1.0658171244630457,221.47107311161577,0.0
2024-01-23 12:00:00,66.26374213607293,1.4831821280985353,220.5588150925115,0.0
2024-01-23 13:00:00,67.5405198364075,1.4002129685141527,216.23461064984338,0.0
2024-01-23 14:00:00,66.60304164036135,1.259365421709176,217.87533095132451,0.0
2024-01-23 15:00:00,59.69475372308578,1.1573423173228106,220.83318373300833,0.0
2024-01-23 16:00:00,67.98550299547581,1.3704817755596395,224.85294457848252,0.0
2024-01-23 17:00:00,67.81210224276104,1.2785095630474812,222.43582533011687,0.0
2024-01-23 18:00:00,67.49048411703892,1.247716837586121,223.15460859694156,0.0
2024-01-23 19:00:00,66.11852674596747,1.4085730819119218,220.6794508443806,0.0
2024-01-23 20:00:00,65.6605679426154,1.485307230881328,220.66498196157875,0.0
2024-01-23 21:00:00,68.0971681943792,0.949517763102891,217.93302906548786,0.0
2024-01-23 22:00:00,70.77054046281036,0.9899231785300386,221.90364410610323,0.0
2024-01-23 23:00:00,62.14087860990545,1.0439478549042405,219.853636594918,0.0
2024-01-24 00:00:00,68.23437618738431,0.8995150804712896,221.38546475092744,0.0
2024-01-24 01:00:00,64.74134870597764,1.1874502948861698,220.06137270576187,0.0
2024-01-24 02:00:00,64.61098084391419,1.3200232910489011,220.55823684950147,0.0
2024-01-24 03:00:00,60.39040792885388,1.1957163410095326,219.82454376740276,0.0
2024-01-24 04:00:00,64.14563177145382,1.0931756716774208,220.44924939564578,0.0
2024-01-24 05:00:00,62.00820512609475,1.4252915514258315,222.00015311509046,0.0
2024-01-24 06:00:00,63.60843671148216,1.22811128064135,217.46754094186156,0.0
2024-01-24 07:00:00,61.70544084866555,1.2685965934732637,217.0141551473698,0.0
2024-01-24 08:00:00,63.65327483806098,1.430846960979952,220.8517291552778,0.0
2024-01-24 09:00:00,63.78166892892979,1.1753516122297731,222.88114859581523,0.0
2024-01-24 10:00:00,65.2902647553164,1.6120428145249361,223.38548923360216,0.0
2024-01-24 11:00:00,60.15575041312601,1.1104369992256466,217.55117956457985,0.0
2024-01-24 12:00:00,60.66344555676403,1.5995896409025798,219.19425232919525,0.0
2024-01-24 13:00:00,66.08574281219158,1.0050529636175158,217.04156949111018,0.0
2024-01-24 14:00:00,62.607685648789705,1.3034969805760883,218.89877674722575,0.0
2024-01-24 15:00:00,68.2235893706898,1.0714935662387526,222.24569619009873,0.0
2024-01-24 16:00:00,65.67580916604514,1.4239132233962184,219.9742164328832,0.0
2024-01-24 17:00:00,66.82028645061922,1.1043534784283142,219.25225184075242,0.0
2024-01-24 18:00:00,69.23207696126269,1.2581742381288172,221.09017151282242,0.0
2024-01-24 19:00:00,64.07086756458028,1.069891600791686,218.40989582038105,0.0
2024-01-24 20:00:00,63.27653988375117,1.387445034733323,223.18595672976372,0.0
2024-01-24 21:00:00,67.61510775679643,1.0688497478721721,220.01456994448296,0.0
2024-01-24 22:00:00,66.52854069178906,1.5366829689485337,219.1964115140802,0.0
2024-01-24 23:00:00,64.4380090705361,1.0008005786077219,221.17369846959122,0.0
2024-01-25 00:00:00,69.17437390086782,0.9308744163343705,221.87857232042208,0.0
2024-01-25 01:00:00,64.3632670704802,1.3903104156158173,223.19195048029852,0.0
2024-01-25 02:00:00,65.09832091266735,1.0816712719472956,219.58006218748366,0.0
2024-01-25 03:00:00,65.06366795250277,1.198552537310093,222.17211304538745,0.0
2024-01-25 04:00:00,62.196218315304584,1.1355517692328558,220.2024232238,0.0
2024-01-25 05:00:00,65.23275616845918,0.9374783465694618,218.7772399580526,0.0
2024-01-25 06:00:00,69.19028053219547,1.1846012671723323,218.44637694199153,0.0
2024-01-25 07:00:00,66.33490494612853,1.4529831789944603,217.80603311273399,0.0
2024-01-25 08:00:00,65.09319027919679,1.400627400661113,218.51661200222176,0.0
2024-01-25 09:00:00,64.51469815650299,1.246358552525185,222.23141324352017,0.0
2024-01-25 10:00:00,65.99260108521905,1.4224536586070213,221.41341920357206,0.0
2024-01-25 11:00:00,67.24929988546755,0.9880962830611646,217.5175766881161,0.0
2024-01-25 12:00:00,66.82771649266925,1.1349091342189987,216.50721815957013,0.0
2024-01-25 13:00:00,64.00440541453406,1.2791609881460415,217.77541368840718,0.0
2024-01-25 14:00:00,65.97434478233035,1.1739170346365777,218.4465275835057,0.0
2024-01-25 15:00:00,66.43981922344483,1.1506353339046884,219.39346857884598,0.0
2024-01-25 16:00:00,61.97841503741907,0.959871253535781,222.34572704601743,0.0
2024-01-25 17:00:00,65.50469162355108,0.7837317222714577,218.90456628220068,0.0
2024-01-25 18:00:00,58.51608834109291,1.3635732849899271,223.36099992035454,0.0
2024-01-25 19:00:00,66.44760112946355,1.2486443146504451,216.63960021535726,0.0
2024-01-25 20:00:00,66.98102916368805,1.3803996756420185,219.30273495847538,0.0
2024-01-25 21:00:00,67.24263837735938,1.112552811568325,221.5710973382728,0.0
2024-01-25 22:00:00,63.8148594434913,1.057444423034481,221.69441050473287,0.0
2024-01-25 23:00:00,65.9271405050721,1.2013095933273268,219.32857208722322,0.0
2024-01-26 00:00:00,69.2718615366235,1.3708399297225633,222.0035068675684,0.0
2024-01-26 01:00:00,69.24130894487378,1.1537095570024691,221.62439288501378,0.0
2024-01-26 02:00:00,64.91248190232032,1.3603570368656972,218.635770681375,0.0
2024-01-26 03:00:00,65.41795889218868,0.9987383988813826,220.62985693688884,0.0
2024-01-26 04:00:00,68.3327334342033,1.1677105733660265,221.4072265681537,0.0
2024-01-26 05:00:00,60.49759395421348,1.1859771711843938,218.77893046485434,0.0
2024-01-26 06:00:00,64.03077277196893,1.445277988784384,223.38865090053832,0.0
2024-01-26 07:00:00,69.00671136661028,1.2415254796031816,218.32927610676472,0.0
2024-01-26 08:00:00,67.9256016250543,1.5492155036588389,220.28818576658904,0.0
2024-01-26 09:00:00,66.10779133294972,0.9304630400105034,217.50044536716098,0.0
2024-01-26 10:00:00,60.48250278400814,1.2259837808822558,220.2067203973251,0.0
2024-01-26 11:00:00,64.85026930087652,1.2358796078360892,217.86585356785835,0.0
2024-01-26 12:00:00,63.2302538112502,1.3240186395173734,219.41174171734147,0.0
2024-01-26 13:00:00,65.99311670845164,1.0373280127102218,216.8268048773578,0.0
2024-01-26 14:00:00,62.57195994561536,1.536889267882167,221.59962680065144,0.0
2024-01-26 15:00:00,62.274942491132514,1.258930816463366,220.71256009948323,0.0
2024-01-26 16:00:00,59.50962951906175,1.0952625537510445,222.1748211072734,0.0
2024-01-26 17:00:00,69.72175208309912,1.3658090864243184,219.30438967072033,0.0
2024-01-26 18:00:00,65.20913916989619,1.3627198081000336,222.267694733762,0.0
2024-01-26 19:00:00,67.2320007313893,2.038337169294536,220.07855929078968,0.0
2024-01-26 20:00:00,67.1059617069155,1.7480168889190872,220.22633491885748,0.0
2024-01-26 21:00:00,64.26248693351286,1.604298468324742,224.22810665070386,0.0
2024-01-26 22:00:00,64.03970667410613,1.6283208883122717,219.0306480701228,0.0
2024-01-26 23:00:00,65.15306870651534,1.8972536260174198,222.4549180623097,0.0
2024-01-27 00:00:00,66.3516214440752,1.9631527137557838,220.95936988109523,0.0
2024-01-27 01:00:00,69.97305817766113,1.237408325995025,218.85619021550903,0.0
2024-01-27 02:00:00,66.83819912211422,2.004654968974836,217.36861821907306,0.0
2024-01-27 03:00:00,74.81693668351626,1.9379876749929084,217.933829899089,0.0
2024-01-27 04:00:00,73.01103057246819,1.726503630008802,222.26134959570902,0.0
2024-01-27 05:00:00,72.7067687898422,2.2211132504600464,223.4687990536739,0.0
2024-01-27 06:00:00,70.27482610948196,2.5506460534158784,220.18287980642046,0.0
2024-01-27 07:00:00,75.5287577001192,2.2691056682387956,220.28776352524224,0.0
2024-01-27 08:00:00,70.6840112756507,2.4341701954936266,221.55290686631298,0.0
2024-01-27 09:00:00,71.59635660260768,2.6312463536041486,220.14660405870637,0.0
2024-01-27 10:00:00,72.55217714037457,2.1607081332362714,222.19940007594064,0.0
2024-01-27 11:00:00,74.49983531881314,2.0115843025159124,220.58324450132636,0.0
2024-01-27 12:00:00,74.65720311024839,2.57080983238021,220.27108262730488,0.0
2024-01-27 13:00:00,71.67321571396197,2.4462523405990337,218.60157430501175,0.0
2024-01-27 14:00:00,71.85172306707426,2.277277985582029,218.10946584105344,0.0
2024-01-27 15:00:00,75.7225257728647,2.5928167169981933,213.6818239729095,0.0
2024-01-27 16:00:00,76.30063932913848,2.8102982071524902,222.46823359988375,0.0
2024-01-27 17:00:00,73.32698887905251,2.691332427610508,219.70678588955536,0.0
2024-01-27 18:00:00,70.0975907205421,2.620099262585387,219.19920531052844,0.0
2024-01-27 19:00:00,74.58931931760907,2.789101404842106,216.09658540722913,0.0
2024-01-27 20:00:00,77.43395767816772,2.8862455520101533,218.71977446845528,0.0
2024-01-27 21:00:00,81.33174349700582,2.56058242071422,218.4566270834342,0.0
2024-01-27 22:00:00,72.67373174678083,2.9742619107743122,218.41045382553844,0.0
2024-01-27 23:00:00,75.34000455136743,2.7902868351484864,220.66567228630527,0.0
2024-01-28 00:00:00,75.80362030133936,3.247298148150698,220.244497106392,0.0
2024-01-28 01:00:00,81.39135968026633,2.8596224707981373,217.2774081327606,0.0
2024-01-28 02:00:00,77.57123183665226,3.4307074549946943,217.40431780018534,0.0
2024-01-28 03:00:00,75.30618933596772,3.2026740284107325,217.40064289533927,0.0
2024-01-28 04:00:00,80.0563675389063,3.232249929068133,223.62105217513437,0.0
2024-01-28 05:00:00,77.51847880607434,3.456074018051944,222.98544525738325,0.0
2024-01-28 06:00:00,75.41134522217965,3.280314237715885,218.2954020018008,0.0
2024-01-28 07:00:00,76.75829979648141,3.5656083057555903,216.04681136000855,0.0
2024-01-28 08:00:00,84.99085825763405,3.4197754281609174,220.25608848602505,0.0
2024-01-28 09:00:00,81.29347273537091,3.5111883088026516,220.09388023247536,0.0
2024-01-28 10:00:00,80.8162379128365,3.7599440733024467,220.6338339739768,0.0
2024-01-28 11:00:00,80.09538921509908,3.5074951208587573,221.48274778495465,0.0
2024-01-28 12:00:00,82.07362962494796,3.5386818354221763,220.90340790679187,0.0
2024-01-28 13:00:00,82.39000361265538,3.89753242542573,217.7671209369995,0.0
2024-01-28 14:00:00,82.77791493532621,3.898845381614799,220.58808217432804,0.0
2024-01-28 15:00:00,82.59805639759382,3.9943019292435684,221.7076471506713,0.0
2024-01-28 16:00:00,85.21202881773354,4.082429255794988,218.55199655399326,0.0
2024-01-28 17:00:00,83.02705951687543,4.084714547381115,220.5999129375117,0.0
2024-01-28 18:00:00,80.37604264827166,4.251195989582146,218.89443856506438,0.0
2024-01-28 19:00:00,81.82470315828331,4.205402750353478,223.99233944188245,0.0
2024-01-28 20:00:00,78.07702842657312,3.8407927411916996,217.34634572226597,0.0
2024-01-28 21:00:00,90.44664853122578,3.9490146303634033,222.3118978730572,0.0
2024-01-28 22:00:00,87.30657363501298,4.740519413513205,216.65837447714947,0.0
2024-01-28 23:00:00,82.58021104982356,4.411281979045576,223.58610537043322,0.0
2024-01-29 00:00:00,84.5770006630763,4.6576539641462364,217.7169018651512,0.0
2024-01-29 01:00:00,83.86401846470464,4.454802880846415,220.37934308797867,0.0
2024-01-29 02:00:00,90.75440219750263,4.568678671262059,206.02008671397064,0.0
2024-01-29 03:00:00,82.21924174662382,4.545946787455691,206.71110875426848,0.0
2024-01-29 04:00:00,87.1744140919493,5.186143212771146,213.20182808640922,0.0
2024-01-29 05:00:00,86.85751506385475,4.799944259120716,208.55069165727852,0.0
2024-01-29 06:00:00,90.36783983578931,4.7550002498846755,214.94699678724004,0.0
2024-01-29 07:00:00,88.27952161260056,4.644339944637905,215.6297793793074,0.0
2024-01-29 08:00:00,84.021148017921,5.482070632209142,207.18194488564058,0.0
2024-01-29 09:00:00,89.24664649607266,5.167344322954339,206.1548171518896,0.0
2024-01-29 10:00:00,87.78773869828271,5.461521880250348,204.16278809706537,0.0
2024-01-29 11:00:00,91.64718934389502,5.596551570737365,208.94558247620645,0.0
2024-01-29 12:00:00,96.415207165899,5.4454620643280105,209.64699336794098,0.0
2024-01-29 13:00:00,87.59862567575387,5.785194780429344,209.4849741730789,0.0
2024-01-29 14:00:00,65.76834587830733,1.5862145961708032,221.09605722417587,1.0
2024-01-29 15:00:00,66.86304789921289,1.5652950092822575,218.63669841886144,0.0
2024-01-29 16:00:00,67.72834615038008,2.0526112483615977,221.40821708593288,0.0
2024-01-29 17:00:00,71.44572910499178,1.8444184620637292,221.3082767519026,0.0
2024-01-29 18:00:00,69.05683153604824,2.0360969329177143,221.44663515777805,0.0
2024-01-29 19:00:00,71.17698564195007,2.0709165931425515,219.1844152459788,0.0
2024-01-29 20:00:00,68.40437100964974,2.172656814546269,221.55984432965715,0.0
2024-01-29 21:00:00,71.32357585315522,1.7901010638639003,221.04000456135037,0.0
2024-01-29 22:00:00,73.31930838559089,2.0406883726099654,221.28036928951312,0.0
2024-01-29 23:00:00,69.14112951980282,2.1491894755429684,223.35557712617705,0.0
2024-01-30 00:00:00,74.03421520448997,2.1041268006309695,220.6555483798508,0.0
2024-01-30 01:00:00,72.19937182730948,2.412561932983559,218.78607555200506,0.0
2024-01-30 02:00:00,75.53074691862986,2.6204772070684754,217.77909093800108,0.0
2024-01-30 03:00:00,72.14221917300851,2.7084735507875695,222.25587231998765,0.0
2024-01-30 04:00:00,74.24232551478207,2.427933694845347,220.7146153520709,0.0
2024-01-30 05:00:00,73.32888553031653,2.6105058485479193,223.34004397664046,0.0
2024-01-30 06:00:00,73.5141801152867,2.6975794051233724,215.94089561759907,0.0
2024-01-30 07:00:00,74.93172086214186,2.789039951235072,221.82133417557287,0.0
2024-01-30 08:00:00,76.11746466119583,2.5454997459488515,219.47772532915874,0.0
2024-01-30 09:00:00,71.11046019380545,3.1415808423853875,219.29295801023767,0.0
2024-01-30 10:00:00,79.51216843208744,3.0191068537706975,218.47038431970282,0.0
2024-01-30 11:00:00,69.98439116004074,3.0806707138089107,221.79914202777027,0.0
2024-01-30 12:00:00,73.8610566285298,3.1871708846195164,221.22707235456645,0.0
2024-01-30 13:00:00,75.98479842150812,3.1096440898616473,217.71523594992112,0.0
2024-01-30 14:00:00,77.85678621711699,2.85369224496727,220.32984287585015,0.0
2024-01-30 15:00:00,81.70034856913962,3.0876984114354578,221.41222866136093,0.0
2024-01-30 16:00:00,71.7490691972965,2.84162030690311,220.35602105185183,0.0
2024-01-30 17:00:00,76.15297395285904,3.311183516024324,222.21568060005387,0.0
2024-01-30 18:00:00,71.64766855068672,3.2506643106204116,219.41992291222164,0.0
2024-01-30 19:00:00,78.47514761187159,3.332740593717149,215.49128465379104,0.0
2024-01-30 20:00:00,79.54744511969727,3.6379833246086797,220.37343512153646,0.0
2024-01-30 21:00:00,83.85689426876728,3.3621223190492717,220.36125153881017,0.0
2024-01-30 22:00:00,79.79852400099021,3.459434523175162,220.6223729934087,0.0
2024-01-30 23:00:00,82.92080778269333,3.570591842291235,222.2139581959354,0.0
2024-01-31 00:00:00,81.8923563150397,3.254536761384879,216.0950734934134,0.0
2024-01-31 01:00:00,79.18721315546337,3.625660508284219,219.52303339133468,0.0
2024-01-31 02:00:00,76.61818818215909,3.238052285148397,218.1546843839969,0.0
2024-01-31 03:00:00,82.02218999346698,3.6744449833955004,217.58393922376302,0.0
2024-01-31 04:00:00,77.0729897232118,4.0189251346222274,219.85540200087422,0.0
2024-01-31 05:00:00,85.78702966871316,3.99367866376289,221.40364406056136,0.0
2024-01-31 06:00:00,81.76733482065009,3.841599318190875,220.60189320971833,0.0
2024-01-31 07:00:00,86.19116603735115,4.025061052095467,218.62495515500848,0.0
2024-01-31 08:00:00,81.51710317647604,3.8582415231936373,219.70905680091258,0.0
2024-01-31 09:00:00,84.11641151413255,4.129108784158828,221.85979288925924,0.0
2024-01-31 10:00:00,84.29001840298997,4.7719795500562485,221.36625849012003,0.0
2024-01-31 11:00:00,83.87895215300948,4.6114137852011465,218.89445997354673,0.0
2024-01-31 12:00:00,83.06821864290882,4.3091159752992265,218.76500724867205,0.0
2024-01-31 13:00:00,85.89567791456649,4.386958410447864,216.567031678802,0.0
2024-01-31 14:00:00,82.29193274476164,4.215354542706892,219.14117733283527,0.0
2024-01-31 15:00:00,81.79422922439043,4.307247812212607,216.52842213912297,0.0
2024-01-31 16:00:00,89.50312856730443,4.596380526392769,224.13413937477222,0.0
2024-01-31 17:00:00,88.30826453005659,4.475303177013548,207.64511448475946,0.0
2024-01-31 18:00:00,86.67654806524334,4.817449637280175,212.6466352615001,0.0
2024-01-31 19:00:00,91.8264130631243,5.006894882674425,209.5781015919511,0.0
2024-01-31 20:00:00,86.37980203537477,4.8158199316040955,210.85218412338307,0.0
2024-01-31 21:00:00,91.50332092757257,4.825981243984887,213.7593264013387,0.0
2024-01-31 22:00:00,88.41404619843944,4.5258159060037855,206.38438909630526,0.0
2024-01-31 23:00:00,85.16518436948914,5.06783190820934,207.76098929519927,0.0
2024-02-01 00:00:00,94.1356698710872,4.745913627016132,210.5546293678077,0.0
2024-02-01 01:00:00,91.91579451170324,4.947384089766274,206.36966384373443,0.0
2024-02-01 02:00:00,88.93271155485863,5.279239122138999,210.62587959368315,0.0
2024-02-01 03:00:00,91.82940110254552,5.3496136046927925,214.10348035227827,0.0
2024-02-01 04:00:00,88.78888969800627,5.106698494529977,211.48487093943646,0.0
2024-02-01 05:00:00,67.48744710517863,1.1182168930160028,219.70425370444048,1.0
2024-02-01 06:00:00,57.82676430414812,1.0601362253486655,220.43251167134719,0.0
2024-02-01 07:00:00,61.94059599891622,0.9604292509348178,218.46386992513737,0.0
2024-02-01 08:00:00,67.93777923286089,1.0730409035791515,218.87791870727284,0.0
2024-02-01 09:00:00,64.25103338534325,0.8773739962170621,219.5874027414827,0.0
2024-02-01 10:00:00,65.62262688466623,1.336612516301653,221.1149421247474,0.0
2024-02-01 11:00:00,60.9596430136537,1.2789047210323752,217.50527405461992,0.0
2024-02-01 12:00:00,70.54360098710632,1.3121058569741024,220.15248066084547,0.0
2024-02-01 13:00:00,68.57158893115303,1.0091191898849714,219.22027567987388,0.0
2024-02-01 14:00:00,64.397944344874,0.9609858872969887,218.1981415630676,0.0
2024-02-01 15:00:00,63.78591242941002,1.210702854862712,219.2310169010167,0.0
2024-02-01 16:00:00,68.08881308425907,1.2128205129900451,215.35719347389954,0.0
2024-02-01 17:00:00,70.94741135050678,1.1705460344974108,218.48482265194323,0.0
2024-02-01 18:00:00,67.86128076743407,1.1421033461624301,217.8010262358481,0.0
2024-02-01 19:00:00,71.5154080021898,1.5421551555388773,219.44016791479848,0.0
2024-02-01 20:00:00,62.232946012814246,1.2852050023585957,215.44042035407213,0.0
2024-02-01 21:00:00,62.54183950850363,1.594135678293298,220.38178548701893,0.0
2024-02-01 22:00:00,61.43317664583996,1.4537930050863266,221.8188465928137,0.0
2024-02-01 23:00:00,66.32528194894844,1.540654185203469,219.7654072555402,0.0
2024-02-02 00:00:00,65.52681064941311,0.9851074467287996,220.99758374680874,0.0
2024-02-02 01:00:00,64.54414662958405,1.318634198199606,218.97453888719753,0.0
2024-02-02 02:00:00,67.4277758843699,1.1136469022013253,216.89075775244825,0.0
2024-02-02 03:00:00,68.696985815644,0.8673226577280934,220.0033826425713,0.0
2024-02-02 04:00:00,60.42301277213947,1.499200633911105,221.36075675397043,0.0
2024-02-02 05:00:00,63.209083916296656,1.1412614948588742,217.3512237487847,0.0
2024-02-02 06:00:00,67.46043078236917,0.9889796739466631,219.06954544735632,0.0
2024-02-02 07:00:00,63.59678394842425,1.1170872273502612,219.50576719819117,0.0
2024-02-02 08:00:00,62.60538177092554,1.040755175445236,225.7028152905699,0.0
2024-02-02 09:00:00,68.05561228295119,1.0612604064766664,220.44674238943978,0.0
2024-02-02 10:00:00,61.13149979082806,1.15567932196347,216.18885284227244,0.0
2024-02-02 11:00:00,64.09526057662669,1.5461630386089484,215.69429819631557,0.0
2024-02-02 12:00:00,65.98593207741443,1.0667365566910747,221.4609976605275,0.0
2024-02-02 13:00:00,63.27854025826964,1.5318541328438382,224.97006395199307,0.0
2024-02-02 14:00:00,67.34946696803952,1.3697673591959043,219.43805103079856,0.0
2024-02-02 15:00:00,63.29336907440789,1.2792543127172171,219.31836081588298,0.0
2024-02-02 16:00:00,69.22585848033776,1.3496240064503748,220.8615483523952,0.0
2024-02-02 17:00:00,64.62276110751269,1.2027311327674914,218.40340718330978,0.0
2024-02-02 18:00:00,67.01381041011606,1.4572100207726852,214.91169075914266,0.0
2024-02-02 19:00:00,67.23807185894844,1.31339605265342,222.07452877855138,0.0
2024-02-02 20:00:00,63.117379991767784,0.8670668029948974,218.77363574319634,0.0
2024-02-02 21:00:00,58.83954035403234,1.259250386377993,222.10023573164275,0.0
2024-02-02 22:00:00,66.08226726399151,1.356794628598523,218.47802641937864,0.0
2024-02-02 23:00:00,65.2168650413746,1.1421997562797566,220.24355825492108,0.0
2024-02-03 00:00:00,66.66747808272538,1.2252511745427865,221.70966389497738,0.0
2024-02-03 01:00:00,64.32041758285149,1.0774284010651185,222.14070190214375,0.0
2024-02-03 02:00:00,63.70871690359785,0.9244748687872879,220.46597733496284,0.0
2024-02-03 03:00:00,71.0254190329451,0.8899246258137519,220.366478191598,0.0
2024-02-03 04:00:00,60.582937815467666,0.8925864025862272,221.23941236035822,0.0
2024-02-03 05:00:00,67.20185143509272,1.3338089484941065,220.92833906878832,0.0
2024-02-03 06:00:00,63.27619442544983,0.7019436583247343,217.41763893165736,0.0
2024-02-03 07:00:00,63.992664146778736,1.0667040146073037,217.4558352913923,0.0
2024-02-03 08:00:00,64.0486915022781,1.0468693429509244,215.78188179395823,0.0
2024-02-03 09:00:00,62.58969717748623,1.1435680928025072,221.5330160016793,0.0
2024-02-03 10:00:00,66.71367263070871,0.8287136900127594,219.208540452578,0.0
2024-02-03 11:00:00,69.17193078784987,1.2807776189481237,221.6403944907526,0.0
2024-02-03 12:00:00,66.41004098373999,0.9453677211680201,220.80742114690898,0.0
2024-02-03 13:00:00,65.31014598863628,1.4264811081418538,217.99514663685807,0.0
2024-02-03 14:00:00,62.040678502702264,1.0756468624822335,219.75955513293044,0.0
2024-02-03 15:00:00,66.55047579747335,1.180877395317616,219.0903558966718,0.0
2024-02-03 16:00:00,71.4690488951879,1.2007547713110411,218.78155303947287,0.0
2024-02-03 17:00:00,63.857916128614725,1.2488482105721144,221.83057465098656,0.0
2024-02-03 18:00:00,63.872049261944404,1.2074028754992283,225.02148694109533,0.0
2024-02-03 19:00:00,63.316732607057006,1.1145778902534735,222.2324072834871,0.0
2024-02-03 20:00:00,63.53175729651674,1.2686097061388086,219.9460872652852,0.0
2024-02-03 21:00:00,56.76410133898285,1.2932294260989907,222.51901551991224,0.0
2024-02-03 22:00:00,66.21510615756713,1.0469730665780759,223.42580530062162,0.0
2024-02-03 23:00:00,62.46334347093616,1.2852735637947115,217.2152584353794,0.0
2024-02-04 00:00:00,60.1692106436246,1.4383440604803392,222.44970952272507,0.0
2024-02-04 01:00:00,67.25956984919765,1.3411788392209105,221.53936403748642,0.0
2024-02-04 02:00:00,61.75394664487419,1.3864750483294372,222.376238113313,0.0
2024-02-04 03:00:00,63.983992838348726,1.234384169781489,221.6265749120338,0.0
2024-02-04 04:00:00,69.39932717356574,1.012769910785024,219.54454198493173,0.0
2024-02-04 05:00:00,60.77235260592646,1.0380711080592708,224.06574128836553,0.0
2024-02-04 06:00:00,60.402205296206716,1.2639775935708824,220.6791972171643,0.0
2024-02-04 07:00:00,65.80791856868701,1.388552745030462,219.1313459586115,0.0
2024-02-04 08:00:00,68.44846209203111,1.7571823827988111,221.01195603008074,0.0
2024-02-04 09:00:00,60.27697484680411,1.3963643888877206,221.94479180345573,0.0
2024-02-04 10:00:00,66.22306921051153,0.9659128485004995,220.189522151724,0.0
2024-02-04 11:00:00,66.74299861988507,1.0465454855280034,220.78627276704444,0.0
2024-02-04 12:00:00,58.82251854892304,1.6557034631911998,220.1767341642073,0.0
2024-02-04 13:00:00,67.39550401372166,1.1571222136046444,218.67984853379872,0.0
2024-02-04 14:00:00,67.62981763952654,1.2095029269522577,218.35635108274445,0.0
2024-02-04 15:00:00,64.06464328023192,1.007916615918154,217.19436742685681,0.0
2024-02-04 16:00:00,68.75703908689403,1.5130206811148488,223.03604006809348,0.0
2024-02-04 17:00:00,68.40936672297454,1.300066641464125,219.55316550374067,0.0
2024-02-04 18:00:00,65.30935377715161,1.0450797304229376,213.1448497964894,0.0
2024-02-04 19:00:00,63.645663829025196,1.0012349422285456,220.79306615855901,0.0
2024-02-04 20:00:00,62.081516322251126,1.2614407891795745,220.75165420901462,0.0
2024-02-04 21:00:00,64.88730947190143,1.2088412349760904,216.2668646343392,0.0
2024-02-04 22:00:00,66.70927675911254,1.3664220434442254,218.33520758333347,0.0
2024-02-04 23:00:00,64.02746941687808,1.3093936946254399,218.24742193087815,0.0
2024-02-05 00:00:00,58.40749698421391,1.1471039302462755,218.51546461841545,0.0
2024-02-05 01:00:00,68.8061416837297,1.0912396809077267,222.42555172340715,0.0
2024-02-05 02:00:00,65.57066966553468,1.1680115703402332,219.70224490386633,0.0
2024-02-05 03:00:00,63.8611265099695,1.0898638306686474,219.1455302303677,0.0
2024-02-05 04:00:00,67.57147516526986,1.1739608934390475,222.2447798844412,0.0
2024-02-05 05:00:00,69.57391578944826,1.2032881857238762,220.99069549036741,0.0
2024-02-05 06:00:00,56.594265291536324,1.0204138213239886,216.5180434840469,0.0
2024-02-05 07:00:00,66.30279094976622,1.326135972419576,218.7667527216642,0.0
2024-02-05 08:00:00,60.72005236756896,1.125914457106066,220.64392417426788,0.0
2024-02-05 09:00:00,66.49733152039683,1.0316231299429313,218.13221973197594,0.0
2024-02-05 10:00:00,65.38378160712374,1.1296785143436263,224.05910957684227,0.0
2024-02-05 11:00:00,66.90717957932165,1.2484516313240572,220.22575752730518,0.0
2024-02-05 12:00:00,63.50225715651604,1.2166076399626606,218.49324732084494,0.0
2024-02-05 13:00:00,59.38027966454254,1.2844236229808923,217.7541127133279,0.0
2024-02-05 14:00:00,63.64889542623,1.3796692250151057,221.8550551760714,0.0
2024-02-05 15:00:00,66.22054290541935,1.4609880408016065,218.70427612601208,0.0
2024-02-05 16:00:00,68.04617698602567,1.2570972325376106,220.7598483565834,0.0
2024-02-05 17:00:00,61.48450609858242,0.9861195225529006,217.69696128625114,0.0
2024-02-05 18:00:00,68.08118128061905,1.14617783949394,220.140395583049,0.0
2024-02-05 19:00:00,63.056383131060436,0.9991363231233983,218.7282282042331,0.0
2024-02-05 20:00:00,66.08734964478359,1.5393708147424563,219.3692111730499,0.0
2024-02-05 21:00:00,63.470318141403105,1.5974801765054327,218.40743839922908,0.0
2024-02-05 22:00:00,65.5465118831363,1.3300622394992685,222.05125255561654,0.0
2024-02-05 23:00:00,67.67563290371082,1.371691768527806,219.01799204975134,0.0
2024-02-06 00:00:00,61.318957768134396,1.2501886386473318,219.7130856101606,0.0
2024-02-06 01:00:00,62.960282309759506,1.2732111830921582,219.80971543840252,0.0
2024-02-06 02:00:00,65.55488776202625,0.8805091563341754,223.22454024326726,0.0
2024-02-06 03:00:00,72.20475098309106,1.185213526948618,221.7806171747828,0.0
2024-02-06 04:00:00,62.41043086349951,1.023769387530748,221.58136151655592,0.0
2024-02-06 05:00:00,71.12040165799075,1.256271307507674,216.8442267539474,0.0
2024-02-06 06:00:00,71.01326991102552,1.1880780309222931,218.68721522479493,0.0
2024-02-06 07:00:00,64.70806654789523,1.589364392469223,222.37723743165782,0.0
2024-02-06 08:00:00,64.1055424214003,1.3833255377445681,217.6581383691567,0.0
2024-02-06 09:00:00,62.92380440400593,1.256902396504329,220.16802709624346,0.0
2024-02-06 10:00:00,64.79539240900199,1.1466120625720748,217.86947699147842,0.0
2024-02-06 11:00:00,60.77984170232133,1.535204291751986,218.0701854891812,0.0
2024-02-06 12:00:00,64.7712829480382,1.194009070774694,223.3615713057284,0.0
2024-02-06 13:00:00,69.49064082155257,1.2663347923270556,221.43854128315277,0.0
2024-02-06 14:00:00,63.166744812569846,1.208449920885367,221.96628045558919,0.0
2024-02-06 15:00:00,64.27782708803285,1.1191692188585354,221.56748296032757,0.0
2024-02-06 16:00:00,59.89657857719828,1.207301244477104,219.72142327554099,0.0
2024-02-06 17:00:00,66.12218626439314,0.8076066298643367,218.6168065841922,0.0
2024-02-06 18:00:00,65.79344505485412,0.8904587197517624,219.19581948116502,0.0
2024-02-06 19:00:00,65.19110707929731,1.2699261083339255,219.61634709122652,0.0
2024-02-06 20:00:00,64.34951884933356,1.5136399381054972,223.55257213865585,0.0
2024-02-06 21:00:00,64.12172624368263,1.2696442208288337,217.32728713794094,0.0
2024-02-06 22:00:00,66.50570070110201,1.0559262290206692,218.8926771027624,0.0
2024-02-06 23:00:00,64.91355019523414,0.9114292491865328,218.17407326738925,0.0
2024-02-07 00:00:00,65.944915614666,1.3569054520951278,222.11324639504096,0.0
2024-02-07 01:00:00,65.64494845236365,1.0865609697969798,223.7075765186782,0.0
2024-02-07 02:00:00,68.37028186128728,1.328647083710512,220.6175727196528,0.0
2024-02-07 03:00:00,67.03098229212516,1.2779730316131435,220.78203166968717,0.0
2024-02-07 04:00:00,65.57858552945058,1.2956600784509378,220.18264184608387,0.0
2024-02-07 05:00:00,69.55526609195654,1.206720341470711,220.87495797856224,0.0
2024-02-07 06:00:00,66.26080558716968,1.2767288769939282,221.54631032471525,0.0
2024-02-07 07:00:00,68.91488806637126,1.176109119748733,220.85128102577363,0.0
2024-02-07 08:00:00,66.82082782515991,1.0729386931263591,220.99766865655658,0.0
2024-02-07 09:00:00,59.47424276320537,1.0073001878967895,221.55082872698776,0.0
2024-02-07 10:00:00,68.91450428995799,0.7229982404058042,216.44344379748986,0.0
2024-02-07 11:00:00,65.405528724028,1.163778087519098,220.00401786029144,0.0
2024-02-07 12:00:00,64.84413568729767,1.5038756365903905,220.61041808416903,0.0
2024-02-07 13:00:00,65.84404504246874,1.3460160185075194,220.83229636103857,0.0
2024-02-07 14:00:00,63.9650505141288,1.2455418236951916,219.6582274764321,0.0
2024-02-07 15:00:00,65.68108658116684,1.0531990011421697,220.32150299959432,0.0
2024-02-07 16:00:00,63.22437180097072,1.3994678451518154,218.56018719063846,0.0
2024-02-07 17:00:00,68.82281677620311,1.176138137639395,216.45031052860455,0.0
2024-02-07 18:00:00,64.65923565913685,1.5149868627578118,221.96627420261132,0.0
2024-02-07 19:00:00,63.8522484718327,1.0037825473410638,217.73125679336098,0.0
2024-02-07 20:00:00,62.225222552842176,1.0500060944054688,219.67909227377248,0.0
2024-02-07 21:00:00,65.80632736744593,1.0305460111560742,218.50174073419598,0.0
2024-02-07 22:00:00,65.56132130037527,0.9035763259131973,223.17401855975217,0.0
2024-02-07 23:00:00,66.16527384103252,1.0125910629616475,219.84071057098257,0.0
2024-02-08 00:00:00,61.918244337484616,1.2206432519531836,219.37908707423585,0.0
2024-02-08 01:00:00,60.19645640356528,1.0575597950298745,221.49573173745196,0.0
2024-02-08 02:00:00,66.87677390751968,0.4287249341518805,224.31294833521636,0.0
2024-02-08 03:00:00,69.45392558562952,1.4148546594840243,220.81137905411617,0.0
2024-02-08 04:00:00,61.92093913283031,0.8631812541305188,219.24516107673634,0.0
2024-02-08 05:00:00,69.76832385068509,1.3178456569773274,221.3931879627094,0.0
2024-02-08 06:00:00,65.85173317620914,1.206242917933913,216.85464186283687,0.0
2024-02-08 07:00:00,64.97881128634751,1.6234745632840686,220.0928585201288,0.0
2024-02-08 08:00:00,63.807353910362664,1.399391496304524,223.98791530991284,0.0
2024-02-08 09:00:00,60.84644594172501,1.099079080903005,220.31549479337156,0.0
2024-02-08 10:00:00,67.9631855477738,1.0595872875289376,220.2155553123153,0.0
2024-02-08 11:00:00,62.67318091568719,1.500545536159857,220.041273080715,0.0
2024-02-08 12:00:00,62.6605799727872,0.9048257805797175,219.2090474391476,0.0
2024-02-08 13:00:00,67.97577892966086,1.2381759871837417,220.62898134472974,0.0
2024-02-08 14:00:00,59.351049659984824,1.1737759073500655,221.5505460233206,0.0
2024-02-08 15:00:00,60.4292065679955,1.1313547862590647,219.33635989501846,0.0
2024-02-08 16:00:00,64.94559726947575,1.2707027968896851,215.01849652339837,0.0
2024-02-08 17:00:00,65.87985328701456,1.237911972101735,220.93123501055751,0.0
2024-02-08 18:00:00,66.45420394390678,1.2914801485583487,224.2662521530402,0.0
2024-02-08 19:00:00,64.09460451981124,1.2277951304726566,219.24747718388772,0.0
2024-02-08 20:00:00,72.59110900592506,1.2835362810034494,217.0576732344868,0.0
2024-02-08 21:00:00,64.3163223237025,1.218673038586319,221.35482596946497,0.0
2024-02-08 22:00:00,64.30764154369183,1.068114622556737,223.48766452836801,0.0
2024-02-08 23:00:00,62.60903999355837,1.200800252047319,221.05874713943047,0.0
2024-02-09 00:00:00,65.37172044956321,1.057122688059196,223.449400108333,0.0
2024-02-09 01:00:00,66.84488369614033,1.04392467905383,221.5873370912514,0.0
2024-02-09 02:00:00,68.61073416360038,1.1327699994564495,221.41370197135538,0.0
2024-02-09 03:00:00,60.53214720667935,1.1761153678528316,218.96399863451578,0.0
2024-02-09 04:00:00,64.26201398493289,1.207045061269562,220.57081378150644,0.0
2024-02-09 05:00:00,66.34011083242743,1.383275765472666,219.94105808656445,0.0
2024-02-09 06:00:00,66.7611726037836,1.1003071834918312,219.8725285588667,0.0
2024-02-09 07:00:00,65.01964597341362,1.239370385294964,219.49226974409785,0.0
2024-02-09 08:00:00,66.6272719085963,1.2236055427887638,220.45122693491712,0.0
2024-02-09 09:00:00,62.5731083212226,1.0782743425067869,217.40731003172655,0.0
2024-02-09 10:00:00,69.67371629695506,1.214748157241309,221.62343679856315,0.0
2024-02-09 11:00:00,67.97788430893829,1.4005442830354626,218.24450941443962,0.0
2024-02-09 12:00:00,60.965216638804485,1.23730124337668,219.49945754999058,0.0
2024-02-09 13:00:00,61.77469085564973,1.2453167858054615,220.66111978607032,0.0
2024-02-09 14:00:00,61.85923474967928,1.0589343338114665,218.14545316320897,0.0
2024-02-09 15:00:00,67.03390991268958,1.5937717702409753,216.0670738753895,0.0
2024-02-09 16:00:00,61.1458167007476,1.0703287259354997,219.23390664460499,0.0
2024-02-09 17:00:00,64.00692699737576,0.8664433078905044,217.1378050148326,0.0
2024-02-09 18:00:00,66.36411318925032,1.3720368240436152,221.42462186534095,0.0
2024-02-09 19:00:00,64.8015021963607,1.1770365920703147,217.69299285491576,0.0
2024-02-09 20:00:00,65.77666254713812,1.139391635810585,222.9703111274183,0.0
2024-02-09 21:00:00,61.80259186595372,1.0908892439176945,219.98841422152955,0.0
2024-02-09 22:00:00,66.78456312019173,1.5743429248631675,220.11834838918847,0.0
2024-02-09 23:00:00,63.16036432257201,1.2709180557209365,216.03873734291068,0.0
2024-02-10 00:00:00,64.02614097680618,1.309950244329017,220.28972525770104,0.0
2024-02-10 01:00:00,65.71319518371796,1.2325231247164534,219.8396401662535,0.0
2024-02-10 02:00:00,65.30923466459254,1.254009922689039,217.40182193014905,0.0
2024-02-10 03:00:00,65.07194005704677,1.479724922111883,220.1745366775936,0.0
2024-02-10 04:00:00,62.74811953406973,1.149829067754461,219.20415397838516,0.0
2024-02-10 05:00:00,64.10135176640242,0.9086124908958539,219.56642436420927,0.0
2024-02-10 06:00:00,65.0065507725111,1.3736109308455553,220.0517635243881,0.0
2024-02-10 07:00:00,60.87474430049875,1.2993403224484783,219.0570915736836,0.0
2024-02-10 08:00:00,63.61240110105987,1.2215959625770085,220.49291325389774,0.0
2024-02-10 09:00:00,66.16303963709854,1.2941506483095573,219.82688903529808,0.0
2024-02-10 10:00:00,61.16769018846397,1.1258511559411652,220.94553693677315,0.0
2024-02-10 11:00:00,68.46974495478273,1.2041385165708518,218.94265081205603,0.0
2024-02-10 12:00:00,68.80883978779953,1.173659949228018,217.87016049413208,0.0
2024-02-10 13:00:00,61.26454827211974,1.0817023485858166,218.5822629431237,0.0
2024-02-10 14:00:00,69.07285889915042,1.4378345566210005,222.88531353770355,0.0
2024-02-10 15:00:00,64.5692552338636,0.9175482745164398,221.9119330524135,0.0
2024-02-10 16:00:00,66.25554367747117,1.6721764343625933,222.42675826519823,0.0
2024-02-10 17:00:00,63.51004684361526,1.375472441841295,222.56542791634044,0.0
2024-02-10 18:00:00,67.76913448168028,0.8444048930595298,219.0673638856536,0.0
2024-02-10 19:00:00,66.218282056546,1.1551667341018141,220.59162387081693,0.0
2024-02-10 20:00:00,62.55754023020719,1.1662908168192885,220.1516780056959,0.0
2024-02-10 21:00:00,61.504394000104135,1.2783773257884223,221.31907705118283,0.0
2024-02-10 22:00:00,60.619092694372334,1.002124345852056,219.42166350953806,0.0
2024-02-10 23:00:00,65.56382532929827,1.2064050686736434,220.185948314182,0.0
2024-02-11 00:00:00,66.7174142353392,1.1757761203754706,220.14454295523936,0.0
2024-02-11 01:00:00,66.95289703633833,1.0524763274853122,221.0645247998314,0.0
2024-02-11 02:00:00,64.64605671617787,1.0246495537057536,221.3114344421432,0.0
2024-02-11 03:00:00,61.529010633006905,1.3837609293404713,220.1873420646804,0.0
2024-02-11 04:00:00,62.95377560592865,0.8606834919914812,220.24798156813162,0.0
2024-02-11 05:00:00,68.45704591688578,1.2955757872192102,220.4517960414974,0.0
2024-02-11 06:00:00,63.546114306199755,1.3595020613756248,223.29310284124608,0.0
2024-02-11 07:00:00,65.43025289204442,1.1562883323323168,216.54000441736613,0.0
2024-02-11 08:00:00,61.77304854927534,1.210474567944999,218.06064067756438,0.0
2024-02-11 09:00:00,66.00974913637711,1.4326989999394764,221.34735919289187,0.0
2024-02-11 10:00:00,63.626946314962765,1.0590296978551885,220.53956879767819,0.0
2024-02-11 11:00:00,68.14013814132728,1.079669514222175,220.52549910030174,0.0
2024-02-11 12:00:00,67.32067311862043,1.1009032637801384,221.3349909974267,0.0
2024-02-11 13:00:00,63.5128821602753,1.4330651198446562,220.42798578624752,0.0
2024-02-11 14:00:00,64.62000791795701,1.4584587493769414,218.88143504310156,0.0
2024-02-11 15:00:00,63.34665127987812,0.9208219531072761,221.25761828021652,0.0
2024-02-11 16:00:00,60.74170041036497,1.4012481494623272,220.04177432599815,0.0
2024-02-11 17:00:00,62.42767271135835,1.3637816612694569,219.10484564222088,0.0
2024-02-11 18:00:00,65.59465198316246,1.5107189620899655,221.3807212491558,0.0
2024-02-11 19:00:00,65.97577849468874,1.277021606425276,221.302067716564,0.0
2024-02-11 20:00:00,65.44564371077792,1.1911479759442847,220.4295329832016,0.0
2024-02-11 21:00:00,64.09480083812409,1.4290433373143316,223.43423830798912,0.0
2024-02-11 22:00:00,67.79919981716296,1.339780758300353,222.65365346954056,0.0
2024-02-11 23:00:00,65.1906257136828,1.6489796828297454,222.0037143881076,0.0
2024-02-12 00:00:00,67.10976148428784,1.3917415689923656,225.1327311456175,0.0
2024-02-12 01:00:00,59.678674603392444,1.230709595284783,219.70707319600456,0.0
2024-02-12 02:00:00,53.232799245144975,0.9651791239247657,219.07039934136782,0.0
2024-02-12 03:00:00,65.85136408351424,1.0838165645611764,221.7207261986067,0.0
2024-02-12 04:00:00,60.72570303883553,0.9128090043943967,219.49473140401145,0.0
2024-02-12 05:00:00,64.36264489186084,1.1569875927878273,220.02385543129566,0.0
2024-02-12 06:00:00,64.09370887692619,1.385213518646569,218.0281600684994,0.0
2024-02-12 07:00:00,69.76220180724661,1.1992657823038968,221.21331891542624,0.0
2024-02-12 08:00:00,66.19998965883082,1.4043450537520146,217.0579855089248,0.0
2024-02-12 09:00:00,65.49757708039601,1.2675147466878027,219.80712355768125,0.0
2024-02-12 10:00:00,67.51097346390102,1.119381542049198,219.96928852496848,0.0
2024-02-12 11:00:00,66.10549276051712,1.2175250310339927,219.12792231516033,0.0
2024-02-12 12:00:00,63.626969021034704,1.2944193382110192,216.485570482677,0.0
2024-02-12 13:00:00,68.21442779076368,1.2278446796927232,216.4707378124511,0.0
2024-02-12 14:00:00,61.67074961633518,1.2301368457703827,218.5076551866564,0.0
2024-02-12 15:00:00,65.96974156260069,1.0461899784826587,221.07810065752412,0.0
2024-02-12 16:00:00,60.35729061759107,1.1134047469515567,220.57784972288388,0.0
2024-02-12 17:00:00,65.61183157254798,1.6516921592309288,219.9671292823377,0.0
2024-02-12 18:00:00,65.57896892531879,1.4456932980847084,218.23082302796504,0.0
2024-02-12 19:00:00,70.02936488574399,0.9052318206380567,220.6822644425222,0.0
2024-02-12 20:00:00,60.305078319674664,0.7266062084987276,216.40194144392217,0.0
2024-02-12 21:00:00,63.19733847243856,1.2152384842897443,215.20690103525604,0.0
2024-02-12 22:00:00,67.46804727972243,1.378694578885198,219.51385689756998,0.0
2024-02-12 23:00:00,66.00595176919192,1.0960116325155584,218.90789723980595,0.0
2024-02-13 00:00:00,65.54091515401251,1.4043317456395876,222.02634259529492,0.0
2024-02-13 01:00:00,62.131592891124384,1.2119309130014169,220.31596755554568,0.0
2024-02-13 02:00:00,63.22754495572571,1.167387744054605,223.3014706199997,0.0
2024-02-13 03:00:00,68.73512302466978,1.3512230352350363,218.9035698626091,0.0
2024-02-13 04:00:00,64.84547241873821,1.0936248414195462,220.97354458304432,0.0
2024-02-13 05:00:00,66.12607908843341,1.1426587356392692,219.49544574116874,0.0
2024-02-13 06:00:00,64.65443501367056,1.3340334524260926,222.7634394482623,0.0
2024-02-13 07:00:00,61.450743454250706,1.193720812586795,219.59189910575185,0.0
2024-02-13 08:00:00,67.801431278225,1.5817552546755471,221.70881356029153,0.0
2024-02-13 09:00:00,66.50969715359749,1.3387650825712036,217.84476207095167,0.0
2024-02-13 10:00:00,71.91691051210157,1.3257627656665523,219.1695747137359,0.0
2024-02-13 11:00:00,61.95325586104836,1.1900990707869863,219.83191317614506,0.0
2024-02-13 12:00:00,67.46771876360144,1.3749509353419211,222.5268350799256,0.0
2024-02-13 13:00:00,61.06536810188899,1.1354784454396707,215.60562611798392,0.0
2024-02-13 14:00:00,65.47203970301923,1.256475550239903,219.33471110710843,0.0
2024-02-13 15:00:00,67.92951976718949,1.0167413905990879,219.2670397471454,0.0
2024-02-13 16:00:00,58.78359465171054,1.4078882784461184,215.84605295521123,0.0
2024-02-13 17:00:00,64.38520257727518,1.2581209394523583,219.07192847850638,0.0
2024-02-13 18:00:00,63.31037079787214,1.5965026127395752,216.9186657376174,0.0
2024-02-13 19:00:00,62.89412810511463,1.6784596767339517,215.3386730439252,0.0
2024-02-13 20:00:00,66.15563795677807,1.3526638902866295,219.47537434300935,0.0
2024-02-13 21:00:00,68.36205711926779,1.2136850622415807,219.4077097583923,0.0
2024-02-13 22:00:00,64.60016385431253,1.0107870975748863,219.51009283408135,0.0
2024-02-13 23:00:00,65.61645928268005,1.3809499606517648,220.5057164917967,0.0
2024-02-14 00:00:00,65.34292625917774,1.2420569127790455,218.2412063535726,0.0
2024-02-14 01:00:00,65.00541051906924,1.3076069678308924,223.58171202689184,0.0
2024-02-14 02:00:00,61.73197208686368,1.5459574774912486,219.933411983737,0.0
2024-02-14 03:00:00,68.32533380516868,1.0351153422673307,222.57286092612296,0.0
2024-02-14 04:00:00,65.8855861044765,1.0151391663037326,216.64020151702258,0.0
2024-02-14 05:00:00,66.18464447000774,1.152714812325864,218.33094069981624,0.0
2024-02-14 06:00:00,62.580471112923256,1.3642402299503646,221.37262961008847,0.0
2024-02-14 07:00:00,63.622338806032275,1.3109734480428976,219.54687144864414,0.0
2024-02-14 08:00:00,64.47159740686766,1.0208622976608455,217.85364122525408,0.0
2024-02-14 09:00:00,60.39762591965344,1.3513105801404965,216.32274020271183,0.0
2024-02-14 10:00:00,59.93589702440697,0.9597574362213473,221.46640734448073,0.0
2024-02-14 11:00:00,63.1977562080843,1.0324516651302285,221.3032045098977,0.0
2024-02-14 12:00:00,66.56756229932716,1.176908536562162,220.48664138283846,0.0
2024-02-14 13:00:00,63.04058783021018,1.089313750804956,219.00818761842817,0.0
2024-02-14 14:00:00,61.94358440722786,1.377971897730187,217.77381994474038,0.0
2024-02-14 15:00:00,62.55594304028699,1.2572756966002188,219.8940369202066,0.0
2024-02-14 16:00:00,63.63397273056406,1.553112235525452,217.3693627927092,0.0
2024-02-14 17:00:00,63.93842311153969,1.150562926929117,218.49683183887083,0.0
2024-02-14 18:00:00,71.49656435661967,1.1755595697918513,222.5225011627991,0.0
2024-02-14 19:00:00,68.16386188546196,1.4420765218123526,216.29832847373717,0.0
2024-02-14 20:00:00,68.07432233684519,1.181815839375241,221.35505565380075,0.0
2024-02-14 21:00:00,68.50574109282014,1.4988010495415092,222.98839190289831,0.0
2024-02-14 22:00:00,62.00353739199785,1.3081656420768983,221.6325194387653,0.0
2024-02-14 23:00:00,61.33290615503828,0.729442706022928,220.79642575685295,0.0
2024-02-15 00:00:00,61.67938912539783,1.4355140828298927,219.07285430765776,0.0
2024-02-15 01:00:00,69.00351840001352,1.3825453626239617,218.70822389113198,0.0
2024-02-15 02:00:00,63.35842463335253,1.390266521222109,215.50373826787336,0.0
2024-02-15 03:00:00,61.24593145328214,0.8178043242909483,220.07401336053462,0.0
2024-02-15 04:00:00,63.70701139934056,1.0674020077457904,219.19551910254182,0.0
2024-02-15 05:00:00,64.28418340485612,1.082259033288646,218.6039311826362,0.0
2024-02-15 06:00:00,65.80523982108369,1.0317757264879215,219.95983794224196,0.0
2024-02-15 07:00:00,65.75285306213613,1.5483845063787876,220.1247389604093,0.0
2024-02-15 08:00:00,62.51545830837948,1.1976464324352731,218.72888540526588,0.0
2024-02-15 09:00:00,67.05696917754113,1.192687811474166,223.22616156695358,0.0
2024-02-15 10:00:00,63.08241939874952,1.3104016620631558,221.46120555822486,0.0
2024-02-15 11:00:00,64.53117098988487,1.3138603335778765,221.79255711674656,0.0
2024-02-15 12:00:00,67.06032221151007,0.533021457874834,219.7933944327212,0.0
2024-02-15 13:00:00,63.074535788166976,1.0707284925701273,221.02247146452228,0.0
2024-02-15 14:00:00,63.29194572925659,0.9174422844417446,218.20859079880287,0.0
2024-02-15 15:00:00,66.7750041490794,1.280061218630964,221.33251708050062,0.0
2024-02-15 16:00:00,62.42680047018494,1.1422215171331904,219.59119478537252,0.0
2024-02-15 17:00:00,63.84562392918779,1.2030775129002538,217.95603292997134,0.0
2024-02-15 18:00:00,66.66722653412867,0.7842960502218954,219.95446665756154,0.0
2024-02-15 19:00:00,71.16227732430792,1.1380295550619004,219.41589193950023,0.0
2024-02-15 20:00:00,66.81621351428824,1.423026050366563,224.64613865444184,0.0
2024-02-15 21:00:00,66.41791928897004,1.4818898966204335,220.87078849695982,0.0
2024-02-15 22:00:00,66.5924047510182,1.3437726839081399,223.15943493489644,0.0
2024-02-15 23:00:00,61.78042917779885,0.9329069413103761,222.26257421271745,0.0
2024-02-16 00:00:00,65.34679021603972,1.4518803605984247,220.075561199595,0.0
2024-02-16 01:00:00,64.9107005349908,1.3448004510000031,219.11256159413992,0.0
2024-02-16 02:00:00,65.96475362111826,1.1765621931870922,216.51954683759936,0.0
2024-02-16 03:00:00,65.34952415742761,0.7949927370980512,218.25811289867053,0.0
2024-02-16 04:00:00,66.13909903225134,1.3907189901325034,221.32550691550844,0.0
2024-02-16 05:00:00,64.06559841530239,1.0815667340033241,219.3957392297586,0.0
2024-02-16 06:00:00,65.17582675211538,1.2692331642109562,220.7516406514769,0.0
2024-02-16 07:00:00,61.316514301829024,1.2136787721273326,215.93944969730532,0.0
2024-02-16 08:00:00,64.04027816599125,1.5076789968876556,220.90702969819475,0.0
2024-02-16 09:00:00,69.17250064452993,1.1749266028004983,222.19296311439857,0.0
2024-02-16 10:00:00,65.95642501888477,1.1969772819828104,216.4484834203875,0.0
2024-02-16 11:00:00,64.93723688785077,1.515723078095726,220.7431278127136,0.0
2024-02-16 12:00:00,70.68836982876304,1.0683555512499623,222.68706930721692,0.0
2024-02-16 13:00:00,60.91749506509676,1.3628645702815554,223.36017329867894,0.0
2024-02-16 14:00:00,61.67163333366134,1.1602768554243073,218.9930018582841,0.0
2024-02-16 15:00:00,70.13813423382882,0.9994916075990141,221.55986068922306,0.0
2024-02-16 16:00:00,65.1378828081468,1.2002321973441745,222.85957964001082,0.0
2024-02-16 17:00:00,64.27225089113062,1.3383410227215975,220.80276278156074,0.0
2024-02-16 18:00:00,61.40238702471307,1.4707419679953022,222.57015517799363,0.0
2024-02-16 19:00:00,66.34308879918504,1.4949387970691363,219.9282766933234,0.0
2024-02-16 20:00:00,66.63337960858239,1.1410471851548933,220.7886282875416,0.0
2024-02-16 21:00:00,61.71651691749531,1.0025501535935573,218.7567815470756,0.0
2024-02-16 22:00:00,64.57917324334872,1.136252220084504,219.67079968465248,0.0
2024-02-16 23:00:00,63.993452503900805,0.9636938493339688,220.86743233975272,0.0
2024-02-17 00:00:00,65.76793143925632,1.156522760116699,218.60676134990845,0.0
2024-02-17 01:00:00,61.64224927333807,1.1316669432760482,219.5528272537185,0.0
2024-02-17 02:00:00,68.75584236353947,1.345498040831353,221.5217473618936,0.0
2024-02-17 03:00:00,67.74747134479281,0.7588129640171243,224.1051150663522,0.0
2024-02-17 04:00:00,63.910473323801554,1.053278410782672,215.90112301670285,0.0
2024-02-17 05:00:00,64.35074386508488,1.0548963391116168,223.95315333464723,0.0
2024-02-17 06:00:00,64.59073354916715,1.437425450481605,219.48025647115446,0.0
2024-02-17 07:00:00,62.66507434098049,0.9772311245197965,221.92979973805478,0.0
2024-02-17 08:00:00,63.66971174529489,1.2453314719297988,222.32218539998348,0.0
2024-02-17 09:00:00,64.18918889697618,1.1743743171160437,223.1289935478811,0.0
2024-02-17 10:00:00,69.83860511212139,1.4086085053672763,218.54407627054042,0.0
2024-02-17 11:00:00,67.83985492499131,1.3191663729021095,219.5494573837644,0.0
2024-02-17 12:00:00,67.80396412200987,1.2242487463640759,219.89280780209418,0.0
2024-02-17 13:00:00,66.10977683901316,1.0890666250823864,219.2851323150053,0.0
2024-02-17 14:00:00,61.6480189732063,0.8295314993780247,222.63752194967827,0.0
2024-02-17 15:00:00,64.87552668626786,1.249417131137481,219.84634459797707,0.0
2024-02-17 16:00:00,67.91146537884013,1.3060979597059745,216.76290467038325,0.0
2024-02-17 17:00:00,61.22520611189814,0.8850264775050694,218.7339723553725,0.0
2024-02-17 18:00:00,66.90965962061979,0.9532611671342901,216.84319994660623,0.0
2024-02-17 19:00:00,71.9678276757883,1.250465994674335,219.54332242661332,0.0
2024-02-17 20:00:00,68.1854499379692,1.267828337241574,221.34509934913586,0.0
2024-02-17 21:00:00,69.24208740668597,1.001870537981588,218.69104665539263,0.0
2024-02-17 22:00:00,65.65501625132649,1.0851870572863924,219.19393407073085,0.0
2024-02-17 23:00:00,67.90379584629497,0.8327022322859146,219.45046941532362,0.0
2024-02-18 00:00:00,62.84644035693789,1.4754527807626467,220.2814849876705,0.0
2024-02-18 01:00:00,67.38759143702367,0.9400251185263095,221.03216555727104,0.0
2024-02-18 02:00:00,66.96316440218229,1.30845187824971,221.61451085587075,0.0
2024-02-18 03:00:00,65.869733522113,1.193007860769324,224.51103396587305,0.0
2024-02-18 04:00:00,68.9480222591555,1.4579187239249518,220.24699186200016,0.0
2024-02-18 05:00:00,63.38364548645784,1.0415491814450486,221.47158610795944,0.0
2024-02-18 06:00:00,64.43882745057901,1.2122505420680774,216.82488650464344,0.0
2024-02-18 07:00:00,65.2863861240749,0.8603146181525299,219.24163402886893,0.0
2024-02-18 08:00:00,61.9111670867318,0.8122946326120493,219.45916621307586,0.0
2024-02-18 09:00:00,65.68079583140074,1.3192667167730947,217.9653702220258,0.0
2024-02-18 10:00:00,59.843208761138456,0.8429948321860595,218.92801453726491,0.0
2024-02-18 11:00:00,68.14086360328463,1.1543564931130939,219.78503056468875,0.0
2024-02-18 12:00:00,65.1399120996979,1.402259089594584,218.9906732516704,0.0
2024-02-18 13:00:00,63.43732128828871,1.3493369712189358,225.20366837567633,0.0
2024-02-18 14:00:00,62.496879163114635,1.0670829024102813,221.02455068315547,0.0
2024-02-18 15:00:00,64.29626291114243,0.8822993727183654,224.00204547771867,0.0
2024-02-18 16:00:00,67.06477913231724,1.3018989723311056,222.98530235766802,0.0
2024-02-18 17:00:00,66.64321693621268,1.468451356572036,218.72150773309923,0.0
2024-02-18 18:00:00,62.88338615816462,1.0675523842668753,220.07512093483962,0.0
2024-02-18 19:00:00,62.461880982117094,1.0393374283185766,219.13035075785083,0.0
2024-02-18 20:00:00,66.97069611895894,1.0950196074262002,219.67635448142732,0.0
2024-02-18 21:00:00,62.832957786154914,1.314321742161423,218.04713266162253,0.0
2024-02-18 22:00:00,65.17972932223852,1.4457035212829825,219.11692934165956,0.0
2024-02-18 23:00:00,65.37126392757283,0.9520786377238954,220.71903776306647,0.0
2024-02-19 00:00:00,65.93618639518021,0.9003436381350693,220.6662441138844,0.0
2024-02-19 01:00:00,67.57481129054561,1.6679992643864896,220.50680733043254,0.0
2024-02-19 02:00:00,61.21111118939803,1.1645354424219923,219.88065035023288,0.0
2024-02-19 03:00:00,59.26652202421854,1.2505785591380618,221.72148485047387,0.0
2024-02-19 04:00:00,63.297658156314945,1.061613831876472,219.48591394784293,0.0
2024-02-19 05:00:00,70.40458522349655,1.2979924618905432,222.78310467952323,0.0
2024-02-19 06:00:00,71.06652230026214,1.3920121749403045,216.30480488596487,0.0
2024-02-19 07:00:00,70.49353140669766,1.2599592343145858,221.31362204795153,0.0
2024-02-19 08:00:00,64.42105589671793,1.5481716154028868,220.97674222449473,0.0
2024-02-19 09:00:00,59.65365475404551,1.1346510820117817,218.6508668854969,0.0
2024-02-19 10:00:00,57.97088269504448,1.1474235053929247,219.28953794628944,0.0
2024-02-19 11:00:00,63.157885515351765,1.246281270255483,220.92958187821807,0.0
2024-02-19 12:00:00,64.40577910955191,1.2929923291012193,221.8318704942975,0.0
2024-02-19 13:00:00,68.90187620316787,1.2455894524125217,216.5010736633378,0.0
2024-02-19 14:00:00,67.60341637862734,0.9431169946089817,221.25649213530852,0.0
2024-02-19 15:00:00,65.68221523697486,1.2625030332391123,219.0846976288849,0.0
2024-02-19 16:00:00,62.33046568717658,1.1251652830393124,222.2505795485971,0.0
2024-02-19 17:00:00,62.11766132526533,1.083804597185071,216.32144957236764,0.0
2024-02-19 18:00:00,65.76238306121431,1.2064964109506486,224.89059793024242,0.0
2024-02-19 19:00:00,67.09115293651918,1.0076954625341572,218.22772013397181,0.0
2024-02-19 20:00:00,66.17564378673676,0.9729217352253536,222.85992237357937,0.0
2024-02-19 21:00:00,61.896206121180036,0.67690620799923,219.86163076053433,0.0
2024-02-19 22:00:00,66.95200288637626,1.549447465701978,218.36266652559974,0.0
2024-02-19 23:00:00,66.27773290130423,1.3111462638206004,220.5302280107628,0.0
2024-02-20 00:00:00,61.78800078142947,1.176647175738739,222.05825088991273,0.0
2024-02-20 01:00:00,62.647037089099236,1.0665553526226703,216.89459039851047,0.0
2024-02-20 02:00:00,67.0654879236847,0.6247935435907166,221.403177698574,0.0
2024-02-20 03:00:00,64.29647739456233,1.054294224755703,219.9756430026858,0.0
2024-02-20 04:00:00,69.76744190490938,1.3431732674328152,221.15408816513266,0.0
2024-02-20 05:00:00,66.50338782819372,1.3884348607187738,220.02195071467796,0.0
2024-02-20 06:00:00,63.54010643543219,1.3284583987206602,218.8562623224907,0.0
2024-02-20 07:00:00,64.9693831988272,1.2316783911504936,217.77375349725625,0.0
2024-02-20 08:00:00,65.19015017791315,1.4607748291862759,221.34529022409404,0.0
2024-02-20 09:00:00,62.81482906027487,1.1342925555822918,221.33454398439767,0.0
2024-02-20 10:00:00,62.26223540546712,1.4170377832268723,221.32454449538162,0.0
2024-02-20 11:00:00,67.1041696814285,1.1230835112559574,220.85519263888114,0.0
2024-02-20 12:00:00,67.53581989112628,1.0237717382244476,221.88939774367893,0.0
2024-02-20 13:00:00,66.81134440865888,0.9988574039154957,222.81213855953928,0.0
2024-02-20 14:00:00,69.54595428297141,0.9871007157654094,216.24716430518697,0.0
2024-02-20 15:00:00,63.37468029196519,1.331813605760497,215.31640511226183,0.0
2024-02-20 16:00:00,70.0228122982134,1.0514508857805842,223.4358947197593,0.0
2024-02-20 17:00:00,62.297236644337545,0.9933942309930112,217.31790697082963,0.0
2024-02-20 18:00:00,61.96194330989452,1.342747043932272,217.82751342642075,0.0
2024-02-20 19:00:00,59.72012335355225,1.2655940780944466,219.42477137625016,0.0
2024-02-20 20:00:00,63.66261405851955,1.3925183965691603,216.6920568425738,0.0
2024-02-20 21:00:00,63.488832989511636,1.3025199022545597,219.23682660538472,0.0
2024-02-20 22:00:00,66.57781184076396,1.0493776839605375,218.10378931175467,0.0
2024-02-20 23:00:00,65.73167282486135,1.2152204832937175,219.533318260606,0.0
2024-02-21 00:00:00,61.42107988694259,1.2250265981539354,220.55968260981422,0.0
2024-02-21 01:00:00,63.821821284722546,1.0161682683051994,219.31292354914086,0.0
2024-02-21 02:00:00,63.885613936736945,0.9790750051812014,219.2119054292057,0.0
2024-02-21 03:00:00,59.67205325911432,1.063855678176459,220.5159915935833,0.0
2024-02-21 04:00:00,62.05715981895989,1.6073164713344161,222.0885835958999,0.0
2024-02-21 05:00:00,62.68755910815773,1.1174511811556902,223.20592869384333,0.0
2024-02-21 06:00:00,69.30087505946284,1.4465733582773428,219.56292349199558,0.0
2024-02-21 07:00:00,65.57435214787206,1.1062678981040404,223.64977830384646,0.0
2024-02-21 08:00:00,66.9865062618425,1.3777677639079984,221.7534136695225,0.0
2024-02-21 09:00:00,60.504093508552366,1.3804983311115695,217.53598309205364,0.0
2024-02-21 10:00:00,68.58264344904198,1.390518101590409,217.47758348877264,0.0
2024-02-21 11:00:00,68.90330618907228,1.2775654684017916,218.84542429879465,0.0
2024-02-21 12:00:00,59.004965098566124,1.4754733157562303,222.88920796671945,0.0
2024-02-21 13:00:00,62.88404982825246,1.2756707938705456,218.99726536886894,0.0
2024-02-21 14:00:00,66.48729671904653,1.5427059458680559,216.21528635098744,0.0
2024-02-21 15:00:00,66.93316536061455,0.8760160393623133,219.5422315822246,0.0
